[2026-06-23 16:32:22] local.ERROR: Unclosed '{' on line 14 {"exception":"[object] (ParseError(code: 0): Unclosed '{' on line 14 at /home/jaycee/Projects/Email-Marketing/app/Http/Controllers/CampaignController.php:130)
[stacktrace]
#0 /home/jaycee/Projects/Email-Marketing/vendor/composer/ClassLoader.php(427): Composer\\Autoload\\{closure}()
#1 [internal function]: Composer\\Autoload\\ClassLoader->loadClass()
#2 /home/jaycee/Projects/Email-Marketing/vendor/laravel/framework/src/Illuminate/Routing/Route.php(1125): is_a()
#3 /home/jaycee/Projects/Email-Marketing/vendor/laravel/framework/src/Illuminate/Routing/Route.php(1062): Illuminate\\Routing\\Route->controllerMiddleware()
#4 /home/jaycee/Projects/Email-Marketing/vendor/laravel/framework/src/Illuminate/Routing/Router.php(834): Illuminate\\Routing\\Route->gatherMiddleware()
#5 /home/jaycee/Projects/Email-Marketing/vendor/laravel/framework/src/Illuminate/Routing/Router.php(816): Illuminate\\Routing\\Router->gatherRouteMiddleware()
#6 /home/jaycee/Projects/Email-Marketing/vendor/laravel/framework/src/Illuminate/Routing/Router.php(800): Illuminate\\Routing\\Router->runRouteWithinStack()
#7 /home/jaycee/Projects/Email-Marketing/vendor/laravel/framework/src/Illuminate/Routing/Router.php(764): Illuminate\\Routing\\Router->runRoute()
#8 /home/jaycee/Projects/Email-Marketing/vendor/laravel/framework/src/Illuminate/Routing/Router.php(753): Illuminate\\Routing\\Router->dispatchToRoute()
#9 /home/jaycee/Projects/Email-Marketing/vendor/laravel/framework/src/Illuminate/Foundation/Http/Kernel.php(200): Illuminate\\Routing\\Router->dispatch()
#10 /home/jaycee/Projects/Email-Marketing/vendor/laravel/framework/src/Illuminate/Pipeline/Pipeline.php(180): Illuminate\\Foundation\\Http\\Kernel->Illuminate\\Foundation\\Http\\{closure}()
#11 /home/jaycee/Projects/Email-Marketing/vendor/laravel/framework/src/Illuminate/Foundation/Http/Middleware/TransformsRequest.php(21): Illuminate\\Pipeline\\Pipeline->Illuminate\\Pipeline\\{closure}()
#12 /home/jaycee/Projects/Email-Marketing/vendor/laravel/framework/src/Illuminate/Foundation/Http/Middleware/ConvertEmptyStringsToNull.php(31): Illuminate\\Foundation\\Http\\Middleware\\TransformsRequest->handle()
#13 /home/jaycee/Projects/Email-Marketing/vendor/laravel/framework/src/Illuminate/Pipeline/Pipeline.php(219): Illuminate\\Foundation\\Http\\Middleware\\ConvertEmptyStringsToNull->handle()
#14 /home/jaycee/Projects/Email-Marketing/vendor/laravel/framework/src/Illuminate/Foundation/Http/Middleware/TransformsRequest.php(21): Illuminate\\Pipeline\\Pipeline->Illuminate\\Pipeline\\{closure}()
#15 /home/jaycee/Projects/Email-Marketing/vendor/laravel/framework/src/Illuminate/Foundation/Http/Middleware/TrimStrings.php(51): Illuminate\\Foundation\\Http\\Middleware\\TransformsRequest->handle()
#16 /home/jaycee/Projects/Email-Marketing/vendor/laravel/framework/src/Illuminate/Pipeline/Pipeline.php(219): Illuminate\\Foundation\\Http\\Middleware\\TrimStrings->handle()
#17 /home/jaycee/Projects/Email-Marketing/vendor/laravel/framework/src/Illuminate/Http/Middleware/ValidatePostSize.php(27): Illuminate\\Pipeline\\Pipeline->Illuminate\\Pipeline\\{closure}()
#18 /home/jaycee/Projects/Email-Marketing/vendor/laravel/framework/src/Illuminate/Pipeline/Pipeline.php(219): Illuminate\\Http\\Middleware\\ValidatePostSize->handle()
#19 /home/jaycee/Projects/Email-Marketing/vendor/laravel/framework/src/Illuminate/Foundation/Http/Middleware/PreventRequestsDuringMaintenance.php(109): Illuminate\\Pipeline\\Pipeline->Illuminate\\Pipeline\\{closure}()
#20 /home/jaycee/Projects/Email-Marketing/vendor/laravel/framework/src/Illuminate/Pipeline/Pipeline.php(219): Illuminate\\Foundation\\Http\\Middleware\\PreventRequestsDuringMaintenance->handle()
#21 /home/jaycee/Projects/Email-Marketing/vendor/laravel/framework/src/Illuminate/Http/Middleware/HandleCors.php(48): Illuminate\\Pipeline\\Pipeline->Illuminate\\Pipeline\\{closure}()
#22 /home/jaycee/Projects/Email-Marketing/vendor/laravel/framework/src/Illuminate/Pipeline/Pipeline.php(219): Illuminate\\Http\\Middleware\\HandleCors->handle()
#23 /home/jaycee/Projects/Email-Marketing/vendor/laravel/framework/src/Illuminate/Http/Middleware/TrustProxies.php(58): Illuminate\\Pipeline\\Pipeline->Illuminate\\Pipeline\\{closure}()
#24 /home/jaycee/Projects/Email-Marketing/vendor/laravel/framework/src/Illuminate/Pipeline/Pipeline.php(219): Illuminate\\Http\\Middleware\\TrustProxies->handle()
#25 /home/jaycee/Projects/Email-Marketing/vendor/laravel/framework/src/Illuminate/Foundation/Http/Middleware/InvokeDeferredCallbacks.php(22): Illuminate\\Pipeline\\Pipeline->Illuminate\\Pipeline\\{closure}()
#26 /home/jaycee/Projects/Email-Marketing/vendor/laravel/framework/src/Illuminate/Pipeline/Pipeline.php(219): Illuminate\\Foundation\\Http\\Middleware\\InvokeDeferredCallbacks->handle()
#27 /home/jaycee/Projects/Email-Marketing/vendor/laravel/framework/src/Illuminate/Http/Middleware/ValidatePathEncoding.php(26): Illuminate\\Pipeline\\Pipeline->Illuminate\\Pipeline\\{closure}()
#28 /home/jaycee/Projects/Email-Marketing/vendor/laravel/framework/src/Illuminate/Pipeline/Pipeline.php(219): Illuminate\\Http\\Middleware\\ValidatePathEncoding->handle()
#29 /home/jaycee/Projects/Email-Marketing/vendor/laravel/framework/src/Illuminate/Pipeline/Pipeline.php(137): Illuminate\\Pipeline\\Pipeline->Illuminate\\Pipeline\\{closure}()
#30 /home/jaycee/Projects/Email-Marketing/vendor/laravel/framework/src/Illuminate/Foundation/Http/Kernel.php(175): Illuminate\\Pipeline\\Pipeline->then()
#31 /home/jaycee/Projects/Email-Marketing/vendor/laravel/framework/src/Illuminate/Foundation/Http/Kernel.php(144): Illuminate\\Foundation\\Http\\Kernel->sendRequestThroughRouter()
#32 /home/jaycee/Projects/Email-Marketing/vendor/laravel/framework/src/Illuminate/Foundation/Application.php(1220): Illuminate\\Foundation\\Http\\Kernel->handle()
#33 /home/jaycee/Projects/Email-Marketing/public/index.php(20): Illuminate\\Foundation\\Application->handleRequest()
#34 /home/jaycee/Projects/Email-Marketing/vendor/laravel/framework/src/Illuminate/Foundation/resources/server.php(23): require_once('...')
#35 {main}
"} 
[2026-06-23 17:06:45] local.ERROR: Unexpected end of input {"exception":"[object] (InvalidArgumentException(code: 0): Unexpected end of input at /home/jaycee/Projects/Email-Marketing/vendor/psy/psysh/src/Shell.php:891)
[stacktrace]
#0 /home/jaycee/Projects/Email-Marketing/vendor/psy/psysh/src/Shell.php(1394): Psy\\Shell->setCode()
#1 /home/jaycee/Projects/Email-Marketing/vendor/laravel/tinker/src/Console/TinkerCommand.php(76): Psy\\Shell->execute()
#2 /home/jaycee/Projects/Email-Marketing/vendor/laravel/framework/src/Illuminate/Container/BoundMethod.php(36): Laravel\\Tinker\\Console\\TinkerCommand->handle()
#3 /home/jaycee/Projects/Email-Marketing/vendor/laravel/framework/src/Illuminate/Container/Util.php(43): Illuminate\\Container\\BoundMethod::Illuminate\\Container\\{closure}()
#4 /home/jaycee/Projects/Email-Marketing/vendor/laravel/framework/src/Illuminate/Container/BoundMethod.php(96): Illuminate\\Container\\Util::unwrapIfClosure()
#5 /home/jaycee/Projects/Email-Marketing/vendor/laravel/framework/src/Illuminate/Container/BoundMethod.php(35): Illuminate\\Container\\BoundMethod::callBoundMethod()
#6 /home/jaycee/Projects/Email-Marketing/vendor/laravel/framework/src/Illuminate/Container/Container.php(836): Illuminate\\Container\\BoundMethod::call()
#7 /home/jaycee/Projects/Email-Marketing/vendor/laravel/framework/src/Illuminate/Console/Command.php(211): Illuminate\\Container\\Container->call()
#8 /home/jaycee/Projects/Email-Marketing/vendor/symfony/console/Command/Command.php(318): Illuminate\\Console\\Command->execute()
#9 /home/jaycee/Projects/Email-Marketing/vendor/laravel/framework/src/Illuminate/Console/Command.php(180): Symfony\\Component\\Console\\Command\\Command->run()
#10 /home/jaycee/Projects/Email-Marketing/vendor/symfony/console/Application.php(1110): Illuminate\\Console\\Command->run()
#11 /home/jaycee/Projects/Email-Marketing/vendor/symfony/console/Application.php(359): Symfony\\Component\\Console\\Application->doRunCommand()
#12 /home/jaycee/Projects/Email-Marketing/vendor/symfony/console/Application.php(194): Symfony\\Component\\Console\\Application->doRun()
#13 /home/jaycee/Projects/Email-Marketing/vendor/laravel/framework/src/Illuminate/Foundation/Console/Kernel.php(197): Symfony\\Component\\Console\\Application->run()
#14 /home/jaycee/Projects/Email-Marketing/vendor/laravel/framework/src/Illuminate/Foundation/Application.php(1235): Illuminate\\Foundation\\Console\\Kernel->handle()
#15 /home/jaycee/Projects/Email-Marketing/artisan(16): Illuminate\\Foundation\\Application->handleCommand()
#16 {main}
"} 
[2026-06-23 17:44:11] local.ERROR: Cannot use App\Mail\CampaignMail as CampaignMail because the name is already in use {"exception":"[object] (Symfony\\Component\\ErrorHandler\\Error\\FatalError(code: 0): Cannot use App\\Mail\\CampaignMail as CampaignMail because the name is already in use at /home/jaycee/Projects/Email-Marketing/app/Console/Commands/ProcessAutomations.php:6)
[stacktrace]
#0 {main}
"} 
[2026-06-24 06:39:46] local.ERROR: Unclosed '[' on line 256 does not match ')' (View: /home/jaycee/Projects/Email-Marketing/resources/views/campaigns/campaigns.blade.php) {"exception":"[object] (Illuminate\\View\\ViewException(code: 0): Unclosed '[' on line 256 does not match ')' (View: /home/jaycee/Projects/Email-Marketing/resources/views/campaigns/campaigns.blade.php) at /home/jaycee/Projects/Email-Marketing/storage/framework/views/7f3763ef7969a5b9b7effaf899c8fe04.php:257)
[stacktrace]
#0 /home/jaycee/Projects/Email-Marketing/vendor/laravel/framework/src/Illuminate/View/Engines/PhpEngine.php(59): Illuminate\\View\\Engines\\CompilerEngine->handleViewException()
#1 /home/jaycee/Projects/Email-Marketing/vendor/laravel/framework/src/Illuminate/View/Engines/CompilerEngine.php(76): Illuminate\\View\\Engines\\PhpEngine->evaluatePath()
#2 /home/jaycee/Projects/Email-Marketing/vendor/laravel/framework/src/Illuminate/View/View.php(208): Illuminate\\View\\Engines\\CompilerEngine->get()
#3 /home/jaycee/Projects/Email-Marketing/vendor/laravel/framework/src/Illuminate/View/View.php(191): Illuminate\\View\\View->getContents()
#4 /home/jaycee/Projects/Email-Marketing/vendor/laravel/framework/src/Illuminate/View/View.php(160): Illuminate\\View\\View->renderContents()
#5 /home/jaycee/Projects/Email-Marketing/vendor/laravel/framework/src/Illuminate/Http/Response.php(78): Illuminate\\View\\View->render()
#6 /home/jaycee/Projects/Email-Marketing/vendor/laravel/framework/src/Illuminate/Http/Response.php(34): Illuminate\\Http\\Response->setContent()
#7 /home/jaycee/Projects/Email-Marketing/vendor/laravel/framework/src/Illuminate/Routing/Router.php(939): Illuminate\\Http\\Response->__construct()
#8 /home/jaycee/Projects/Email-Marketing/vendor/laravel/framework/src/Illuminate/Routing/Router.php(906): Illuminate\\Routing\\Router::toResponse()
#9 /home/jaycee/Projects/Email-Marketing/vendor/laravel/framework/src/Illuminate/Routing/Router.php(821): Illuminate\\Routing\\Router->prepareResponse()
#10 /home/jaycee/Projects/Email-Marketing/vendor/laravel/framework/src/Illuminate/Pipeline/Pipeline.php(180): Illuminate\\Routing\\Router->Illuminate\\Routing\\{closure}()
#11 /home/jaycee/Projects/Email-Marketing/vendor/laravel/framework/src/Illuminate/Routing/Middleware/SubstituteBindings.php(50): Illuminate\\Pipeline\\Pipeline->Illuminate\\Pipeline\\{closure}()
#12 /home/jaycee/Projects/Email-Marketing/vendor/laravel/framework/src/Illuminate/Pipeline/Pipeline.php(219): Illuminate\\Routing\\Middleware\\SubstituteBindings->handle()
#13 /home/jaycee/Projects/Email-Marketing/vendor/laravel/framework/src/Illuminate/Foundation/Http/Middleware/VerifyCsrfToken.php(87): Illuminate\\Pipeline\\Pipeline->Illuminate\\Pipeline\\{closure}()
#14 /home/jaycee/Projects/Email-Marketing/vendor/laravel/framework/src/Illuminate/Pipeline/Pipeline.php(219): Illuminate\\Foundation\\Http\\Middleware\\VerifyCsrfToken->handle()
#15 /home/jaycee/Projects/Email-Marketing/vendor/laravel/framework/src/Illuminate/View/Middleware/ShareErrorsFromSession.php(48): Illuminate\\Pipeline\\Pipeline->Illuminate\\Pipeline\\{closure}()
#16 /home/jaycee/Projects/Email-Marketing/vendor/laravel/framework/src/Illuminate/Pipeline/Pipeline.php(219): Illuminate\\View\\Middleware\\ShareErrorsFromSession->handle()
#17 /home/jaycee/Projects/Email-Marketing/vendor/laravel/framework/src/Illuminate/Session/Middleware/StartSession.php(120): Illuminate\\Pipeline\\Pipeline->Illuminate\\Pipeline\\{closure}()
#18 /home/jaycee/Projects/Email-Marketing/vendor/laravel/framework/src/Illuminate/Session/Middleware/StartSession.php(63): Illuminate\\Session\\Middleware\\StartSession->handleStatefulRequest()
#19 /home/jaycee/Projects/Email-Marketing/vendor/laravel/framework/src/Illuminate/Pipeline/Pipeline.php(219): Illuminate\\Session\\Middleware\\StartSession->handle()
#20 /home/jaycee/Projects/Email-Marketing/vendor/laravel/framework/src/Illuminate/Cookie/Middleware/AddQueuedCookiesToResponse.php(36): Illuminate\\Pipeline\\Pipeline->Illuminate\\Pipeline\\{closure}()
#21 /home/jaycee/Projects/Email-Marketing/vendor/laravel/framework/src/Illuminate/Pipeline/Pipeline.php(219): Illuminate\\Cookie\\Middleware\\AddQueuedCookiesToResponse->handle()
#22 /home/jaycee/Projects/Email-Marketing/vendor/laravel/framework/src/Illuminate/Cookie/Middleware/EncryptCookies.php(74): Illuminate\\Pipeline\\Pipeline->Illuminate\\Pipeline\\{closure}()
#23 /home/jaycee/Projects/Email-Marketing/vendor/laravel/framework/src/Illuminate/Pipeline/Pipeline.php(219): Illuminate\\Cookie\\Middleware\\EncryptCookies->handle()
#24 /home/jaycee/Projects/Email-Marketing/vendor/laravel/framework/src/Illuminate/Pipeline/Pipeline.php(137): Illuminate\\Pipeline\\Pipeline->Illuminate\\Pipeline\\{closure}()
#25 /home/jaycee/Projects/Email-Marketing/vendor/laravel/framework/src/Illuminate/Routing/Router.php(821): Illuminate\\Pipeline\\Pipeline->then()
#26 /home/jaycee/Projects/Email-Marketing/vendor/laravel/framework/src/Illuminate/Routing/Router.php(800): Illuminate\\Routing\\Router->runRouteWithinStack()
#27 /home/jaycee/Projects/Email-Marketing/vendor/laravel/framework/src/Illuminate/Routing/Router.php(764): Illuminate\\Routing\\Router->runRoute()
#28 /home/jaycee/Projects/Email-Marketing/vendor/laravel/framework/src/Illuminate/Routing/Router.php(753): Illuminate\\Routing\\Router->dispatchToRoute()
#29 /home/jaycee/Projects/Email-Marketing/vendor/laravel/framework/src/Illuminate/Foundation/Http/Kernel.php(200): Illuminate\\Routing\\Router->dispatch()
#30 /home/jaycee/Projects/Email-Marketing/vendor/laravel/framework/src/Illuminate/Pipeline/Pipeline.php(180): Illuminate\\Foundation\\Http\\Kernel->Illuminate\\Foundation\\Http\\{closure}()
#31 /home/jaycee/Projects/Email-Marketing/vendor/laravel/framework/src/Illuminate/Foundation/Http/Middleware/TransformsRequest.php(21): Illuminate\\Pipeline\\Pipeline->Illuminate\\Pipeline\\{closure}()
#32 /home/jaycee/Projects/Email-Marketing/vendor/laravel/framework/src/Illuminate/Foundation/Http/Middleware/ConvertEmptyStringsToNull.php(31): Illuminate\\Foundation\\Http\\Middleware\\TransformsRequest->handle()
#33 /home/jaycee/Projects/Email-Marketing/vendor/laravel/framework/src/Illuminate/Pipeline/Pipeline.php(219): Illuminate\\Foundation\\Http\\Middleware\\ConvertEmptyStringsToNull->handle()
#34 /home/jaycee/Projects/Email-Marketing/vendor/laravel/framework/src/Illuminate/Foundation/Http/Middleware/TransformsRequest.php(21): Illuminate\\Pipeline\\Pipeline->Illuminate\\Pipeline\\{closure}()
#35 /home/jaycee/Projects/Email-Marketing/vendor/laravel/framework/src/Illuminate/Foundation/Http/Middleware/TrimStrings.php(51): Illuminate\\Foundation\\Http\\Middleware\\TransformsRequest->handle()
#36 /home/jaycee/Projects/Email-Marketing/vendor/laravel/framework/src/Illuminate/Pipeline/Pipeline.php(219): Illuminate\\Foundation\\Http\\Middleware\\TrimStrings->handle()
#37 /home/jaycee/Projects/Email-Marketing/vendor/laravel/framework/src/Illuminate/Http/Middleware/ValidatePostSize.php(27): Illuminate\\Pipeline\\Pipeline->Illuminate\\Pipeline\\{closure}()
#38 /home/jaycee/Projects/Email-Marketing/vendor/laravel/framework/src/Illuminate/Pipeline/Pipeline.php(219): Illuminate\\Http\\Middleware\\ValidatePostSize->handle()
#39 /home/jaycee/Projects/Email-Marketing/vendor/laravel/framework/src/Illuminate/Foundation/Http/Middleware/PreventRequestsDuringMaintenance.php(109): Illuminate\\Pipeline\\Pipeline->Illuminate\\Pipeline\\{closure}()
#40 /home/jaycee/Projects/Email-Marketing/vendor/laravel/framework/src/Illuminate/Pipeline/Pipeline.php(219): Illuminate\\Foundation\\Http\\Middleware\\PreventRequestsDuringMaintenance->handle()
#41 /home/jaycee/Projects/Email-Marketing/vendor/laravel/framework/src/Illuminate/Http/Middleware/HandleCors.php(48): Illuminate\\Pipeline\\Pipeline->Illuminate\\Pipeline\\{closure}()
#42 /home/jaycee/Projects/Email-Marketing/vendor/laravel/framework/src/Illuminate/Pipeline/Pipeline.php(219): Illuminate\\Http\\Middleware\\HandleCors->handle()
#43 /home/jaycee/Projects/Email-Marketing/vendor/laravel/framework/src/Illuminate/Http/Middleware/TrustProxies.php(58): Illuminate\\Pipeline\\Pipeline->Illuminate\\Pipeline\\{closure}()
#44 /home/jaycee/Projects/Email-Marketing/vendor/laravel/framework/src/Illuminate/Pipeline/Pipeline.php(219): Illuminate\\Http\\Middleware\\TrustProxies->handle()
#45 /home/jaycee/Projects/Email-Marketing/vendor/laravel/framework/src/Illuminate/Foundation/Http/Middleware/InvokeDeferredCallbacks.php(22): Illuminate\\Pipeline\\Pipeline->Illuminate\\Pipeline\\{closure}()
#46 /home/jaycee/Projects/Email-Marketing/vendor/laravel/framework/src/Illuminate/Pipeline/Pipeline.php(219): Illuminate\\Foundation\\Http\\Middleware\\InvokeDeferredCallbacks->handle()
#47 /home/jaycee/Projects/Email-Marketing/vendor/laravel/framework/src/Illuminate/Http/Middleware/ValidatePathEncoding.php(26): Illuminate\\Pipeline\\Pipeline->Illuminate\\Pipeline\\{closure}()
#48 /home/jaycee/Projects/Email-Marketing/vendor/laravel/framework/src/Illuminate/Pipeline/Pipeline.php(219): Illuminate\\Http\\Middleware\\ValidatePathEncoding->handle()
#49 /home/jaycee/Projects/Email-Marketing/vendor/laravel/framework/src/Illuminate/Pipeline/Pipeline.php(137): Illuminate\\Pipeline\\Pipeline->Illuminate\\Pipeline\\{closure}()
#50 /home/jaycee/Projects/Email-Marketing/vendor/laravel/framework/src/Illuminate/Foundation/Http/Kernel.php(175): Illuminate\\Pipeline\\Pipeline->then()
#51 /home/jaycee/Projects/Email-Marketing/vendor/laravel/framework/src/Illuminate/Foundation/Http/Kernel.php(144): Illuminate\\Foundation\\Http\\Kernel->sendRequestThroughRouter()
#52 /home/jaycee/Projects/Email-Marketing/vendor/laravel/framework/src/Illuminate/Foundation/Application.php(1220): Illuminate\\Foundation\\Http\\Kernel->handle()
#53 /home/jaycee/Projects/Email-Marketing/public/index.php(20): Illuminate\\Foundation\\Application->handleRequest()
#54 /home/jaycee/Projects/Email-Marketing/vendor/laravel/framework/src/Illuminate/Foundation/resources/server.php(23): require_once('...')
#55 {main}

[previous exception] [object] (ParseError(code: 0): Unclosed '[' on line 256 does not match ')' at /home/jaycee/Projects/Email-Marketing/storage/framework/views/7f3763ef7969a5b9b7effaf899c8fe04.php:257)
[stacktrace]
#0 /home/jaycee/Projects/Email-Marketing/vendor/laravel/framework/src/Illuminate/Filesystem/Filesystem.php(124): Illuminate\\Filesystem\\Filesystem::Illuminate\\Filesystem\\{closure}()
#1 /home/jaycee/Projects/Email-Marketing/vendor/laravel/framework/src/Illuminate/View/Engines/PhpEngine.php(57): Illuminate\\Filesystem\\Filesystem->getRequire()
#2 /home/jaycee/Projects/Email-Marketing/vendor/laravel/framework/src/Illuminate/View/Engines/CompilerEngine.php(76): Illuminate\\View\\Engines\\PhpEngine->evaluatePath()
#3 /home/jaycee/Projects/Email-Marketing/vendor/laravel/framework/src/Illuminate/View/View.php(208): Illuminate\\View\\Engines\\CompilerEngine->get()
#4 /home/jaycee/Projects/Email-Marketing/vendor/laravel/framework/src/Illuminate/View/View.php(191): Illuminate\\View\\View->getContents()
#5 /home/jaycee/Projects/Email-Marketing/vendor/laravel/framework/src/Illuminate/View/View.php(160): Illuminate\\View\\View->renderContents()
#6 /home/jaycee/Projects/Email-Marketing/vendor/laravel/framework/src/Illuminate/Http/Response.php(78): Illuminate\\View\\View->render()
#7 /home/jaycee/Projects/Email-Marketing/vendor/laravel/framework/src/Illuminate/Http/Response.php(34): Illuminate\\Http\\Response->setContent()
#8 /home/jaycee/Projects/Email-Marketing/vendor/laravel/framework/src/Illuminate/Routing/Router.php(939): Illuminate\\Http\\Response->__construct()
#9 /home/jaycee/Projects/Email-Marketing/vendor/laravel/framework/src/Illuminate/Routing/Router.php(906): Illuminate\\Routing\\Router::toResponse()
#10 /home/jaycee/Projects/Email-Marketing/vendor/laravel/framework/src/Illuminate/Routing/Router.php(821): Illuminate\\Routing\\Router->prepareResponse()
#11 /home/jaycee/Projects/Email-Marketing/vendor/laravel/framework/src/Illuminate/Pipeline/Pipeline.php(180): Illuminate\\Routing\\Router->Illuminate\\Routing\\{closure}()
#12 /home/jaycee/Projects/Email-Marketing/vendor/laravel/framework/src/Illuminate/Routing/Middleware/SubstituteBindings.php(50): Illuminate\\Pipeline\\Pipeline->Illuminate\\Pipeline\\{closure}()
#13 /home/jaycee/Projects/Email-Marketing/vendor/laravel/framework/src/Illuminate/Pipeline/Pipeline.php(219): Illuminate\\Routing\\Middleware\\SubstituteBindings->handle()
#14 /home/jaycee/Projects/Email-Marketing/vendor/laravel/framework/src/Illuminate/Foundation/Http/Middleware/VerifyCsrfToken.php(87): Illuminate\\Pipeline\\Pipeline->Illuminate\\Pipeline\\{closure}()
#15 /home/jaycee/Projects/Email-Marketing/vendor/laravel/framework/src/Illuminate/Pipeline/Pipeline.php(219): Illuminate\\Foundation\\Http\\Middleware\\VerifyCsrfToken->handle()
#16 /home/jaycee/Projects/Email-Marketing/vendor/laravel/framework/src/Illuminate/View/Middleware/ShareErrorsFromSession.php(48): Illuminate\\Pipeline\\Pipeline->Illuminate\\Pipeline\\{closure}()
#17 /home/jaycee/Projects/Email-Marketing/vendor/laravel/framework/src/Illuminate/Pipeline/Pipeline.php(219): Illuminate\\View\\Middleware\\ShareErrorsFromSession->handle()
#18 /home/jaycee/Projects/Email-Marketing/vendor/laravel/framework/src/Illuminate/Session/Middleware/StartSession.php(120): Illuminate\\Pipeline\\Pipeline->Illuminate\\Pipeline\\{closure}()
#19 /home/jaycee/Projects/Email-Marketing/vendor/laravel/framework/src/Illuminate/Session/Middleware/StartSession.php(63): Illuminate\\Session\\Middleware\\StartSession->handleStatefulRequest()
#20 /home/jaycee/Projects/Email-Marketing/vendor/laravel/framework/src/Illuminate/Pipeline/Pipeline.php(219): Illuminate\\Session\\Middleware\\StartSession->handle()
#21 /home/jaycee/Projects/Email-Marketing/vendor/laravel/framework/src/Illuminate/Cookie/Middleware/AddQueuedCookiesToResponse.php(36): Illuminate\\Pipeline\\Pipeline->Illuminate\\Pipeline\\{closure}()
#22 /home/jaycee/Projects/Email-Marketing/vendor/laravel/framework/src/Illuminate/Pipeline/Pipeline.php(219): Illuminate\\Cookie\\Middleware\\AddQueuedCookiesToResponse->handle()
#23 /home/jaycee/Projects/Email-Marketing/vendor/laravel/framework/src/Illuminate/Cookie/Middleware/EncryptCookies.php(74): Illuminate\\Pipeline\\Pipeline->Illuminate\\Pipeline\\{closure}()
#24 /home/jaycee/Projects/Email-Marketing/vendor/laravel/framework/src/Illuminate/Pipeline/Pipeline.php(219): Illuminate\\Cookie\\Middleware\\EncryptCookies->handle()
#25 /home/jaycee/Projects/Email-Marketing/vendor/laravel/framework/src/Illuminate/Pipeline/Pipeline.php(137): Illuminate\\Pipeline\\Pipeline->Illuminate\\Pipeline\\{closure}()
#26 /home/jaycee/Projects/Email-Marketing/vendor/laravel/framework/src/Illuminate/Routing/Router.php(821): Illuminate\\Pipeline\\Pipeline->then()
#27 /home/jaycee/Projects/Email-Marketing/vendor/laravel/framework/src/Illuminate/Routing/Router.php(800): Illuminate\\Routing\\Router->runRouteWithinStack()
#28 /home/jaycee/Projects/Email-Marketing/vendor/laravel/framework/src/Illuminate/Routing/Router.php(764): Illuminate\\Routing\\Router->runRoute()
#29 /home/jaycee/Projects/Email-Marketing/vendor/laravel/framework/src/Illuminate/Routing/Router.php(753): Illuminate\\Routing\\Router->dispatchToRoute()
#30 /home/jaycee/Projects/Email-Marketing/vendor/laravel/framework/src/Illuminate/Foundation/Http/Kernel.php(200): Illuminate\\Routing\\Router->dispatch()
#31 /home/jaycee/Projects/Email-Marketing/vendor/laravel/framework/src/Illuminate/Pipeline/Pipeline.php(180): Illuminate\\Foundation\\Http\\Kernel->Illuminate\\Foundation\\Http\\{closure}()
#32 /home/jaycee/Projects/Email-Marketing/vendor/laravel/framework/src/Illuminate/Foundation/Http/Middleware/TransformsRequest.php(21): Illuminate\\Pipeline\\Pipeline->Illuminate\\Pipeline\\{closure}()
#33 /home/jaycee/Projects/Email-Marketing/vendor/laravel/framework/src/Illuminate/Foundation/Http/Middleware/ConvertEmptyStringsToNull.php(31): Illuminate\\Foundation\\Http\\Middleware\\TransformsRequest->handle()
#34 /home/jaycee/Projects/Email-Marketing/vendor/laravel/framework/src/Illuminate/Pipeline/Pipeline.php(219): Illuminate\\Foundation\\Http\\Middleware\\ConvertEmptyStringsToNull->handle()
#35 /home/jaycee/Projects/Email-Marketing/vendor/laravel/framework/src/Illuminate/Foundation/Http/Middleware/TransformsRequest.php(21): Illuminate\\Pipeline\\Pipeline->Illuminate\\Pipeline\\{closure}()
#36 /home/jaycee/Projects/Email-Marketing/vendor/laravel/framework/src/Illuminate/Foundation/Http/Middleware/TrimStrings.php(51): Illuminate\\Foundation\\Http\\Middleware\\TransformsRequest->handle()
#37 /home/jaycee/Projects/Email-Marketing/vendor/laravel/framework/src/Illuminate/Pipeline/Pipeline.php(219): Illuminate\\Foundation\\Http\\Middleware\\TrimStrings->handle()
#38 /home/jaycee/Projects/Email-Marketing/vendor/laravel/framework/src/Illuminate/Http/Middleware/ValidatePostSize.php(27): Illuminate\\Pipeline\\Pipeline->Illuminate\\Pipeline\\{closure}()
#39 /home/jaycee/Projects/Email-Marketing/vendor/laravel/framework/src/Illuminate/Pipeline/Pipeline.php(219): Illuminate\\Http\\Middleware\\ValidatePostSize->handle()
#40 /home/jaycee/Projects/Email-Marketing/vendor/laravel/framework/src/Illuminate/Foundation/Http/Middleware/PreventRequestsDuringMaintenance.php(109): Illuminate\\Pipeline\\Pipeline->Illuminate\\Pipeline\\{closure}()
#41 /home/jaycee/Projects/Email-Marketing/vendor/laravel/framework/src/Illuminate/Pipeline/Pipeline.php(219): Illuminate\\Foundation\\Http\\Middleware\\PreventRequestsDuringMaintenance->handle()
#42 /home/jaycee/Projects/Email-Marketing/vendor/laravel/framework/src/Illuminate/Http/Middleware/HandleCors.php(48): Illuminate\\Pipeline\\Pipeline->Illuminate\\Pipeline\\{closure}()
#43 /home/jaycee/Projects/Email-Marketing/vendor/laravel/framework/src/Illuminate/Pipeline/Pipeline.php(219): Illuminate\\Http\\Middleware\\HandleCors->handle()
#44 /home/jaycee/Projects/Email-Marketing/vendor/laravel/framework/src/Illuminate/Http/Middleware/TrustProxies.php(58): Illuminate\\Pipeline\\Pipeline->Illuminate\\Pipeline\\{closure}()
#45 /home/jaycee/Projects/Email-Marketing/vendor/laravel/framework/src/Illuminate/Pipeline/Pipeline.php(219): Illuminate\\Http\\Middleware\\TrustProxies->handle()
#46 /home/jaycee/Projects/Email-Marketing/vendor/laravel/framework/src/Illuminate/Foundation/Http/Middleware/InvokeDeferredCallbacks.php(22): Illuminate\\Pipeline\\Pipeline->Illuminate\\Pipeline\\{closure}()
#47 /home/jaycee/Projects/Email-Marketing/vendor/laravel/framework/src/Illuminate/Pipeline/Pipeline.php(219): Illuminate\\Foundation\\Http\\Middleware\\InvokeDeferredCallbacks->handle()
#48 /home/jaycee/Projects/Email-Marketing/vendor/laravel/framework/src/Illuminate/Http/Middleware/ValidatePathEncoding.php(26): Illuminate\\Pipeline\\Pipeline->Illuminate\\Pipeline\\{closure}()
#49 /home/jaycee/Projects/Email-Marketing/vendor/laravel/framework/src/Illuminate/Pipeline/Pipeline.php(219): Illuminate\\Http\\Middleware\\ValidatePathEncoding->handle()
#50 /home/jaycee/Projects/Email-Marketing/vendor/laravel/framework/src/Illuminate/Pipeline/Pipeline.php(137): Illuminate\\Pipeline\\Pipeline->Illuminate\\Pipeline\\{closure}()
#51 /home/jaycee/Projects/Email-Marketing/vendor/laravel/framework/src/Illuminate/Foundation/Http/Kernel.php(175): Illuminate\\Pipeline\\Pipeline->then()
#52 /home/jaycee/Projects/Email-Marketing/vendor/laravel/framework/src/Illuminate/Foundation/Http/Kernel.php(144): Illuminate\\Foundation\\Http\\Kernel->sendRequestThroughRouter()
#53 /home/jaycee/Projects/Email-Marketing/vendor/laravel/framework/src/Illuminate/Foundation/Application.php(1220): Illuminate\\Foundation\\Http\\Kernel->handle()
#54 /home/jaycee/Projects/Email-Marketing/public/index.php(20): Illuminate\\Foundation\\Application->handleRequest()
#55 /home/jaycee/Projects/Email-Marketing/vendor/laravel/framework/src/Illuminate/Foundation/resources/server.php(23): require_once('...')
#56 {main}
"} 
[2026-06-24 06:39:48] local.ERROR: Unclosed '[' on line 256 does not match ')' (View: /home/jaycee/Projects/Email-Marketing/resources/views/campaigns/campaigns.blade.php) {"exception":"[object] (Illuminate\\View\\ViewException(code: 0): Unclosed '[' on line 256 does not match ')' (View: /home/jaycee/Projects/Email-Marketing/resources/views/campaigns/campaigns.blade.php) at /home/jaycee/Projects/Email-Marketing/storage/framework/views/7f3763ef7969a5b9b7effaf899c8fe04.php:257)
[stacktrace]
#0 /home/jaycee/Projects/Email-Marketing/vendor/laravel/framework/src/Illuminate/View/Engines/PhpEngine.php(59): Illuminate\\View\\Engines\\CompilerEngine->handleViewException()
#1 /home/jaycee/Projects/Email-Marketing/vendor/laravel/framework/src/Illuminate/View/Engines/CompilerEngine.php(76): Illuminate\\View\\Engines\\PhpEngine->evaluatePath()
#2 /home/jaycee/Projects/Email-Marketing/vendor/laravel/framework/src/Illuminate/View/View.php(208): Illuminate\\View\\Engines\\CompilerEngine->get()
#3 /home/jaycee/Projects/Email-Marketing/vendor/laravel/framework/src/Illuminate/View/View.php(191): Illuminate\\View\\View->getContents()
#4 /home/jaycee/Projects/Email-Marketing/vendor/laravel/framework/src/Illuminate/View/View.php(160): Illuminate\\View\\View->renderContents()
#5 /home/jaycee/Projects/Email-Marketing/vendor/laravel/framework/src/Illuminate/Http/Response.php(78): Illuminate\\View\\View->render()
#6 /home/jaycee/Projects/Email-Marketing/vendor/laravel/framework/src/Illuminate/Http/Response.php(34): Illuminate\\Http\\Response->setContent()
#7 /home/jaycee/Projects/Email-Marketing/vendor/laravel/framework/src/Illuminate/Routing/Router.php(939): Illuminate\\Http\\Response->__construct()
#8 /home/jaycee/Projects/Email-Marketing/vendor/laravel/framework/src/Illuminate/Routing/Router.php(906): Illuminate\\Routing\\Router::toResponse()
#9 /home/jaycee/Projects/Email-Marketing/vendor/laravel/framework/src/Illuminate/Routing/Router.php(821): Illuminate\\Routing\\Router->prepareResponse()
#10 /home/jaycee/Projects/Email-Marketing/vendor/laravel/framework/src/Illuminate/Pipeline/Pipeline.php(180): Illuminate\\Routing\\Router->Illuminate\\Routing\\{closure}()
#11 /home/jaycee/Projects/Email-Marketing/vendor/laravel/framework/src/Illuminate/Routing/Middleware/SubstituteBindings.php(50): Illuminate\\Pipeline\\Pipeline->Illuminate\\Pipeline\\{closure}()
#12 /home/jaycee/Projects/Email-Marketing/vendor/laravel/framework/src/Illuminate/Pipeline/Pipeline.php(219): Illuminate\\Routing\\Middleware\\SubstituteBindings->handle()
#13 /home/jaycee/Projects/Email-Marketing/vendor/laravel/framework/src/Illuminate/Foundation/Http/Middleware/VerifyCsrfToken.php(87): Illuminate\\Pipeline\\Pipeline->Illuminate\\Pipeline\\{closure}()
#14 /home/jaycee/Projects/Email-Marketing/vendor/laravel/framework/src/Illuminate/Pipeline/Pipeline.php(219): Illuminate\\Foundation\\Http\\Middleware\\VerifyCsrfToken->handle()
#15 /home/jaycee/Projects/Email-Marketing/vendor/laravel/framework/src/Illuminate/View/Middleware/ShareErrorsFromSession.php(48): Illuminate\\Pipeline\\Pipeline->Illuminate\\Pipeline\\{closure}()
#16 /home/jaycee/Projects/Email-Marketing/vendor/laravel/framework/src/Illuminate/Pipeline/Pipeline.php(219): Illuminate\\View\\Middleware\\ShareErrorsFromSession->handle()
#17 /home/jaycee/Projects/Email-Marketing/vendor/laravel/framework/src/Illuminate/Session/Middleware/StartSession.php(120): Illuminate\\Pipeline\\Pipeline->Illuminate\\Pipeline\\{closure}()
#18 /home/jaycee/Projects/Email-Marketing/vendor/laravel/framework/src/Illuminate/Session/Middleware/StartSession.php(63): Illuminate\\Session\\Middleware\\StartSession->handleStatefulRequest()
#19 /home/jaycee/Projects/Email-Marketing/vendor/laravel/framework/src/Illuminate/Pipeline/Pipeline.php(219): Illuminate\\Session\\Middleware\\StartSession->handle()
#20 /home/jaycee/Projects/Email-Marketing/vendor/laravel/framework/src/Illuminate/Cookie/Middleware/AddQueuedCookiesToResponse.php(36): Illuminate\\Pipeline\\Pipeline->Illuminate\\Pipeline\\{closure}()
#21 /home/jaycee/Projects/Email-Marketing/vendor/laravel/framework/src/Illuminate/Pipeline/Pipeline.php(219): Illuminate\\Cookie\\Middleware\\AddQueuedCookiesToResponse->handle()
#22 /home/jaycee/Projects/Email-Marketing/vendor/laravel/framework/src/Illuminate/Cookie/Middleware/EncryptCookies.php(74): Illuminate\\Pipeline\\Pipeline->Illuminate\\Pipeline\\{closure}()
#23 /home/jaycee/Projects/Email-Marketing/vendor/laravel/framework/src/Illuminate/Pipeline/Pipeline.php(219): Illuminate\\Cookie\\Middleware\\EncryptCookies->handle()
#24 /home/jaycee/Projects/Email-Marketing/vendor/laravel/framework/src/Illuminate/Pipeline/Pipeline.php(137): Illuminate\\Pipeline\\Pipeline->Illuminate\\Pipeline\\{closure}()
#25 /home/jaycee/Projects/Email-Marketing/vendor/laravel/framework/src/Illuminate/Routing/Router.php(821): Illuminate\\Pipeline\\Pipeline->then()
#26 /home/jaycee/Projects/Email-Marketing/vendor/laravel/framework/src/Illuminate/Routing/Router.php(800): Illuminate\\Routing\\Router->runRouteWithinStack()
#27 /home/jaycee/Projects/Email-Marketing/vendor/laravel/framework/src/Illuminate/Routing/Router.php(764): Illuminate\\Routing\\Router->runRoute()
#28 /home/jaycee/Projects/Email-Marketing/vendor/laravel/framework/src/Illuminate/Routing/Router.php(753): Illuminate\\Routing\\Router->dispatchToRoute()
#29 /home/jaycee/Projects/Email-Marketing/vendor/laravel/framework/src/Illuminate/Foundation/Http/Kernel.php(200): Illuminate\\Routing\\Router->dispatch()
#30 /home/jaycee/Projects/Email-Marketing/vendor/laravel/framework/src/Illuminate/Pipeline/Pipeline.php(180): Illuminate\\Foundation\\Http\\Kernel->Illuminate\\Foundation\\Http\\{closure}()
#31 /home/jaycee/Projects/Email-Marketing/vendor/laravel/framework/src/Illuminate/Foundation/Http/Middleware/TransformsRequest.php(21): Illuminate\\Pipeline\\Pipeline->Illuminate\\Pipeline\\{closure}()
#32 /home/jaycee/Projects/Email-Marketing/vendor/laravel/framework/src/Illuminate/Foundation/Http/Middleware/ConvertEmptyStringsToNull.php(31): Illuminate\\Foundation\\Http\\Middleware\\TransformsRequest->handle()
#33 /home/jaycee/Projects/Email-Marketing/vendor/laravel/framework/src/Illuminate/Pipeline/Pipeline.php(219): Illuminate\\Foundation\\Http\\Middleware\\ConvertEmptyStringsToNull->handle()
#34 /home/jaycee/Projects/Email-Marketing/vendor/laravel/framework/src/Illuminate/Foundation/Http/Middleware/TransformsRequest.php(21): Illuminate\\Pipeline\\Pipeline->Illuminate\\Pipeline\\{closure}()
#35 /home/jaycee/Projects/Email-Marketing/vendor/laravel/framework/src/Illuminate/Foundation/Http/Middleware/TrimStrings.php(51): Illuminate\\Foundation\\Http\\Middleware\\TransformsRequest->handle()
#36 /home/jaycee/Projects/Email-Marketing/vendor/laravel/framework/src/Illuminate/Pipeline/Pipeline.php(219): Illuminate\\Foundation\\Http\\Middleware\\TrimStrings->handle()
#37 /home/jaycee/Projects/Email-Marketing/vendor/laravel/framework/src/Illuminate/Http/Middleware/ValidatePostSize.php(27): Illuminate\\Pipeline\\Pipeline->Illuminate\\Pipeline\\{closure}()
#38 /home/jaycee/Projects/Email-Marketing/vendor/laravel/framework/src/Illuminate/Pipeline/Pipeline.php(219): Illuminate\\Http\\Middleware\\ValidatePostSize->handle()
#39 /home/jaycee/Projects/Email-Marketing/vendor/laravel/framework/src/Illuminate/Foundation/Http/Middleware/PreventRequestsDuringMaintenance.php(109): Illuminate\\Pipeline\\Pipeline->Illuminate\\Pipeline\\{closure}()
#40 /home/jaycee/Projects/Email-Marketing/vendor/laravel/framework/src/Illuminate/Pipeline/Pipeline.php(219): Illuminate\\Foundation\\Http\\Middleware\\PreventRequestsDuringMaintenance->handle()
#41 /home/jaycee/Projects/Email-Marketing/vendor/laravel/framework/src/Illuminate/Http/Middleware/HandleCors.php(48): Illuminate\\Pipeline\\Pipeline->Illuminate\\Pipeline\\{closure}()
#42 /home/jaycee/Projects/Email-Marketing/vendor/laravel/framework/src/Illuminate/Pipeline/Pipeline.php(219): Illuminate\\Http\\Middleware\\HandleCors->handle()
#43 /home/jaycee/Projects/Email-Marketing/vendor/laravel/framework/src/Illuminate/Http/Middleware/TrustProxies.php(58): Illuminate\\Pipeline\\Pipeline->Illuminate\\Pipeline\\{closure}()
#44 /home/jaycee/Projects/Email-Marketing/vendor/laravel/framework/src/Illuminate/Pipeline/Pipeline.php(219): Illuminate\\Http\\Middleware\\TrustProxies->handle()
#45 /home/jaycee/Projects/Email-Marketing/vendor/laravel/framework/src/Illuminate/Foundation/Http/Middleware/InvokeDeferredCallbacks.php(22): Illuminate\\Pipeline\\Pipeline->Illuminate\\Pipeline\\{closure}()
#46 /home/jaycee/Projects/Email-Marketing/vendor/laravel/framework/src/Illuminate/Pipeline/Pipeline.php(219): Illuminate\\Foundation\\Http\\Middleware\\InvokeDeferredCallbacks->handle()
#47 /home/jaycee/Projects/Email-Marketing/vendor/laravel/framework/src/Illuminate/Http/Middleware/ValidatePathEncoding.php(26): Illuminate\\Pipeline\\Pipeline->Illuminate\\Pipeline\\{closure}()
#48 /home/jaycee/Projects/Email-Marketing/vendor/laravel/framework/src/Illuminate/Pipeline/Pipeline.php(219): Illuminate\\Http\\Middleware\\ValidatePathEncoding->handle()
#49 /home/jaycee/Projects/Email-Marketing/vendor/laravel/framework/src/Illuminate/Pipeline/Pipeline.php(137): Illuminate\\Pipeline\\Pipeline->Illuminate\\Pipeline\\{closure}()
#50 /home/jaycee/Projects/Email-Marketing/vendor/laravel/framework/src/Illuminate/Foundation/Http/Kernel.php(175): Illuminate\\Pipeline\\Pipeline->then()
#51 /home/jaycee/Projects/Email-Marketing/vendor/laravel/framework/src/Illuminate/Foundation/Http/Kernel.php(144): Illuminate\\Foundation\\Http\\Kernel->sendRequestThroughRouter()
#52 /home/jaycee/Projects/Email-Marketing/vendor/laravel/framework/src/Illuminate/Foundation/Application.php(1220): Illuminate\\Foundation\\Http\\Kernel->handle()
#53 /home/jaycee/Projects/Email-Marketing/public/index.php(20): Illuminate\\Foundation\\Application->handleRequest()
#54 /home/jaycee/Projects/Email-Marketing/vendor/laravel/framework/src/Illuminate/Foundation/resources/server.php(23): require_once('...')
#55 {main}

[previous exception] [object] (ParseError(code: 0): Unclosed '[' on line 256 does not match ')' at /home/jaycee/Projects/Email-Marketing/storage/framework/views/7f3763ef7969a5b9b7effaf899c8fe04.php:257)
[stacktrace]
#0 /home/jaycee/Projects/Email-Marketing/vendor/laravel/framework/src/Illuminate/Filesystem/Filesystem.php(124): Illuminate\\Filesystem\\Filesystem::Illuminate\\Filesystem\\{closure}()
#1 /home/jaycee/Projects/Email-Marketing/vendor/laravel/framework/src/Illuminate/View/Engines/PhpEngine.php(57): Illuminate\\Filesystem\\Filesystem->getRequire()
#2 /home/jaycee/Projects/Email-Marketing/vendor/laravel/framework/src/Illuminate/View/Engines/CompilerEngine.php(76): Illuminate\\View\\Engines\\PhpEngine->evaluatePath()
#3 /home/jaycee/Projects/Email-Marketing/vendor/laravel/framework/src/Illuminate/View/View.php(208): Illuminate\\View\\Engines\\CompilerEngine->get()
#4 /home/jaycee/Projects/Email-Marketing/vendor/laravel/framework/src/Illuminate/View/View.php(191): Illuminate\\View\\View->getContents()
#5 /home/jaycee/Projects/Email-Marketing/vendor/laravel/framework/src/Illuminate/View/View.php(160): Illuminate\\View\\View->renderContents()
#6 /home/jaycee/Projects/Email-Marketing/vendor/laravel/framework/src/Illuminate/Http/Response.php(78): Illuminate\\View\\View->render()
#7 /home/jaycee/Projects/Email-Marketing/vendor/laravel/framework/src/Illuminate/Http/Response.php(34): Illuminate\\Http\\Response->setContent()
#8 /home/jaycee/Projects/Email-Marketing/vendor/laravel/framework/src/Illuminate/Routing/Router.php(939): Illuminate\\Http\\Response->__construct()
#9 /home/jaycee/Projects/Email-Marketing/vendor/laravel/framework/src/Illuminate/Routing/Router.php(906): Illuminate\\Routing\\Router::toResponse()
#10 /home/jaycee/Projects/Email-Marketing/vendor/laravel/framework/src/Illuminate/Routing/Router.php(821): Illuminate\\Routing\\Router->prepareResponse()
#11 /home/jaycee/Projects/Email-Marketing/vendor/laravel/framework/src/Illuminate/Pipeline/Pipeline.php(180): Illuminate\\Routing\\Router->Illuminate\\Routing\\{closure}()
#12 /home/jaycee/Projects/Email-Marketing/vendor/laravel/framework/src/Illuminate/Routing/Middleware/SubstituteBindings.php(50): Illuminate\\Pipeline\\Pipeline->Illuminate\\Pipeline\\{closure}()
#13 /home/jaycee/Projects/Email-Marketing/vendor/laravel/framework/src/Illuminate/Pipeline/Pipeline.php(219): Illuminate\\Routing\\Middleware\\SubstituteBindings->handle()
#14 /home/jaycee/Projects/Email-Marketing/vendor/laravel/framework/src/Illuminate/Foundation/Http/Middleware/VerifyCsrfToken.php(87): Illuminate\\Pipeline\\Pipeline->Illuminate\\Pipeline\\{closure}()
#15 /home/jaycee/Projects/Email-Marketing/vendor/laravel/framework/src/Illuminate/Pipeline/Pipeline.php(219): Illuminate\\Foundation\\Http\\Middleware\\VerifyCsrfToken->handle()
#16 /home/jaycee/Projects/Email-Marketing/vendor/laravel/framework/src/Illuminate/View/Middleware/ShareErrorsFromSession.php(48): Illuminate\\Pipeline\\Pipeline->Illuminate\\Pipeline\\{closure}()
#17 /home/jaycee/Projects/Email-Marketing/vendor/laravel/framework/src/Illuminate/Pipeline/Pipeline.php(219): Illuminate\\View\\Middleware\\ShareErrorsFromSession->handle()
#18 /home/jaycee/Projects/Email-Marketing/vendor/laravel/framework/src/Illuminate/Session/Middleware/StartSession.php(120): Illuminate\\Pipeline\\Pipeline->Illuminate\\Pipeline\\{closure}()
#19 /home/jaycee/Projects/Email-Marketing/vendor/laravel/framework/src/Illuminate/Session/Middleware/StartSession.php(63): Illuminate\\Session\\Middleware\\StartSession->handleStatefulRequest()
#20 /home/jaycee/Projects/Email-Marketing/vendor/laravel/framework/src/Illuminate/Pipeline/Pipeline.php(219): Illuminate\\Session\\Middleware\\StartSession->handle()
#21 /home/jaycee/Projects/Email-Marketing/vendor/laravel/framework/src/Illuminate/Cookie/Middleware/AddQueuedCookiesToResponse.php(36): Illuminate\\Pipeline\\Pipeline->Illuminate\\Pipeline\\{closure}()
#22 /home/jaycee/Projects/Email-Marketing/vendor/laravel/framework/src/Illuminate/Pipeline/Pipeline.php(219): Illuminate\\Cookie\\Middleware\\AddQueuedCookiesToResponse->handle()
#23 /home/jaycee/Projects/Email-Marketing/vendor/laravel/framework/src/Illuminate/Cookie/Middleware/EncryptCookies.php(74): Illuminate\\Pipeline\\Pipeline->Illuminate\\Pipeline\\{closure}()
#24 /home/jaycee/Projects/Email-Marketing/vendor/laravel/framework/src/Illuminate/Pipeline/Pipeline.php(219): Illuminate\\Cookie\\Middleware\\EncryptCookies->handle()
#25 /home/jaycee/Projects/Email-Marketing/vendor/laravel/framework/src/Illuminate/Pipeline/Pipeline.php(137): Illuminate\\Pipeline\\Pipeline->Illuminate\\Pipeline\\{closure}()
#26 /home/jaycee/Projects/Email-Marketing/vendor/laravel/framework/src/Illuminate/Routing/Router.php(821): Illuminate\\Pipeline\\Pipeline->then()
#27 /home/jaycee/Projects/Email-Marketing/vendor/laravel/framework/src/Illuminate/Routing/Router.php(800): Illuminate\\Routing\\Router->runRouteWithinStack()
#28 /home/jaycee/Projects/Email-Marketing/vendor/laravel/framework/src/Illuminate/Routing/Router.php(764): Illuminate\\Routing\\Router->runRoute()
#29 /home/jaycee/Projects/Email-Marketing/vendor/laravel/framework/src/Illuminate/Routing/Router.php(753): Illuminate\\Routing\\Router->dispatchToRoute()
#30 /home/jaycee/Projects/Email-Marketing/vendor/laravel/framework/src/Illuminate/Foundation/Http/Kernel.php(200): Illuminate\\Routing\\Router->dispatch()
#31 /home/jaycee/Projects/Email-Marketing/vendor/laravel/framework/src/Illuminate/Pipeline/Pipeline.php(180): Illuminate\\Foundation\\Http\\Kernel->Illuminate\\Foundation\\Http\\{closure}()
#32 /home/jaycee/Projects/Email-Marketing/vendor/laravel/framework/src/Illuminate/Foundation/Http/Middleware/TransformsRequest.php(21): Illuminate\\Pipeline\\Pipeline->Illuminate\\Pipeline\\{closure}()
#33 /home/jaycee/Projects/Email-Marketing/vendor/laravel/framework/src/Illuminate/Foundation/Http/Middleware/ConvertEmptyStringsToNull.php(31): Illuminate\\Foundation\\Http\\Middleware\\TransformsRequest->handle()
#34 /home/jaycee/Projects/Email-Marketing/vendor/laravel/framework/src/Illuminate/Pipeline/Pipeline.php(219): Illuminate\\Foundation\\Http\\Middleware\\ConvertEmptyStringsToNull->handle()
#35 /home/jaycee/Projects/Email-Marketing/vendor/laravel/framework/src/Illuminate/Foundation/Http/Middleware/TransformsRequest.php(21): Illuminate\\Pipeline\\Pipeline->Illuminate\\Pipeline\\{closure}()
#36 /home/jaycee/Projects/Email-Marketing/vendor/laravel/framework/src/Illuminate/Foundation/Http/Middleware/TrimStrings.php(51): Illuminate\\Foundation\\Http\\Middleware\\TransformsRequest->handle()
#37 /home/jaycee/Projects/Email-Marketing/vendor/laravel/framework/src/Illuminate/Pipeline/Pipeline.php(219): Illuminate\\Foundation\\Http\\Middleware\\TrimStrings->handle()
#38 /home/jaycee/Projects/Email-Marketing/vendor/laravel/framework/src/Illuminate/Http/Middleware/ValidatePostSize.php(27): Illuminate\\Pipeline\\Pipeline->Illuminate\\Pipeline\\{closure}()
#39 /home/jaycee/Projects/Email-Marketing/vendor/laravel/framework/src/Illuminate/Pipeline/Pipeline.php(219): Illuminate\\Http\\Middleware\\ValidatePostSize->handle()
#40 /home/jaycee/Projects/Email-Marketing/vendor/laravel/framework/src/Illuminate/Foundation/Http/Middleware/PreventRequestsDuringMaintenance.php(109): Illuminate\\Pipeline\\Pipeline->Illuminate\\Pipeline\\{closure}()
#41 /home/jaycee/Projects/Email-Marketing/vendor/laravel/framework/src/Illuminate/Pipeline/Pipeline.php(219): Illuminate\\Foundation\\Http\\Middleware\\PreventRequestsDuringMaintenance->handle()
#42 /home/jaycee/Projects/Email-Marketing/vendor/laravel/framework/src/Illuminate/Http/Middleware/HandleCors.php(48): Illuminate\\Pipeline\\Pipeline->Illuminate\\Pipeline\\{closure}()
#43 /home/jaycee/Projects/Email-Marketing/vendor/laravel/framework/src/Illuminate/Pipeline/Pipeline.php(219): Illuminate\\Http\\Middleware\\HandleCors->handle()
#44 /home/jaycee/Projects/Email-Marketing/vendor/laravel/framework/src/Illuminate/Http/Middleware/TrustProxies.php(58): Illuminate\\Pipeline\\Pipeline->Illuminate\\Pipeline\\{closure}()
#45 /home/jaycee/Projects/Email-Marketing/vendor/laravel/framework/src/Illuminate/Pipeline/Pipeline.php(219): Illuminate\\Http\\Middleware\\TrustProxies->handle()
#46 /home/jaycee/Projects/Email-Marketing/vendor/laravel/framework/src/Illuminate/Foundation/Http/Middleware/InvokeDeferredCallbacks.php(22): Illuminate\\Pipeline\\Pipeline->Illuminate\\Pipeline\\{closure}()
#47 /home/jaycee/Projects/Email-Marketing/vendor/laravel/framework/src/Illuminate/Pipeline/Pipeline.php(219): Illuminate\\Foundation\\Http\\Middleware\\InvokeDeferredCallbacks->handle()
#48 /home/jaycee/Projects/Email-Marketing/vendor/laravel/framework/src/Illuminate/Http/Middleware/ValidatePathEncoding.php(26): Illuminate\\Pipeline\\Pipeline->Illuminate\\Pipeline\\{closure}()
#49 /home/jaycee/Projects/Email-Marketing/vendor/laravel/framework/src/Illuminate/Pipeline/Pipeline.php(219): Illuminate\\Http\\Middleware\\ValidatePathEncoding->handle()
#50 /home/jaycee/Projects/Email-Marketing/vendor/laravel/framework/src/Illuminate/Pipeline/Pipeline.php(137): Illuminate\\Pipeline\\Pipeline->Illuminate\\Pipeline\\{closure}()
#51 /home/jaycee/Projects/Email-Marketing/vendor/laravel/framework/src/Illuminate/Foundation/Http/Kernel.php(175): Illuminate\\Pipeline\\Pipeline->then()
#52 /home/jaycee/Projects/Email-Marketing/vendor/laravel/framework/src/Illuminate/Foundation/Http/Kernel.php(144): Illuminate\\Foundation\\Http\\Kernel->sendRequestThroughRouter()
#53 /home/jaycee/Projects/Email-Marketing/vendor/laravel/framework/src/Illuminate/Foundation/Application.php(1220): Illuminate\\Foundation\\Http\\Kernel->handle()
#54 /home/jaycee/Projects/Email-Marketing/public/index.php(20): Illuminate\\Foundation\\Application->handleRequest()
#55 /home/jaycee/Projects/Email-Marketing/vendor/laravel/framework/src/Illuminate/Foundation/resources/server.php(23): require_once('...')
#56 {main}
"} 
[2026-06-24 09:06:10] local.ERROR: No arguments expected for "db:show" command, got "--table=labels". {"exception":"[object] (Symfony\\Component\\Console\\Exception\\RuntimeException(code: 0): No arguments expected for \"db:show\" command, got \"--table=labels\". at /home/jaycee/Projects/Email-Marketing/vendor/symfony/console/Input/ArgvInput.php:199)
[stacktrace]
#0 /home/jaycee/Projects/Email-Marketing/vendor/symfony/console/Input/ArgvInput.php(92): Symfony\\Component\\Console\\Input\\ArgvInput->parseArgument()
#1 /home/jaycee/Projects/Email-Marketing/vendor/symfony/console/Input/ArgvInput.php(77): Symfony\\Component\\Console\\Input\\ArgvInput->parseToken()
#2 /home/jaycee/Projects/Email-Marketing/vendor/symfony/console/Input/Input.php(53): Symfony\\Component\\Console\\Input\\ArgvInput->parse()
#3 /home/jaycee/Projects/Email-Marketing/vendor/symfony/console/Command/Command.php(276): Symfony\\Component\\Console\\Input\\Input->bind()
#4 /home/jaycee/Projects/Email-Marketing/vendor/laravel/framework/src/Illuminate/Console/Command.php(180): Symfony\\Component\\Console\\Command\\Command->run()
#5 /home/jaycee/Projects/Email-Marketing/vendor/symfony/console/Application.php(1110): Illuminate\\Console\\Command->run()
#6 /home/jaycee/Projects/Email-Marketing/vendor/symfony/console/Application.php(359): Symfony\\Component\\Console\\Application->doRunCommand()
#7 /home/jaycee/Projects/Email-Marketing/vendor/symfony/console/Application.php(194): Symfony\\Component\\Console\\Application->doRun()
#8 /home/jaycee/Projects/Email-Marketing/vendor/laravel/framework/src/Illuminate/Foundation/Console/Kernel.php(197): Symfony\\Component\\Console\\Application->run()
#9 /home/jaycee/Projects/Email-Marketing/vendor/laravel/framework/src/Illuminate/Foundation/Application.php(1235): Illuminate\\Foundation\\Console\\Kernel->handle()
#10 /home/jaycee/Projects/Email-Marketing/artisan(16): Illuminate\\Foundation\\Application->handleCommand()
#11 {main}
"} 
[2026-06-24 09:39:10] local.ERROR: Attempt to read property "name" on null (View: /home/jaycee/Projects/Email-Marketing/resources/views/profile/index.blade.php) {"exception":"[object] (Illuminate\\View\\ViewException(code: 0): Attempt to read property \"name\" on null (View: /home/jaycee/Projects/Email-Marketing/resources/views/profile/index.blade.php) at /home/jaycee/Projects/Email-Marketing/storage/framework/views/fdd37c1b01de87958ee9cdd3948b8112.php:39)
[stacktrace]
#0 /home/jaycee/Projects/Email-Marketing/vendor/laravel/framework/src/Illuminate/View/Engines/PhpEngine.php(59): Illuminate\\View\\Engines\\CompilerEngine->handleViewException()
#1 /home/jaycee/Projects/Email-Marketing/vendor/laravel/framework/src/Illuminate/View/Engines/CompilerEngine.php(76): Illuminate\\View\\Engines\\PhpEngine->evaluatePath()
#2 /home/jaycee/Projects/Email-Marketing/vendor/laravel/framework/src/Illuminate/View/View.php(208): Illuminate\\View\\Engines\\CompilerEngine->get()
#3 /home/jaycee/Projects/Email-Marketing/vendor/laravel/framework/src/Illuminate/View/View.php(191): Illuminate\\View\\View->getContents()
#4 /home/jaycee/Projects/Email-Marketing/vendor/laravel/framework/src/Illuminate/View/View.php(160): Illuminate\\View\\View->renderContents()
#5 /home/jaycee/Projects/Email-Marketing/vendor/laravel/framework/src/Illuminate/Http/Response.php(78): Illuminate\\View\\View->render()
#6 /home/jaycee/Projects/Email-Marketing/vendor/laravel/framework/src/Illuminate/Http/Response.php(34): Illuminate\\Http\\Response->setContent()
#7 /home/jaycee/Projects/Email-Marketing/vendor/laravel/framework/src/Illuminate/Routing/Router.php(939): Illuminate\\Http\\Response->__construct()
#8 /home/jaycee/Projects/Email-Marketing/vendor/laravel/framework/src/Illuminate/Routing/Router.php(906): Illuminate\\Routing\\Router::toResponse()
#9 /home/jaycee/Projects/Email-Marketing/vendor/laravel/framework/src/Illuminate/Routing/Router.php(821): Illuminate\\Routing\\Router->prepareResponse()
#10 /home/jaycee/Projects/Email-Marketing/vendor/laravel/framework/src/Illuminate/Pipeline/Pipeline.php(180): Illuminate\\Routing\\Router->Illuminate\\Routing\\{closure}()
#11 /home/jaycee/Projects/Email-Marketing/vendor/laravel/framework/src/Illuminate/Routing/Middleware/SubstituteBindings.php(50): Illuminate\\Pipeline\\Pipeline->Illuminate\\Pipeline\\{closure}()
#12 /home/jaycee/Projects/Email-Marketing/vendor/laravel/framework/src/Illuminate/Pipeline/Pipeline.php(219): Illuminate\\Routing\\Middleware\\SubstituteBindings->handle()
#13 /home/jaycee/Projects/Email-Marketing/vendor/laravel/framework/src/Illuminate/Foundation/Http/Middleware/VerifyCsrfToken.php(87): Illuminate\\Pipeline\\Pipeline->Illuminate\\Pipeline\\{closure}()
#14 /home/jaycee/Projects/Email-Marketing/vendor/laravel/framework/src/Illuminate/Pipeline/Pipeline.php(219): Illuminate\\Foundation\\Http\\Middleware\\VerifyCsrfToken->handle()
#15 /home/jaycee/Projects/Email-Marketing/vendor/laravel/framework/src/Illuminate/View/Middleware/ShareErrorsFromSession.php(48): Illuminate\\Pipeline\\Pipeline->Illuminate\\Pipeline\\{closure}()
#16 /home/jaycee/Projects/Email-Marketing/vendor/laravel/framework/src/Illuminate/Pipeline/Pipeline.php(219): Illuminate\\View\\Middleware\\ShareErrorsFromSession->handle()
#17 /home/jaycee/Projects/Email-Marketing/vendor/laravel/framework/src/Illuminate/Session/Middleware/StartSession.php(120): Illuminate\\Pipeline\\Pipeline->Illuminate\\Pipeline\\{closure}()
#18 /home/jaycee/Projects/Email-Marketing/vendor/laravel/framework/src/Illuminate/Session/Middleware/StartSession.php(63): Illuminate\\Session\\Middleware\\StartSession->handleStatefulRequest()
#19 /home/jaycee/Projects/Email-Marketing/vendor/laravel/framework/src/Illuminate/Pipeline/Pipeline.php(219): Illuminate\\Session\\Middleware\\StartSession->handle()
#20 /home/jaycee/Projects/Email-Marketing/vendor/laravel/framework/src/Illuminate/Cookie/Middleware/AddQueuedCookiesToResponse.php(36): Illuminate\\Pipeline\\Pipeline->Illuminate\\Pipeline\\{closure}()
#21 /home/jaycee/Projects/Email-Marketing/vendor/laravel/framework/src/Illuminate/Pipeline/Pipeline.php(219): Illuminate\\Cookie\\Middleware\\AddQueuedCookiesToResponse->handle()
#22 /home/jaycee/Projects/Email-Marketing/vendor/laravel/framework/src/Illuminate/Cookie/Middleware/EncryptCookies.php(74): Illuminate\\Pipeline\\Pipeline->Illuminate\\Pipeline\\{closure}()
#23 /home/jaycee/Projects/Email-Marketing/vendor/laravel/framework/src/Illuminate/Pipeline/Pipeline.php(219): Illuminate\\Cookie\\Middleware\\EncryptCookies->handle()
#24 /home/jaycee/Projects/Email-Marketing/vendor/laravel/framework/src/Illuminate/Pipeline/Pipeline.php(137): Illuminate\\Pipeline\\Pipeline->Illuminate\\Pipeline\\{closure}()
#25 /home/jaycee/Projects/Email-Marketing/vendor/laravel/framework/src/Illuminate/Routing/Router.php(821): Illuminate\\Pipeline\\Pipeline->then()
#26 /home/jaycee/Projects/Email-Marketing/vendor/laravel/framework/src/Illuminate/Routing/Router.php(800): Illuminate\\Routing\\Router->runRouteWithinStack()
#27 /home/jaycee/Projects/Email-Marketing/vendor/laravel/framework/src/Illuminate/Routing/Router.php(764): Illuminate\\Routing\\Router->runRoute()
#28 /home/jaycee/Projects/Email-Marketing/vendor/laravel/framework/src/Illuminate/Routing/Router.php(753): Illuminate\\Routing\\Router->dispatchToRoute()
#29 /home/jaycee/Projects/Email-Marketing/vendor/laravel/framework/src/Illuminate/Foundation/Http/Kernel.php(200): Illuminate\\Routing\\Router->dispatch()
#30 /home/jaycee/Projects/Email-Marketing/vendor/laravel/framework/src/Illuminate/Pipeline/Pipeline.php(180): Illuminate\\Foundation\\Http\\Kernel->Illuminate\\Foundation\\Http\\{closure}()
#31 /home/jaycee/Projects/Email-Marketing/vendor/laravel/framework/src/Illuminate/Foundation/Http/Middleware/TransformsRequest.php(21): Illuminate\\Pipeline\\Pipeline->Illuminate\\Pipeline\\{closure}()
#32 /home/jaycee/Projects/Email-Marketing/vendor/laravel/framework/src/Illuminate/Foundation/Http/Middleware/ConvertEmptyStringsToNull.php(31): Illuminate\\Foundation\\Http\\Middleware\\TransformsRequest->handle()
#33 /home/jaycee/Projects/Email-Marketing/vendor/laravel/framework/src/Illuminate/Pipeline/Pipeline.php(219): Illuminate\\Foundation\\Http\\Middleware\\ConvertEmptyStringsToNull->handle()
#34 /home/jaycee/Projects/Email-Marketing/vendor/laravel/framework/src/Illuminate/Foundation/Http/Middleware/TransformsRequest.php(21): Illuminate\\Pipeline\\Pipeline->Illuminate\\Pipeline\\{closure}()
#35 /home/jaycee/Projects/Email-Marketing/vendor/laravel/framework/src/Illuminate/Foundation/Http/Middleware/TrimStrings.php(51): Illuminate\\Foundation\\Http\\Middleware\\TransformsRequest->handle()
#36 /home/jaycee/Projects/Email-Marketing/vendor/laravel/framework/src/Illuminate/Pipeline/Pipeline.php(219): Illuminate\\Foundation\\Http\\Middleware\\TrimStrings->handle()
#37 /home/jaycee/Projects/Email-Marketing/vendor/laravel/framework/src/Illuminate/Http/Middleware/ValidatePostSize.php(27): Illuminate\\Pipeline\\Pipeline->Illuminate\\Pipeline\\{closure}()
#38 /home/jaycee/Projects/Email-Marketing/vendor/laravel/framework/src/Illuminate/Pipeline/Pipeline.php(219): Illuminate\\Http\\Middleware\\ValidatePostSize->handle()
#39 /home/jaycee/Projects/Email-Marketing/vendor/laravel/framework/src/Illuminate/Foundation/Http/Middleware/PreventRequestsDuringMaintenance.php(109): Illuminate\\Pipeline\\Pipeline->Illuminate\\Pipeline\\{closure}()
#40 /home/jaycee/Projects/Email-Marketing/vendor/laravel/framework/src/Illuminate/Pipeline/Pipeline.php(219): Illuminate\\Foundation\\Http\\Middleware\\PreventRequestsDuringMaintenance->handle()
#41 /home/jaycee/Projects/Email-Marketing/vendor/laravel/framework/src/Illuminate/Http/Middleware/HandleCors.php(48): Illuminate\\Pipeline\\Pipeline->Illuminate\\Pipeline\\{closure}()
#42 /home/jaycee/Projects/Email-Marketing/vendor/laravel/framework/src/Illuminate/Pipeline/Pipeline.php(219): Illuminate\\Http\\Middleware\\HandleCors->handle()
#43 /home/jaycee/Projects/Email-Marketing/vendor/laravel/framework/src/Illuminate/Http/Middleware/TrustProxies.php(58): Illuminate\\Pipeline\\Pipeline->Illuminate\\Pipeline\\{closure}()
#44 /home/jaycee/Projects/Email-Marketing/vendor/laravel/framework/src/Illuminate/Pipeline/Pipeline.php(219): Illuminate\\Http\\Middleware\\TrustProxies->handle()
#45 /home/jaycee/Projects/Email-Marketing/vendor/laravel/framework/src/Illuminate/Foundation/Http/Middleware/InvokeDeferredCallbacks.php(22): Illuminate\\Pipeline\\Pipeline->Illuminate\\Pipeline\\{closure}()
#46 /home/jaycee/Projects/Email-Marketing/vendor/laravel/framework/src/Illuminate/Pipeline/Pipeline.php(219): Illuminate\\Foundation\\Http\\Middleware\\InvokeDeferredCallbacks->handle()
#47 /home/jaycee/Projects/Email-Marketing/vendor/laravel/framework/src/Illuminate/Http/Middleware/ValidatePathEncoding.php(26): Illuminate\\Pipeline\\Pipeline->Illuminate\\Pipeline\\{closure}()
#48 /home/jaycee/Projects/Email-Marketing/vendor/laravel/framework/src/Illuminate/Pipeline/Pipeline.php(219): Illuminate\\Http\\Middleware\\ValidatePathEncoding->handle()
#49 /home/jaycee/Projects/Email-Marketing/vendor/laravel/framework/src/Illuminate/Pipeline/Pipeline.php(137): Illuminate\\Pipeline\\Pipeline->Illuminate\\Pipeline\\{closure}()
#50 /home/jaycee/Projects/Email-Marketing/vendor/laravel/framework/src/Illuminate/Foundation/Http/Kernel.php(175): Illuminate\\Pipeline\\Pipeline->then()
#51 /home/jaycee/Projects/Email-Marketing/vendor/laravel/framework/src/Illuminate/Foundation/Http/Kernel.php(144): Illuminate\\Foundation\\Http\\Kernel->sendRequestThroughRouter()
#52 /home/jaycee/Projects/Email-Marketing/vendor/laravel/framework/src/Illuminate/Foundation/Application.php(1220): Illuminate\\Foundation\\Http\\Kernel->handle()
#53 /home/jaycee/Projects/Email-Marketing/public/index.php(20): Illuminate\\Foundation\\Application->handleRequest()
#54 /home/jaycee/Projects/Email-Marketing/vendor/laravel/framework/src/Illuminate/Foundation/resources/server.php(23): require_once('...')
#55 {main}

[previous exception] [object] (ErrorException(code: 0): Attempt to read property \"name\" on null at /home/jaycee/Projects/Email-Marketing/storage/framework/views/fdd37c1b01de87958ee9cdd3948b8112.php:39)
[stacktrace]
#0 /home/jaycee/Projects/Email-Marketing/vendor/laravel/framework/src/Illuminate/Foundation/Bootstrap/HandleExceptions.php(258): Illuminate\\Foundation\\Bootstrap\\HandleExceptions->handleError()
#1 /home/jaycee/Projects/Email-Marketing/storage/framework/views/fdd37c1b01de87958ee9cdd3948b8112.php(39): Illuminate\\Foundation\\Bootstrap\\HandleExceptions->Illuminate\\Foundation\\Bootstrap\\{closure}()
#2 /home/jaycee/Projects/Email-Marketing/vendor/laravel/framework/src/Illuminate/Filesystem/Filesystem.php(123): require('...')
#3 /home/jaycee/Projects/Email-Marketing/vendor/laravel/framework/src/Illuminate/Filesystem/Filesystem.php(124): Illuminate\\Filesystem\\Filesystem::Illuminate\\Filesystem\\{closure}()
#4 /home/jaycee/Projects/Email-Marketing/vendor/laravel/framework/src/Illuminate/View/Engines/PhpEngine.php(57): Illuminate\\Filesystem\\Filesystem->getRequire()
#5 /home/jaycee/Projects/Email-Marketing/vendor/laravel/framework/src/Illuminate/View/Engines/CompilerEngine.php(76): Illuminate\\View\\Engines\\PhpEngine->evaluatePath()
#6 /home/jaycee/Projects/Email-Marketing/vendor/laravel/framework/src/Illuminate/View/View.php(208): Illuminate\\View\\Engines\\CompilerEngine->get()
#7 /home/jaycee/Projects/Email-Marketing/vendor/laravel/framework/src/Illuminate/View/View.php(191): Illuminate\\View\\View->getContents()
#8 /home/jaycee/Projects/Email-Marketing/vendor/laravel/framework/src/Illuminate/View/View.php(160): Illuminate\\View\\View->renderContents()
#9 /home/jaycee/Projects/Email-Marketing/vendor/laravel/framework/src/Illuminate/Http/Response.php(78): Illuminate\\View\\View->render()
#10 /home/jaycee/Projects/Email-Marketing/vendor/laravel/framework/src/Illuminate/Http/Response.php(34): Illuminate\\Http\\Response->setContent()
#11 /home/jaycee/Projects/Email-Marketing/vendor/laravel/framework/src/Illuminate/Routing/Router.php(939): Illuminate\\Http\\Response->__construct()
#12 /home/jaycee/Projects/Email-Marketing/vendor/laravel/framework/src/Illuminate/Routing/Router.php(906): Illuminate\\Routing\\Router::toResponse()
#13 /home/jaycee/Projects/Email-Marketing/vendor/laravel/framework/src/Illuminate/Routing/Router.php(821): Illuminate\\Routing\\Router->prepareResponse()
#14 /home/jaycee/Projects/Email-Marketing/vendor/laravel/framework/src/Illuminate/Pipeline/Pipeline.php(180): Illuminate\\Routing\\Router->Illuminate\\Routing\\{closure}()
#15 /home/jaycee/Projects/Email-Marketing/vendor/laravel/framework/src/Illuminate/Routing/Middleware/SubstituteBindings.php(50): Illuminate\\Pipeline\\Pipeline->Illuminate\\Pipeline\\{closure}()
#16 /home/jaycee/Projects/Email-Marketing/vendor/laravel/framework/src/Illuminate/Pipeline/Pipeline.php(219): Illuminate\\Routing\\Middleware\\SubstituteBindings->handle()
#17 /home/jaycee/Projects/Email-Marketing/vendor/laravel/framework/src/Illuminate/Foundation/Http/Middleware/VerifyCsrfToken.php(87): Illuminate\\Pipeline\\Pipeline->Illuminate\\Pipeline\\{closure}()
#18 /home/jaycee/Projects/Email-Marketing/vendor/laravel/framework/src/Illuminate/Pipeline/Pipeline.php(219): Illuminate\\Foundation\\Http\\Middleware\\VerifyCsrfToken->handle()
#19 /home/jaycee/Projects/Email-Marketing/vendor/laravel/framework/src/Illuminate/View/Middleware/ShareErrorsFromSession.php(48): Illuminate\\Pipeline\\Pipeline->Illuminate\\Pipeline\\{closure}()
#20 /home/jaycee/Projects/Email-Marketing/vendor/laravel/framework/src/Illuminate/Pipeline/Pipeline.php(219): Illuminate\\View\\Middleware\\ShareErrorsFromSession->handle()
#21 /home/jaycee/Projects/Email-Marketing/vendor/laravel/framework/src/Illuminate/Session/Middleware/StartSession.php(120): Illuminate\\Pipeline\\Pipeline->Illuminate\\Pipeline\\{closure}()
#22 /home/jaycee/Projects/Email-Marketing/vendor/laravel/framework/src/Illuminate/Session/Middleware/StartSession.php(63): Illuminate\\Session\\Middleware\\StartSession->handleStatefulRequest()
#23 /home/jaycee/Projects/Email-Marketing/vendor/laravel/framework/src/Illuminate/Pipeline/Pipeline.php(219): Illuminate\\Session\\Middleware\\StartSession->handle()
#24 /home/jaycee/Projects/Email-Marketing/vendor/laravel/framework/src/Illuminate/Cookie/Middleware/AddQueuedCookiesToResponse.php(36): Illuminate\\Pipeline\\Pipeline->Illuminate\\Pipeline\\{closure}()
#25 /home/jaycee/Projects/Email-Marketing/vendor/laravel/framework/src/Illuminate/Pipeline/Pipeline.php(219): Illuminate\\Cookie\\Middleware\\AddQueuedCookiesToResponse->handle()
#26 /home/jaycee/Projects/Email-Marketing/vendor/laravel/framework/src/Illuminate/Cookie/Middleware/EncryptCookies.php(74): Illuminate\\Pipeline\\Pipeline->Illuminate\\Pipeline\\{closure}()
#27 /home/jaycee/Projects/Email-Marketing/vendor/laravel/framework/src/Illuminate/Pipeline/Pipeline.php(219): Illuminate\\Cookie\\Middleware\\EncryptCookies->handle()
#28 /home/jaycee/Projects/Email-Marketing/vendor/laravel/framework/src/Illuminate/Pipeline/Pipeline.php(137): Illuminate\\Pipeline\\Pipeline->Illuminate\\Pipeline\\{closure}()
#29 /home/jaycee/Projects/Email-Marketing/vendor/laravel/framework/src/Illuminate/Routing/Router.php(821): Illuminate\\Pipeline\\Pipeline->then()
#30 /home/jaycee/Projects/Email-Marketing/vendor/laravel/framework/src/Illuminate/Routing/Router.php(800): Illuminate\\Routing\\Router->runRouteWithinStack()
#31 /home/jaycee/Projects/Email-Marketing/vendor/laravel/framework/src/Illuminate/Routing/Router.php(764): Illuminate\\Routing\\Router->runRoute()
#32 /home/jaycee/Projects/Email-Marketing/vendor/laravel/framework/src/Illuminate/Routing/Router.php(753): Illuminate\\Routing\\Router->dispatchToRoute()
#33 /home/jaycee/Projects/Email-Marketing/vendor/laravel/framework/src/Illuminate/Foundation/Http/Kernel.php(200): Illuminate\\Routing\\Router->dispatch()
#34 /home/jaycee/Projects/Email-Marketing/vendor/laravel/framework/src/Illuminate/Pipeline/Pipeline.php(180): Illuminate\\Foundation\\Http\\Kernel->Illuminate\\Foundation\\Http\\{closure}()
#35 /home/jaycee/Projects/Email-Marketing/vendor/laravel/framework/src/Illuminate/Foundation/Http/Middleware/TransformsRequest.php(21): Illuminate\\Pipeline\\Pipeline->Illuminate\\Pipeline\\{closure}()
#36 /home/jaycee/Projects/Email-Marketing/vendor/laravel/framework/src/Illuminate/Foundation/Http/Middleware/ConvertEmptyStringsToNull.php(31): Illuminate\\Foundation\\Http\\Middleware\\TransformsRequest->handle()
#37 /home/jaycee/Projects/Email-Marketing/vendor/laravel/framework/src/Illuminate/Pipeline/Pipeline.php(219): Illuminate\\Foundation\\Http\\Middleware\\ConvertEmptyStringsToNull->handle()
#38 /home/jaycee/Projects/Email-Marketing/vendor/laravel/framework/src/Illuminate/Foundation/Http/Middleware/TransformsRequest.php(21): Illuminate\\Pipeline\\Pipeline->Illuminate\\Pipeline\\{closure}()
#39 /home/jaycee/Projects/Email-Marketing/vendor/laravel/framework/src/Illuminate/Foundation/Http/Middleware/TrimStrings.php(51): Illuminate\\Foundation\\Http\\Middleware\\TransformsRequest->handle()
#40 /home/jaycee/Projects/Email-Marketing/vendor/laravel/framework/src/Illuminate/Pipeline/Pipeline.php(219): Illuminate\\Foundation\\Http\\Middleware\\TrimStrings->handle()
#41 /home/jaycee/Projects/Email-Marketing/vendor/laravel/framework/src/Illuminate/Http/Middleware/ValidatePostSize.php(27): Illuminate\\Pipeline\\Pipeline->Illuminate\\Pipeline\\{closure}()
#42 /home/jaycee/Projects/Email-Marketing/vendor/laravel/framework/src/Illuminate/Pipeline/Pipeline.php(219): Illuminate\\Http\\Middleware\\ValidatePostSize->handle()
#43 /home/jaycee/Projects/Email-Marketing/vendor/laravel/framework/src/Illuminate/Foundation/Http/Middleware/PreventRequestsDuringMaintenance.php(109): Illuminate\\Pipeline\\Pipeline->Illuminate\\Pipeline\\{closure}()
#44 /home/jaycee/Projects/Email-Marketing/vendor/laravel/framework/src/Illuminate/Pipeline/Pipeline.php(219): Illuminate\\Foundation\\Http\\Middleware\\PreventRequestsDuringMaintenance->handle()
#45 /home/jaycee/Projects/Email-Marketing/vendor/laravel/framework/src/Illuminate/Http/Middleware/HandleCors.php(48): Illuminate\\Pipeline\\Pipeline->Illuminate\\Pipeline\\{closure}()
#46 /home/jaycee/Projects/Email-Marketing/vendor/laravel/framework/src/Illuminate/Pipeline/Pipeline.php(219): Illuminate\\Http\\Middleware\\HandleCors->handle()
#47 /home/jaycee/Projects/Email-Marketing/vendor/laravel/framework/src/Illuminate/Http/Middleware/TrustProxies.php(58): Illuminate\\Pipeline\\Pipeline->Illuminate\\Pipeline\\{closure}()
#48 /home/jaycee/Projects/Email-Marketing/vendor/laravel/framework/src/Illuminate/Pipeline/Pipeline.php(219): Illuminate\\Http\\Middleware\\TrustProxies->handle()
#49 /home/jaycee/Projects/Email-Marketing/vendor/laravel/framework/src/Illuminate/Foundation/Http/Middleware/InvokeDeferredCallbacks.php(22): Illuminate\\Pipeline\\Pipeline->Illuminate\\Pipeline\\{closure}()
#50 /home/jaycee/Projects/Email-Marketing/vendor/laravel/framework/src/Illuminate/Pipeline/Pipeline.php(219): Illuminate\\Foundation\\Http\\Middleware\\InvokeDeferredCallbacks->handle()
#51 /home/jaycee/Projects/Email-Marketing/vendor/laravel/framework/src/Illuminate/Http/Middleware/ValidatePathEncoding.php(26): Illuminate\\Pipeline\\Pipeline->Illuminate\\Pipeline\\{closure}()
#52 /home/jaycee/Projects/Email-Marketing/vendor/laravel/framework/src/Illuminate/Pipeline/Pipeline.php(219): Illuminate\\Http\\Middleware\\ValidatePathEncoding->handle()
#53 /home/jaycee/Projects/Email-Marketing/vendor/laravel/framework/src/Illuminate/Pipeline/Pipeline.php(137): Illuminate\\Pipeline\\Pipeline->Illuminate\\Pipeline\\{closure}()
#54 /home/jaycee/Projects/Email-Marketing/vendor/laravel/framework/src/Illuminate/Foundation/Http/Kernel.php(175): Illuminate\\Pipeline\\Pipeline->then()
#55 /home/jaycee/Projects/Email-Marketing/vendor/laravel/framework/src/Illuminate/Foundation/Http/Kernel.php(144): Illuminate\\Foundation\\Http\\Kernel->sendRequestThroughRouter()
#56 /home/jaycee/Projects/Email-Marketing/vendor/laravel/framework/src/Illuminate/Foundation/Application.php(1220): Illuminate\\Foundation\\Http\\Kernel->handle()
#57 /home/jaycee/Projects/Email-Marketing/public/index.php(20): Illuminate\\Foundation\\Application->handleRequest()
#58 /home/jaycee/Projects/Email-Marketing/vendor/laravel/framework/src/Illuminate/Foundation/resources/server.php(23): require_once('...')
#59 {main}
"} 
[2026-06-25 06:10:45] local.ERROR: Command "key:status" is not defined.

Did you mean one of these?
    key:generate
    migrate:status {"exception":"[object] (Symfony\\Component\\Console\\Exception\\CommandNotFoundException(code: 0): Command \"key:status\" is not defined.

Did you mean one of these?
    key:generate
    migrate:status at /home/jaycee/Projects/Email-Marketing/vendor/symfony/console/Application.php:743)
[stacktrace]
#0 /home/jaycee/Projects/Email-Marketing/vendor/symfony/console/Application.php(301): Symfony\\Component\\Console\\Application->find()
#1 /home/jaycee/Projects/Email-Marketing/vendor/symfony/console/Application.php(194): Symfony\\Component\\Console\\Application->doRun()
#2 /home/jaycee/Projects/Email-Marketing/vendor/laravel/framework/src/Illuminate/Foundation/Console/Kernel.php(197): Symfony\\Component\\Console\\Application->run()
#3 /home/jaycee/Projects/Email-Marketing/vendor/laravel/framework/src/Illuminate/Foundation/Application.php(1235): Illuminate\\Foundation\\Console\\Kernel->handle()
#4 /home/jaycee/Projects/Email-Marketing/artisan(16): Illuminate\\Foundation\\Application->handleCommand()
#5 {main}
"} 
[2026-06-25 06:43:39] local.ERROR: Attempt to read property "avatar_url" on null (View: /home/jaycee/Projects/Email-Marketing/resources/views/layouts/sidebar.blade.php) (View: /home/jaycee/Projects/Email-Marketing/resources/views/layouts/sidebar.blade.php) (View: /home/jaycee/Projects/Email-Marketing/resources/views/layouts/sidebar.blade.php) {"exception":"[object] (Illuminate\\View\\ViewException(code: 0): Attempt to read property \"avatar_url\" on null (View: /home/jaycee/Projects/Email-Marketing/resources/views/layouts/sidebar.blade.php) (View: /home/jaycee/Projects/Email-Marketing/resources/views/layouts/sidebar.blade.php) (View: /home/jaycee/Projects/Email-Marketing/resources/views/layouts/sidebar.blade.php) at /home/jaycee/Projects/Email-Marketing/storage/framework/views/fb8cc0add806753457d48979dd9de572.php:157)
[stacktrace]
#0 /home/jaycee/Projects/Email-Marketing/vendor/laravel/framework/src/Illuminate/View/Engines/PhpEngine.php(59): Illuminate\\View\\Engines\\CompilerEngine->handleViewException()
#1 /home/jaycee/Projects/Email-Marketing/vendor/laravel/framework/src/Illuminate/View/Engines/CompilerEngine.php(76): Illuminate\\View\\Engines\\PhpEngine->evaluatePath()
#2 /home/jaycee/Projects/Email-Marketing/vendor/laravel/framework/src/Illuminate/View/View.php(208): Illuminate\\View\\Engines\\CompilerEngine->get()
#3 /home/jaycee/Projects/Email-Marketing/vendor/laravel/framework/src/Illuminate/View/View.php(191): Illuminate\\View\\View->getContents()
#4 /home/jaycee/Projects/Email-Marketing/vendor/laravel/framework/src/Illuminate/View/View.php(160): Illuminate\\View\\View->renderContents()
#5 /home/jaycee/Projects/Email-Marketing/vendor/laravel/framework/src/Illuminate/Http/Response.php(78): Illuminate\\View\\View->render()
#6 /home/jaycee/Projects/Email-Marketing/vendor/laravel/framework/src/Illuminate/Http/Response.php(34): Illuminate\\Http\\Response->setContent()
#7 /home/jaycee/Projects/Email-Marketing/vendor/laravel/framework/src/Illuminate/Routing/Router.php(939): Illuminate\\Http\\Response->__construct()
#8 /home/jaycee/Projects/Email-Marketing/vendor/laravel/framework/src/Illuminate/Routing/Router.php(906): Illuminate\\Routing\\Router::toResponse()
#9 /home/jaycee/Projects/Email-Marketing/vendor/laravel/framework/src/Illuminate/Routing/Router.php(821): Illuminate\\Routing\\Router->prepareResponse()
#10 /home/jaycee/Projects/Email-Marketing/vendor/laravel/framework/src/Illuminate/Pipeline/Pipeline.php(180): Illuminate\\Routing\\Router->Illuminate\\Routing\\{closure}()
#11 /home/jaycee/Projects/Email-Marketing/vendor/laravel/framework/src/Illuminate/Routing/Middleware/SubstituteBindings.php(50): Illuminate\\Pipeline\\Pipeline->Illuminate\\Pipeline\\{closure}()
#12 /home/jaycee/Projects/Email-Marketing/vendor/laravel/framework/src/Illuminate/Pipeline/Pipeline.php(219): Illuminate\\Routing\\Middleware\\SubstituteBindings->handle()
#13 /home/jaycee/Projects/Email-Marketing/vendor/laravel/framework/src/Illuminate/Foundation/Http/Middleware/VerifyCsrfToken.php(87): Illuminate\\Pipeline\\Pipeline->Illuminate\\Pipeline\\{closure}()
#14 /home/jaycee/Projects/Email-Marketing/vendor/laravel/framework/src/Illuminate/Pipeline/Pipeline.php(219): Illuminate\\Foundation\\Http\\Middleware\\VerifyCsrfToken->handle()
#15 /home/jaycee/Projects/Email-Marketing/vendor/laravel/framework/src/Illuminate/View/Middleware/ShareErrorsFromSession.php(48): Illuminate\\Pipeline\\Pipeline->Illuminate\\Pipeline\\{closure}()
#16 /home/jaycee/Projects/Email-Marketing/vendor/laravel/framework/src/Illuminate/Pipeline/Pipeline.php(219): Illuminate\\View\\Middleware\\ShareErrorsFromSession->handle()
#17 /home/jaycee/Projects/Email-Marketing/vendor/laravel/framework/src/Illuminate/Session/Middleware/StartSession.php(120): Illuminate\\Pipeline\\Pipeline->Illuminate\\Pipeline\\{closure}()
#18 /home/jaycee/Projects/Email-Marketing/vendor/laravel/framework/src/Illuminate/Session/Middleware/StartSession.php(63): Illuminate\\Session\\Middleware\\StartSession->handleStatefulRequest()
#19 /home/jaycee/Projects/Email-Marketing/vendor/laravel/framework/src/Illuminate/Pipeline/Pipeline.php(219): Illuminate\\Session\\Middleware\\StartSession->handle()
#20 /home/jaycee/Projects/Email-Marketing/vendor/laravel/framework/src/Illuminate/Cookie/Middleware/AddQueuedCookiesToResponse.php(36): Illuminate\\Pipeline\\Pipeline->Illuminate\\Pipeline\\{closure}()
#21 /home/jaycee/Projects/Email-Marketing/vendor/laravel/framework/src/Illuminate/Pipeline/Pipeline.php(219): Illuminate\\Cookie\\Middleware\\AddQueuedCookiesToResponse->handle()
#22 /home/jaycee/Projects/Email-Marketing/vendor/laravel/framework/src/Illuminate/Cookie/Middleware/EncryptCookies.php(74): Illuminate\\Pipeline\\Pipeline->Illuminate\\Pipeline\\{closure}()
#23 /home/jaycee/Projects/Email-Marketing/vendor/laravel/framework/src/Illuminate/Pipeline/Pipeline.php(219): Illuminate\\Cookie\\Middleware\\EncryptCookies->handle()
#24 /home/jaycee/Projects/Email-Marketing/vendor/laravel/framework/src/Illuminate/Pipeline/Pipeline.php(137): Illuminate\\Pipeline\\Pipeline->Illuminate\\Pipeline\\{closure}()
#25 /home/jaycee/Projects/Email-Marketing/vendor/laravel/framework/src/Illuminate/Routing/Router.php(821): Illuminate\\Pipeline\\Pipeline->then()
#26 /home/jaycee/Projects/Email-Marketing/vendor/laravel/framework/src/Illuminate/Routing/Router.php(800): Illuminate\\Routing\\Router->runRouteWithinStack()
#27 /home/jaycee/Projects/Email-Marketing/vendor/laravel/framework/src/Illuminate/Routing/Router.php(764): Illuminate\\Routing\\Router->runRoute()
#28 /home/jaycee/Projects/Email-Marketing/vendor/laravel/framework/src/Illuminate/Routing/Router.php(753): Illuminate\\Routing\\Router->dispatchToRoute()
#29 /home/jaycee/Projects/Email-Marketing/vendor/laravel/framework/src/Illuminate/Foundation/Http/Kernel.php(200): Illuminate\\Routing\\Router->dispatch()
#30 /home/jaycee/Projects/Email-Marketing/vendor/laravel/framework/src/Illuminate/Pipeline/Pipeline.php(180): Illuminate\\Foundation\\Http\\Kernel->Illuminate\\Foundation\\Http\\{closure}()
#31 /home/jaycee/Projects/Email-Marketing/vendor/laravel/framework/src/Illuminate/Foundation/Http/Middleware/TransformsRequest.php(21): Illuminate\\Pipeline\\Pipeline->Illuminate\\Pipeline\\{closure}()
#32 /home/jaycee/Projects/Email-Marketing/vendor/laravel/framework/src/Illuminate/Foundation/Http/Middleware/ConvertEmptyStringsToNull.php(31): Illuminate\\Foundation\\Http\\Middleware\\TransformsRequest->handle()
#33 /home/jaycee/Projects/Email-Marketing/vendor/laravel/framework/src/Illuminate/Pipeline/Pipeline.php(219): Illuminate\\Foundation\\Http\\Middleware\\ConvertEmptyStringsToNull->handle()
#34 /home/jaycee/Projects/Email-Marketing/vendor/laravel/framework/src/Illuminate/Foundation/Http/Middleware/TransformsRequest.php(21): Illuminate\\Pipeline\\Pipeline->Illuminate\\Pipeline\\{closure}()
#35 /home/jaycee/Projects/Email-Marketing/vendor/laravel/framework/src/Illuminate/Foundation/Http/Middleware/TrimStrings.php(51): Illuminate\\Foundation\\Http\\Middleware\\TransformsRequest->handle()
#36 /home/jaycee/Projects/Email-Marketing/vendor/laravel/framework/src/Illuminate/Pipeline/Pipeline.php(219): Illuminate\\Foundation\\Http\\Middleware\\TrimStrings->handle()
#37 /home/jaycee/Projects/Email-Marketing/vendor/laravel/framework/src/Illuminate/Http/Middleware/ValidatePostSize.php(27): Illuminate\\Pipeline\\Pipeline->Illuminate\\Pipeline\\{closure}()
#38 /home/jaycee/Projects/Email-Marketing/vendor/laravel/framework/src/Illuminate/Pipeline/Pipeline.php(219): Illuminate\\Http\\Middleware\\ValidatePostSize->handle()
#39 /home/jaycee/Projects/Email-Marketing/vendor/laravel/framework/src/Illuminate/Foundation/Http/Middleware/PreventRequestsDuringMaintenance.php(109): Illuminate\\Pipeline\\Pipeline->Illuminate\\Pipeline\\{closure}()
#40 /home/jaycee/Projects/Email-Marketing/vendor/laravel/framework/src/Illuminate/Pipeline/Pipeline.php(219): Illuminate\\Foundation\\Http\\Middleware\\PreventRequestsDuringMaintenance->handle()
#41 /home/jaycee/Projects/Email-Marketing/vendor/laravel/framework/src/Illuminate/Http/Middleware/HandleCors.php(48): Illuminate\\Pipeline\\Pipeline->Illuminate\\Pipeline\\{closure}()
#42 /home/jaycee/Projects/Email-Marketing/vendor/laravel/framework/src/Illuminate/Pipeline/Pipeline.php(219): Illuminate\\Http\\Middleware\\HandleCors->handle()
#43 /home/jaycee/Projects/Email-Marketing/vendor/laravel/framework/src/Illuminate/Http/Middleware/TrustProxies.php(58): Illuminate\\Pipeline\\Pipeline->Illuminate\\Pipeline\\{closure}()
#44 /home/jaycee/Projects/Email-Marketing/vendor/laravel/framework/src/Illuminate/Pipeline/Pipeline.php(219): Illuminate\\Http\\Middleware\\TrustProxies->handle()
#45 /home/jaycee/Projects/Email-Marketing/vendor/laravel/framework/src/Illuminate/Foundation/Http/Middleware/InvokeDeferredCallbacks.php(22): Illuminate\\Pipeline\\Pipeline->Illuminate\\Pipeline\\{closure}()
#46 /home/jaycee/Projects/Email-Marketing/vendor/laravel/framework/src/Illuminate/Pipeline/Pipeline.php(219): Illuminate\\Foundation\\Http\\Middleware\\InvokeDeferredCallbacks->handle()
#47 /home/jaycee/Projects/Email-Marketing/vendor/laravel/framework/src/Illuminate/Http/Middleware/ValidatePathEncoding.php(26): Illuminate\\Pipeline\\Pipeline->Illuminate\\Pipeline\\{closure}()
#48 /home/jaycee/Projects/Email-Marketing/vendor/laravel/framework/src/Illuminate/Pipeline/Pipeline.php(219): Illuminate\\Http\\Middleware\\ValidatePathEncoding->handle()
#49 /home/jaycee/Projects/Email-Marketing/vendor/laravel/framework/src/Illuminate/Pipeline/Pipeline.php(137): Illuminate\\Pipeline\\Pipeline->Illuminate\\Pipeline\\{closure}()
#50 /home/jaycee/Projects/Email-Marketing/vendor/laravel/framework/src/Illuminate/Foundation/Http/Kernel.php(175): Illuminate\\Pipeline\\Pipeline->then()
#51 /home/jaycee/Projects/Email-Marketing/vendor/laravel/framework/src/Illuminate/Foundation/Http/Kernel.php(144): Illuminate\\Foundation\\Http\\Kernel->sendRequestThroughRouter()
#52 /home/jaycee/Projects/Email-Marketing/vendor/laravel/framework/src/Illuminate/Foundation/Application.php(1220): Illuminate\\Foundation\\Http\\Kernel->handle()
#53 /home/jaycee/Projects/Email-Marketing/public/index.php(20): Illuminate\\Foundation\\Application->handleRequest()
#54 /home/jaycee/Projects/Email-Marketing/vendor/laravel/framework/src/Illuminate/Foundation/resources/server.php(23): require_once('...')
#55 {main}

[previous exception] [object] (Illuminate\\View\\ViewException(code: 0): Attempt to read property \"avatar_url\" on null (View: /home/jaycee/Projects/Email-Marketing/resources/views/layouts/sidebar.blade.php) (View: /home/jaycee/Projects/Email-Marketing/resources/views/layouts/sidebar.blade.php) at /home/jaycee/Projects/Email-Marketing/storage/framework/views/fb8cc0add806753457d48979dd9de572.php:157)
[stacktrace]
#0 /home/jaycee/Projects/Email-Marketing/vendor/laravel/framework/src/Illuminate/View/Engines/PhpEngine.php(59): Illuminate\\View\\Engines\\CompilerEngine->handleViewException()
#1 /home/jaycee/Projects/Email-Marketing/vendor/laravel/framework/src/Illuminate/View/Engines/CompilerEngine.php(76): Illuminate\\View\\Engines\\PhpEngine->evaluatePath()
#2 /home/jaycee/Projects/Email-Marketing/vendor/laravel/framework/src/Illuminate/View/View.php(208): Illuminate\\View\\Engines\\CompilerEngine->get()
#3 /home/jaycee/Projects/Email-Marketing/vendor/laravel/framework/src/Illuminate/View/View.php(191): Illuminate\\View\\View->getContents()
#4 /home/jaycee/Projects/Email-Marketing/vendor/laravel/framework/src/Illuminate/View/View.php(160): Illuminate\\View\\View->renderContents()
#5 /home/jaycee/Projects/Email-Marketing/vendor/laravel/framework/src/Illuminate/View/Concerns/ManagesComponents.php(103): Illuminate\\View\\View->render()
#6 /home/jaycee/Projects/Email-Marketing/storage/framework/views/720adf2da904dab03a2c05cfcacb81a0.php(370): Illuminate\\View\\Factory->renderComponent()
#7 /home/jaycee/Projects/Email-Marketing/vendor/laravel/framework/src/Illuminate/Filesystem/Filesystem.php(123): require('...')
#8 /home/jaycee/Projects/Email-Marketing/vendor/laravel/framework/src/Illuminate/Filesystem/Filesystem.php(124): Illuminate\\Filesystem\\Filesystem::Illuminate\\Filesystem\\{closure}()
#9 /home/jaycee/Projects/Email-Marketing/vendor/laravel/framework/src/Illuminate/View/Engines/PhpEngine.php(57): Illuminate\\Filesystem\\Filesystem->getRequire()
#10 /home/jaycee/Projects/Email-Marketing/vendor/laravel/framework/src/Illuminate/View/Engines/CompilerEngine.php(76): Illuminate\\View\\Engines\\PhpEngine->evaluatePath()
#11 /home/jaycee/Projects/Email-Marketing/vendor/laravel/framework/src/Illuminate/View/View.php(208): Illuminate\\View\\Engines\\CompilerEngine->get()
#12 /home/jaycee/Projects/Email-Marketing/vendor/laravel/framework/src/Illuminate/View/View.php(191): Illuminate\\View\\View->getContents()
#13 /home/jaycee/Projects/Email-Marketing/vendor/laravel/framework/src/Illuminate/View/View.php(160): Illuminate\\View\\View->renderContents()
#14 /home/jaycee/Projects/Email-Marketing/vendor/laravel/framework/src/Illuminate/Http/Response.php(78): Illuminate\\View\\View->render()
#15 /home/jaycee/Projects/Email-Marketing/vendor/laravel/framework/src/Illuminate/Http/Response.php(34): Illuminate\\Http\\Response->setContent()
#16 /home/jaycee/Projects/Email-Marketing/vendor/laravel/framework/src/Illuminate/Routing/Router.php(939): Illuminate\\Http\\Response->__construct()
#17 /home/jaycee/Projects/Email-Marketing/vendor/laravel/framework/src/Illuminate/Routing/Router.php(906): Illuminate\\Routing\\Router::toResponse()
#18 /home/jaycee/Projects/Email-Marketing/vendor/laravel/framework/src/Illuminate/Routing/Router.php(821): Illuminate\\Routing\\Router->prepareResponse()
#19 /home/jaycee/Projects/Email-Marketing/vendor/laravel/framework/src/Illuminate/Pipeline/Pipeline.php(180): Illuminate\\Routing\\Router->Illuminate\\Routing\\{closure}()
#20 /home/jaycee/Projects/Email-Marketing/vendor/laravel/framework/src/Illuminate/Routing/Middleware/SubstituteBindings.php(50): Illuminate\\Pipeline\\Pipeline->Illuminate\\Pipeline\\{closure}()
#21 /home/jaycee/Projects/Email-Marketing/vendor/laravel/framework/src/Illuminate/Pipeline/Pipeline.php(219): Illuminate\\Routing\\Middleware\\SubstituteBindings->handle()
#22 /home/jaycee/Projects/Email-Marketing/vendor/laravel/framework/src/Illuminate/Foundation/Http/Middleware/VerifyCsrfToken.php(87): Illuminate\\Pipeline\\Pipeline->Illuminate\\Pipeline\\{closure}()
#23 /home/jaycee/Projects/Email-Marketing/vendor/laravel/framework/src/Illuminate/Pipeline/Pipeline.php(219): Illuminate\\Foundation\\Http\\Middleware\\VerifyCsrfToken->handle()
#24 /home/jaycee/Projects/Email-Marketing/vendor/laravel/framework/src/Illuminate/View/Middleware/ShareErrorsFromSession.php(48): Illuminate\\Pipeline\\Pipeline->Illuminate\\Pipeline\\{closure}()
#25 /home/jaycee/Projects/Email-Marketing/vendor/laravel/framework/src/Illuminate/Pipeline/Pipeline.php(219): Illuminate\\View\\Middleware\\ShareErrorsFromSession->handle()
#26 /home/jaycee/Projects/Email-Marketing/vendor/laravel/framework/src/Illuminate/Session/Middleware/StartSession.php(120): Illuminate\\Pipeline\\Pipeline->Illuminate\\Pipeline\\{closure}()
#27 /home/jaycee/Projects/Email-Marketing/vendor/laravel/framework/src/Illuminate/Session/Middleware/StartSession.php(63): Illuminate\\Session\\Middleware\\StartSession->handleStatefulRequest()
#28 /home/jaycee/Projects/Email-Marketing/vendor/laravel/framework/src/Illuminate/Pipeline/Pipeline.php(219): Illuminate\\Session\\Middleware\\StartSession->handle()
#29 /home/jaycee/Projects/Email-Marketing/vendor/laravel/framework/src/Illuminate/Cookie/Middleware/AddQueuedCookiesToResponse.php(36): Illuminate\\Pipeline\\Pipeline->Illuminate\\Pipeline\\{closure}()
#30 /home/jaycee/Projects/Email-Marketing/vendor/laravel/framework/src/Illuminate/Pipeline/Pipeline.php(219): Illuminate\\Cookie\\Middleware\\AddQueuedCookiesToResponse->handle()
#31 /home/jaycee/Projects/Email-Marketing/vendor/laravel/framework/src/Illuminate/Cookie/Middleware/EncryptCookies.php(74): Illuminate\\Pipeline\\Pipeline->Illuminate\\Pipeline\\{closure}()
#32 /home/jaycee/Projects/Email-Marketing/vendor/laravel/framework/src/Illuminate/Pipeline/Pipeline.php(219): Illuminate\\Cookie\\Middleware\\EncryptCookies->handle()
#33 /home/jaycee/Projects/Email-Marketing/vendor/laravel/framework/src/Illuminate/Pipeline/Pipeline.php(137): Illuminate\\Pipeline\\Pipeline->Illuminate\\Pipeline\\{closure}()
#34 /home/jaycee/Projects/Email-Marketing/vendor/laravel/framework/src/Illuminate/Routing/Router.php(821): Illuminate\\Pipeline\\Pipeline->then()
#35 /home/jaycee/Projects/Email-Marketing/vendor/laravel/framework/src/Illuminate/Routing/Router.php(800): Illuminate\\Routing\\Router->runRouteWithinStack()
#36 /home/jaycee/Projects/Email-Marketing/vendor/laravel/framework/src/Illuminate/Routing/Router.php(764): Illuminate\\Routing\\Router->runRoute()
#37 /home/jaycee/Projects/Email-Marketing/vendor/laravel/framework/src/Illuminate/Routing/Router.php(753): Illuminate\\Routing\\Router->dispatchToRoute()
#38 /home/jaycee/Projects/Email-Marketing/vendor/laravel/framework/src/Illuminate/Foundation/Http/Kernel.php(200): Illuminate\\Routing\\Router->dispatch()
#39 /home/jaycee/Projects/Email-Marketing/vendor/laravel/framework/src/Illuminate/Pipeline/Pipeline.php(180): Illuminate\\Foundation\\Http\\Kernel->Illuminate\\Foundation\\Http\\{closure}()
#40 /home/jaycee/Projects/Email-Marketing/vendor/laravel/framework/src/Illuminate/Foundation/Http/Middleware/TransformsRequest.php(21): Illuminate\\Pipeline\\Pipeline->Illuminate\\Pipeline\\{closure}()
#41 /home/jaycee/Projects/Email-Marketing/vendor/laravel/framework/src/Illuminate/Foundation/Http/Middleware/ConvertEmptyStringsToNull.php(31): Illuminate\\Foundation\\Http\\Middleware\\TransformsRequest->handle()
#42 /home/jaycee/Projects/Email-Marketing/vendor/laravel/framework/src/Illuminate/Pipeline/Pipeline.php(219): Illuminate\\Foundation\\Http\\Middleware\\ConvertEmptyStringsToNull->handle()
#43 /home/jaycee/Projects/Email-Marketing/vendor/laravel/framework/src/Illuminate/Foundation/Http/Middleware/TransformsRequest.php(21): Illuminate\\Pipeline\\Pipeline->Illuminate\\Pipeline\\{closure}()
#44 /home/jaycee/Projects/Email-Marketing/vendor/laravel/framework/src/Illuminate/Foundation/Http/Middleware/TrimStrings.php(51): Illuminate\\Foundation\\Http\\Middleware\\TransformsRequest->handle()
#45 /home/jaycee/Projects/Email-Marketing/vendor/laravel/framework/src/Illuminate/Pipeline/Pipeline.php(219): Illuminate\\Foundation\\Http\\Middleware\\TrimStrings->handle()
#46 /home/jaycee/Projects/Email-Marketing/vendor/laravel/framework/src/Illuminate/Http/Middleware/ValidatePostSize.php(27): Illuminate\\Pipeline\\Pipeline->Illuminate\\Pipeline\\{closure}()
#47 /home/jaycee/Projects/Email-Marketing/vendor/laravel/framework/src/Illuminate/Pipeline/Pipeline.php(219): Illuminate\\Http\\Middleware\\ValidatePostSize->handle()
#48 /home/jaycee/Projects/Email-Marketing/vendor/laravel/framework/src/Illuminate/Foundation/Http/Middleware/PreventRequestsDuringMaintenance.php(109): Illuminate\\Pipeline\\Pipeline->Illuminate\\Pipeline\\{closure}()
#49 /home/jaycee/Projects/Email-Marketing/vendor/laravel/framework/src/Illuminate/Pipeline/Pipeline.php(219): Illuminate\\Foundation\\Http\\Middleware\\PreventRequestsDuringMaintenance->handle()
#50 /home/jaycee/Projects/Email-Marketing/vendor/laravel/framework/src/Illuminate/Http/Middleware/HandleCors.php(48): Illuminate\\Pipeline\\Pipeline->Illuminate\\Pipeline\\{closure}()
#51 /home/jaycee/Projects/Email-Marketing/vendor/laravel/framework/src/Illuminate/Pipeline/Pipeline.php(219): Illuminate\\Http\\Middleware\\HandleCors->handle()
#52 /home/jaycee/Projects/Email-Marketing/vendor/laravel/framework/src/Illuminate/Http/Middleware/TrustProxies.php(58): Illuminate\\Pipeline\\Pipeline->Illuminate\\Pipeline\\{closure}()
#53 /home/jaycee/Projects/Email-Marketing/vendor/laravel/framework/src/Illuminate/Pipeline/Pipeline.php(219): Illuminate\\Http\\Middleware\\TrustProxies->handle()
#54 /home/jaycee/Projects/Email-Marketing/vendor/laravel/framework/src/Illuminate/Foundation/Http/Middleware/InvokeDeferredCallbacks.php(22): Illuminate\\Pipeline\\Pipeline->Illuminate\\Pipeline\\{closure}()
#55 /home/jaycee/Projects/Email-Marketing/vendor/laravel/framework/src/Illuminate/Pipeline/Pipeline.php(219): Illuminate\\Foundation\\Http\\Middleware\\InvokeDeferredCallbacks->handle()
#56 /home/jaycee/Projects/Email-Marketing/vendor/laravel/framework/src/Illuminate/Http/Middleware/ValidatePathEncoding.php(26): Illuminate\\Pipeline\\Pipeline->Illuminate\\Pipeline\\{closure}()
#57 /home/jaycee/Projects/Email-Marketing/vendor/laravel/framework/src/Illuminate/Pipeline/Pipeline.php(219): Illuminate\\Http\\Middleware\\ValidatePathEncoding->handle()
#58 /home/jaycee/Projects/Email-Marketing/vendor/laravel/framework/src/Illuminate/Pipeline/Pipeline.php(137): Illuminate\\Pipeline\\Pipeline->Illuminate\\Pipeline\\{closure}()
#59 /home/jaycee/Projects/Email-Marketing/vendor/laravel/framework/src/Illuminate/Foundation/Http/Kernel.php(175): Illuminate\\Pipeline\\Pipeline->then()
#60 /home/jaycee/Projects/Email-Marketing/vendor/laravel/framework/src/Illuminate/Foundation/Http/Kernel.php(144): Illuminate\\Foundation\\Http\\Kernel->sendRequestThroughRouter()
#61 /home/jaycee/Projects/Email-Marketing/vendor/laravel/framework/src/Illuminate/Foundation/Application.php(1220): Illuminate\\Foundation\\Http\\Kernel->handle()
#62 /home/jaycee/Projects/Email-Marketing/public/index.php(20): Illuminate\\Foundation\\Application->handleRequest()
#63 /home/jaycee/Projects/Email-Marketing/vendor/laravel/framework/src/Illuminate/Foundation/resources/server.php(23): require_once('...')
#64 {main}

[previous exception] [object] (Illuminate\\View\\ViewException(code: 0): Attempt to read property \"avatar_url\" on null (View: /home/jaycee/Projects/Email-Marketing/resources/views/layouts/sidebar.blade.php) at /home/jaycee/Projects/Email-Marketing/storage/framework/views/fb8cc0add806753457d48979dd9de572.php:157)
[stacktrace]
#0 /home/jaycee/Projects/Email-Marketing/vendor/laravel/framework/src/Illuminate/View/Engines/PhpEngine.php(59): Illuminate\\View\\Engines\\CompilerEngine->handleViewException()
#1 /home/jaycee/Projects/Email-Marketing/vendor/laravel/framework/src/Illuminate/View/Engines/CompilerEngine.php(76): Illuminate\\View\\Engines\\PhpEngine->evaluatePath()
#2 /home/jaycee/Projects/Email-Marketing/vendor/laravel/framework/src/Illuminate/View/View.php(208): Illuminate\\View\\Engines\\CompilerEngine->get()
#3 /home/jaycee/Projects/Email-Marketing/vendor/laravel/framework/src/Illuminate/View/View.php(191): Illuminate\\View\\View->getContents()
#4 /home/jaycee/Projects/Email-Marketing/vendor/laravel/framework/src/Illuminate/View/View.php(160): Illuminate\\View\\View->renderContents()
#5 /home/jaycee/Projects/Email-Marketing/storage/framework/views/a2cfe1c33e99ef310cb56d88b1cb068c.php(12): Illuminate\\View\\View->render()
#6 /home/jaycee/Projects/Email-Marketing/vendor/laravel/framework/src/Illuminate/Filesystem/Filesystem.php(123): require('...')
#7 /home/jaycee/Projects/Email-Marketing/vendor/laravel/framework/src/Illuminate/Filesystem/Filesystem.php(124): Illuminate\\Filesystem\\Filesystem::Illuminate\\Filesystem\\{closure}()
#8 /home/jaycee/Projects/Email-Marketing/vendor/laravel/framework/src/Illuminate/View/Engines/PhpEngine.php(57): Illuminate\\Filesystem\\Filesystem->getRequire()
#9 /home/jaycee/Projects/Email-Marketing/vendor/laravel/framework/src/Illuminate/View/Engines/CompilerEngine.php(76): Illuminate\\View\\Engines\\PhpEngine->evaluatePath()
#10 /home/jaycee/Projects/Email-Marketing/vendor/laravel/framework/src/Illuminate/View/View.php(208): Illuminate\\View\\Engines\\CompilerEngine->get()
#11 /home/jaycee/Projects/Email-Marketing/vendor/laravel/framework/src/Illuminate/View/View.php(191): Illuminate\\View\\View->getContents()
#12 /home/jaycee/Projects/Email-Marketing/vendor/laravel/framework/src/Illuminate/View/View.php(160): Illuminate\\View\\View->renderContents()
#13 /home/jaycee/Projects/Email-Marketing/vendor/laravel/framework/src/Illuminate/View/Concerns/ManagesComponents.php(103): Illuminate\\View\\View->render()
#14 /home/jaycee/Projects/Email-Marketing/storage/framework/views/720adf2da904dab03a2c05cfcacb81a0.php(370): Illuminate\\View\\Factory->renderComponent()
#15 /home/jaycee/Projects/Email-Marketing/vendor/laravel/framework/src/Illuminate/Filesystem/Filesystem.php(123): require('...')
#16 /home/jaycee/Projects/Email-Marketing/vendor/laravel/framework/src/Illuminate/Filesystem/Filesystem.php(124): Illuminate\\Filesystem\\Filesystem::Illuminate\\Filesystem\\{closure}()
#17 /home/jaycee/Projects/Email-Marketing/vendor/laravel/framework/src/Illuminate/View/Engines/PhpEngine.php(57): Illuminate\\Filesystem\\Filesystem->getRequire()
#18 /home/jaycee/Projects/Email-Marketing/vendor/laravel/framework/src/Illuminate/View/Engines/CompilerEngine.php(76): Illuminate\\View\\Engines\\PhpEngine->evaluatePath()
#19 /home/jaycee/Projects/Email-Marketing/vendor/laravel/framework/src/Illuminate/View/View.php(208): Illuminate\\View\\Engines\\CompilerEngine->get()
#20 /home/jaycee/Projects/Email-Marketing/vendor/laravel/framework/src/Illuminate/View/View.php(191): Illuminate\\View\\View->getContents()
#21 /home/jaycee/Projects/Email-Marketing/vendor/laravel/framework/src/Illuminate/View/View.php(160): Illuminate\\View\\View->renderContents()
#22 /home/jaycee/Projects/Email-Marketing/vendor/laravel/framework/src/Illuminate/Http/Response.php(78): Illuminate\\View\\View->render()
#23 /home/jaycee/Projects/Email-Marketing/vendor/laravel/framework/src/Illuminate/Http/Response.php(34): Illuminate\\Http\\Response->setContent()
#24 /home/jaycee/Projects/Email-Marketing/vendor/laravel/framework/src/Illuminate/Routing/Router.php(939): Illuminate\\Http\\Response->__construct()
#25 /home/jaycee/Projects/Email-Marketing/vendor/laravel/framework/src/Illuminate/Routing/Router.php(906): Illuminate\\Routing\\Router::toResponse()
#26 /home/jaycee/Projects/Email-Marketing/vendor/laravel/framework/src/Illuminate/Routing/Router.php(821): Illuminate\\Routing\\Router->prepareResponse()
#27 /home/jaycee/Projects/Email-Marketing/vendor/laravel/framework/src/Illuminate/Pipeline/Pipeline.php(180): Illuminate\\Routing\\Router->Illuminate\\Routing\\{closure}()
#28 /home/jaycee/Projects/Email-Marketing/vendor/laravel/framework/src/Illuminate/Routing/Middleware/SubstituteBindings.php(50): Illuminate\\Pipeline\\Pipeline->Illuminate\\Pipeline\\{closure}()
#29 /home/jaycee/Projects/Email-Marketing/vendor/laravel/framework/src/Illuminate/Pipeline/Pipeline.php(219): Illuminate\\Routing\\Middleware\\SubstituteBindings->handle()
#30 /home/jaycee/Projects/Email-Marketing/vendor/laravel/framework/src/Illuminate/Foundation/Http/Middleware/VerifyCsrfToken.php(87): Illuminate\\Pipeline\\Pipeline->Illuminate\\Pipeline\\{closure}()
#31 /home/jaycee/Projects/Email-Marketing/vendor/laravel/framework/src/Illuminate/Pipeline/Pipeline.php(219): Illuminate\\Foundation\\Http\\Middleware\\VerifyCsrfToken->handle()
#32 /home/jaycee/Projects/Email-Marketing/vendor/laravel/framework/src/Illuminate/View/Middleware/ShareErrorsFromSession.php(48): Illuminate\\Pipeline\\Pipeline->Illuminate\\Pipeline\\{closure}()
#33 /home/jaycee/Projects/Email-Marketing/vendor/laravel/framework/src/Illuminate/Pipeline/Pipeline.php(219): Illuminate\\View\\Middleware\\ShareErrorsFromSession->handle()
#34 /home/jaycee/Projects/Email-Marketing/vendor/laravel/framework/src/Illuminate/Session/Middleware/StartSession.php(120): Illuminate\\Pipeline\\Pipeline->Illuminate\\Pipeline\\{closure}()
#35 /home/jaycee/Projects/Email-Marketing/vendor/laravel/framework/src/Illuminate/Session/Middleware/StartSession.php(63): Illuminate\\Session\\Middleware\\StartSession->handleStatefulRequest()
#36 /home/jaycee/Projects/Email-Marketing/vendor/laravel/framework/src/Illuminate/Pipeline/Pipeline.php(219): Illuminate\\Session\\Middleware\\StartSession->handle()
#37 /home/jaycee/Projects/Email-Marketing/vendor/laravel/framework/src/Illuminate/Cookie/Middleware/AddQueuedCookiesToResponse.php(36): Illuminate\\Pipeline\\Pipeline->Illuminate\\Pipeline\\{closure}()
#38 /home/jaycee/Projects/Email-Marketing/vendor/laravel/framework/src/Illuminate/Pipeline/Pipeline.php(219): Illuminate\\Cookie\\Middleware\\AddQueuedCookiesToResponse->handle()
#39 /home/jaycee/Projects/Email-Marketing/vendor/laravel/framework/src/Illuminate/Cookie/Middleware/EncryptCookies.php(74): Illuminate\\Pipeline\\Pipeline->Illuminate\\Pipeline\\{closure}()
#40 /home/jaycee/Projects/Email-Marketing/vendor/laravel/framework/src/Illuminate/Pipeline/Pipeline.php(219): Illuminate\\Cookie\\Middleware\\EncryptCookies->handle()
#41 /home/jaycee/Projects/Email-Marketing/vendor/laravel/framework/src/Illuminate/Pipeline/Pipeline.php(137): Illuminate\\Pipeline\\Pipeline->Illuminate\\Pipeline\\{closure}()
#42 /home/jaycee/Projects/Email-Marketing/vendor/laravel/framework/src/Illuminate/Routing/Router.php(821): Illuminate\\Pipeline\\Pipeline->then()
#43 /home/jaycee/Projects/Email-Marketing/vendor/laravel/framework/src/Illuminate/Routing/Router.php(800): Illuminate\\Routing\\Router->runRouteWithinStack()
#44 /home/jaycee/Projects/Email-Marketing/vendor/laravel/framework/src/Illuminate/Routing/Router.php(764): Illuminate\\Routing\\Router->runRoute()
#45 /home/jaycee/Projects/Email-Marketing/vendor/laravel/framework/src/Illuminate/Routing/Router.php(753): Illuminate\\Routing\\Router->dispatchToRoute()
#46 /home/jaycee/Projects/Email-Marketing/vendor/laravel/framework/src/Illuminate/Foundation/Http/Kernel.php(200): Illuminate\\Routing\\Router->dispatch()
#47 /home/jaycee/Projects/Email-Marketing/vendor/laravel/framework/src/Illuminate/Pipeline/Pipeline.php(180): Illuminate\\Foundation\\Http\\Kernel->Illuminate\\Foundation\\Http\\{closure}()
#48 /home/jaycee/Projects/Email-Marketing/vendor/laravel/framework/src/Illuminate/Foundation/Http/Middleware/TransformsRequest.php(21): Illuminate\\Pipeline\\Pipeline->Illuminate\\Pipeline\\{closure}()
#49 /home/jaycee/Projects/Email-Marketing/vendor/laravel/framework/src/Illuminate/Foundation/Http/Middleware/ConvertEmptyStringsToNull.php(31): Illuminate\\Foundation\\Http\\Middleware\\TransformsRequest->handle()
#50 /home/jaycee/Projects/Email-Marketing/vendor/laravel/framework/src/Illuminate/Pipeline/Pipeline.php(219): Illuminate\\Foundation\\Http\\Middleware\\ConvertEmptyStringsToNull->handle()
#51 /home/jaycee/Projects/Email-Marketing/vendor/laravel/framework/src/Illuminate/Foundation/Http/Middleware/TransformsRequest.php(21): Illuminate\\Pipeline\\Pipeline->Illuminate\\Pipeline\\{closure}()
#52 /home/jaycee/Projects/Email-Marketing/vendor/laravel/framework/src/Illuminate/Foundation/Http/Middleware/TrimStrings.php(51): Illuminate\\Foundation\\Http\\Middleware\\TransformsRequest->handle()
#53 /home/jaycee/Projects/Email-Marketing/vendor/laravel/framework/src/Illuminate/Pipeline/Pipeline.php(219): Illuminate\\Foundation\\Http\\Middleware\\TrimStrings->handle()
#54 /home/jaycee/Projects/Email-Marketing/vendor/laravel/framework/src/Illuminate/Http/Middleware/ValidatePostSize.php(27): Illuminate\\Pipeline\\Pipeline->Illuminate\\Pipeline\\{closure}()
#55 /home/jaycee/Projects/Email-Marketing/vendor/laravel/framework/src/Illuminate/Pipeline/Pipeline.php(219): Illuminate\\Http\\Middleware\\ValidatePostSize->handle()
#56 /home/jaycee/Projects/Email-Marketing/vendor/laravel/framework/src/Illuminate/Foundation/Http/Middleware/PreventRequestsDuringMaintenance.php(109): Illuminate\\Pipeline\\Pipeline->Illuminate\\Pipeline\\{closure}()
#57 /home/jaycee/Projects/Email-Marketing/vendor/laravel/framework/src/Illuminate/Pipeline/Pipeline.php(219): Illuminate\\Foundation\\Http\\Middleware\\PreventRequestsDuringMaintenance->handle()
#58 /home/jaycee/Projects/Email-Marketing/vendor/laravel/framework/src/Illuminate/Http/Middleware/HandleCors.php(48): Illuminate\\Pipeline\\Pipeline->Illuminate\\Pipeline\\{closure}()
#59 /home/jaycee/Projects/Email-Marketing/vendor/laravel/framework/src/Illuminate/Pipeline/Pipeline.php(219): Illuminate\\Http\\Middleware\\HandleCors->handle()
#60 /home/jaycee/Projects/Email-Marketing/vendor/laravel/framework/src/Illuminate/Http/Middleware/TrustProxies.php(58): Illuminate\\Pipeline\\Pipeline->Illuminate\\Pipeline\\{closure}()
#61 /home/jaycee/Projects/Email-Marketing/vendor/laravel/framework/src/Illuminate/Pipeline/Pipeline.php(219): Illuminate\\Http\\Middleware\\TrustProxies->handle()
#62 /home/jaycee/Projects/Email-Marketing/vendor/laravel/framework/src/Illuminate/Foundation/Http/Middleware/InvokeDeferredCallbacks.php(22): Illuminate\\Pipeline\\Pipeline->Illuminate\\Pipeline\\{closure}()
#63 /home/jaycee/Projects/Email-Marketing/vendor/laravel/framework/src/Illuminate/Pipeline/Pipeline.php(219): Illuminate\\Foundation\\Http\\Middleware\\InvokeDeferredCallbacks->handle()
#64 /home/jaycee/Projects/Email-Marketing/vendor/laravel/framework/src/Illuminate/Http/Middleware/ValidatePathEncoding.php(26): Illuminate\\Pipeline\\Pipeline->Illuminate\\Pipeline\\{closure}()
#65 /home/jaycee/Projects/Email-Marketing/vendor/laravel/framework/src/Illuminate/Pipeline/Pipeline.php(219): Illuminate\\Http\\Middleware\\ValidatePathEncoding->handle()
#66 /home/jaycee/Projects/Email-Marketing/vendor/laravel/framework/src/Illuminate/Pipeline/Pipeline.php(137): Illuminate\\Pipeline\\Pipeline->Illuminate\\Pipeline\\{closure}()
#67 /home/jaycee/Projects/Email-Marketing/vendor/laravel/framework/src/Illuminate/Foundation/Http/Kernel.php(175): Illuminate\\Pipeline\\Pipeline->then()
#68 /home/jaycee/Projects/Email-Marketing/vendor/laravel/framework/src/Illuminate/Foundation/Http/Kernel.php(144): Illuminate\\Foundation\\Http\\Kernel->sendRequestThroughRouter()
#69 /home/jaycee/Projects/Email-Marketing/vendor/laravel/framework/src/Illuminate/Foundation/Application.php(1220): Illuminate\\Foundation\\Http\\Kernel->handle()
#70 /home/jaycee/Projects/Email-Marketing/public/index.php(20): Illuminate\\Foundation\\Application->handleRequest()
#71 /home/jaycee/Projects/Email-Marketing/vendor/laravel/framework/src/Illuminate/Foundation/resources/server.php(23): require_once('...')
#72 {main}

[previous exception] [object] (ErrorException(code: 0): Attempt to read property \"avatar_url\" on null at /home/jaycee/Projects/Email-Marketing/storage/framework/views/fb8cc0add806753457d48979dd9de572.php:157)
[stacktrace]
#0 /home/jaycee/Projects/Email-Marketing/vendor/laravel/framework/src/Illuminate/Foundation/Bootstrap/HandleExceptions.php(258): Illuminate\\Foundation\\Bootstrap\\HandleExceptions->handleError()
#1 /home/jaycee/Projects/Email-Marketing/storage/framework/views/fb8cc0add806753457d48979dd9de572.php(157): Illuminate\\Foundation\\Bootstrap\\HandleExceptions->Illuminate\\Foundation\\Bootstrap\\{closure}()
#2 /home/jaycee/Projects/Email-Marketing/vendor/laravel/framework/src/Illuminate/Filesystem/Filesystem.php(123): require('...')
#3 /home/jaycee/Projects/Email-Marketing/vendor/laravel/framework/src/Illuminate/Filesystem/Filesystem.php(124): Illuminate\\Filesystem\\Filesystem::Illuminate\\Filesystem\\{closure}()
#4 /home/jaycee/Projects/Email-Marketing/vendor/laravel/framework/src/Illuminate/View/Engines/PhpEngine.php(57): Illuminate\\Filesystem\\Filesystem->getRequire()
#5 /home/jaycee/Projects/Email-Marketing/vendor/laravel/framework/src/Illuminate/View/Engines/CompilerEngine.php(76): Illuminate\\View\\Engines\\PhpEngine->evaluatePath()
#6 /home/jaycee/Projects/Email-Marketing/vendor/laravel/framework/src/Illuminate/View/View.php(208): Illuminate\\View\\Engines\\CompilerEngine->get()
#7 /home/jaycee/Projects/Email-Marketing/vendor/laravel/framework/src/Illuminate/View/View.php(191): Illuminate\\View\\View->getContents()
#8 /home/jaycee/Projects/Email-Marketing/vendor/laravel/framework/src/Illuminate/View/View.php(160): Illuminate\\View\\View->renderContents()
#9 /home/jaycee/Projects/Email-Marketing/storage/framework/views/a2cfe1c33e99ef310cb56d88b1cb068c.php(12): Illuminate\\View\\View->render()
#10 /home/jaycee/Projects/Email-Marketing/vendor/laravel/framework/src/Illuminate/Filesystem/Filesystem.php(123): require('...')
#11 /home/jaycee/Projects/Email-Marketing/vendor/laravel/framework/src/Illuminate/Filesystem/Filesystem.php(124): Illuminate\\Filesystem\\Filesystem::Illuminate\\Filesystem\\{closure}()
#12 /home/jaycee/Projects/Email-Marketing/vendor/laravel/framework/src/Illuminate/View/Engines/PhpEngine.php(57): Illuminate\\Filesystem\\Filesystem->getRequire()
#13 /home/jaycee/Projects/Email-Marketing/vendor/laravel/framework/src/Illuminate/View/Engines/CompilerEngine.php(76): Illuminate\\View\\Engines\\PhpEngine->evaluatePath()
#14 /home/jaycee/Projects/Email-Marketing/vendor/laravel/framework/src/Illuminate/View/View.php(208): Illuminate\\View\\Engines\\CompilerEngine->get()
#15 /home/jaycee/Projects/Email-Marketing/vendor/laravel/framework/src/Illuminate/View/View.php(191): Illuminate\\View\\View->getContents()
#16 /home/jaycee/Projects/Email-Marketing/vendor/laravel/framework/src/Illuminate/View/View.php(160): Illuminate\\View\\View->renderContents()
#17 /home/jaycee/Projects/Email-Marketing/vendor/laravel/framework/src/Illuminate/View/Concerns/ManagesComponents.php(103): Illuminate\\View\\View->render()
#18 /home/jaycee/Projects/Email-Marketing/storage/framework/views/720adf2da904dab03a2c05cfcacb81a0.php(370): Illuminate\\View\\Factory->renderComponent()
#19 /home/jaycee/Projects/Email-Marketing/vendor/laravel/framework/src/Illuminate/Filesystem/Filesystem.php(123): require('...')
#20 /home/jaycee/Projects/Email-Marketing/vendor/laravel/framework/src/Illuminate/Filesystem/Filesystem.php(124): Illuminate\\Filesystem\\Filesystem::Illuminate\\Filesystem\\{closure}()
#21 /home/jaycee/Projects/Email-Marketing/vendor/laravel/framework/src/Illuminate/View/Engines/PhpEngine.php(57): Illuminate\\Filesystem\\Filesystem->getRequire()
#22 /home/jaycee/Projects/Email-Marketing/vendor/laravel/framework/src/Illuminate/View/Engines/CompilerEngine.php(76): Illuminate\\View\\Engines\\PhpEngine->evaluatePath()
#23 /home/jaycee/Projects/Email-Marketing/vendor/laravel/framework/src/Illuminate/View/View.php(208): Illuminate\\View\\Engines\\CompilerEngine->get()
#24 /home/jaycee/Projects/Email-Marketing/vendor/laravel/framework/src/Illuminate/View/View.php(191): Illuminate\\View\\View->getContents()
#25 /home/jaycee/Projects/Email-Marketing/vendor/laravel/framework/src/Illuminate/View/View.php(160): Illuminate\\View\\View->renderContents()
#26 /home/jaycee/Projects/Email-Marketing/vendor/laravel/framework/src/Illuminate/Http/Response.php(78): Illuminate\\View\\View->render()
#27 /home/jaycee/Projects/Email-Marketing/vendor/laravel/framework/src/Illuminate/Http/Response.php(34): Illuminate\\Http\\Response->setContent()
#28 /home/jaycee/Projects/Email-Marketing/vendor/laravel/framework/src/Illuminate/Routing/Router.php(939): Illuminate\\Http\\Response->__construct()
#29 /home/jaycee/Projects/Email-Marketing/vendor/laravel/framework/src/Illuminate/Routing/Router.php(906): Illuminate\\Routing\\Router::toResponse()
#30 /home/jaycee/Projects/Email-Marketing/vendor/laravel/framework/src/Illuminate/Routing/Router.php(821): Illuminate\\Routing\\Router->prepareResponse()
#31 /home/jaycee/Projects/Email-Marketing/vendor/laravel/framework/src/Illuminate/Pipeline/Pipeline.php(180): Illuminate\\Routing\\Router->Illuminate\\Routing\\{closure}()
#32 /home/jaycee/Projects/Email-Marketing/vendor/laravel/framework/src/Illuminate/Routing/Middleware/SubstituteBindings.php(50): Illuminate\\Pipeline\\Pipeline->Illuminate\\Pipeline\\{closure}()
#33 /home/jaycee/Projects/Email-Marketing/vendor/laravel/framework/src/Illuminate/Pipeline/Pipeline.php(219): Illuminate\\Routing\\Middleware\\SubstituteBindings->handle()
#34 /home/jaycee/Projects/Email-Marketing/vendor/laravel/framework/src/Illuminate/Foundation/Http/Middleware/VerifyCsrfToken.php(87): Illuminate\\Pipeline\\Pipeline->Illuminate\\Pipeline\\{closure}()
#35 /home/jaycee/Projects/Email-Marketing/vendor/laravel/framework/src/Illuminate/Pipeline/Pipeline.php(219): Illuminate\\Foundation\\Http\\Middleware\\VerifyCsrfToken->handle()
#36 /home/jaycee/Projects/Email-Marketing/vendor/laravel/framework/src/Illuminate/View/Middleware/ShareErrorsFromSession.php(48): Illuminate\\Pipeline\\Pipeline->Illuminate\\Pipeline\\{closure}()
#37 /home/jaycee/Projects/Email-Marketing/vendor/laravel/framework/src/Illuminate/Pipeline/Pipeline.php(219): Illuminate\\View\\Middleware\\ShareErrorsFromSession->handle()
#38 /home/jaycee/Projects/Email-Marketing/vendor/laravel/framework/src/Illuminate/Session/Middleware/StartSession.php(120): Illuminate\\Pipeline\\Pipeline->Illuminate\\Pipeline\\{closure}()
#39 /home/jaycee/Projects/Email-Marketing/vendor/laravel/framework/src/Illuminate/Session/Middleware/StartSession.php(63): Illuminate\\Session\\Middleware\\StartSession->handleStatefulRequest()
#40 /home/jaycee/Projects/Email-Marketing/vendor/laravel/framework/src/Illuminate/Pipeline/Pipeline.php(219): Illuminate\\Session\\Middleware\\StartSession->handle()
#41 /home/jaycee/Projects/Email-Marketing/vendor/laravel/framework/src/Illuminate/Cookie/Middleware/AddQueuedCookiesToResponse.php(36): Illuminate\\Pipeline\\Pipeline->Illuminate\\Pipeline\\{closure}()
#42 /home/jaycee/Projects/Email-Marketing/vendor/laravel/framework/src/Illuminate/Pipeline/Pipeline.php(219): Illuminate\\Cookie\\Middleware\\AddQueuedCookiesToResponse->handle()
#43 /home/jaycee/Projects/Email-Marketing/vendor/laravel/framework/src/Illuminate/Cookie/Middleware/EncryptCookies.php(74): Illuminate\\Pipeline\\Pipeline->Illuminate\\Pipeline\\{closure}()
#44 /home/jaycee/Projects/Email-Marketing/vendor/laravel/framework/src/Illuminate/Pipeline/Pipeline.php(219): Illuminate\\Cookie\\Middleware\\EncryptCookies->handle()
#45 /home/jaycee/Projects/Email-Marketing/vendor/laravel/framework/src/Illuminate/Pipeline/Pipeline.php(137): Illuminate\\Pipeline\\Pipeline->Illuminate\\Pipeline\\{closure}()
#46 /home/jaycee/Projects/Email-Marketing/vendor/laravel/framework/src/Illuminate/Routing/Router.php(821): Illuminate\\Pipeline\\Pipeline->then()
#47 /home/jaycee/Projects/Email-Marketing/vendor/laravel/framework/src/Illuminate/Routing/Router.php(800): Illuminate\\Routing\\Router->runRouteWithinStack()
#48 /home/jaycee/Projects/Email-Marketing/vendor/laravel/framework/src/Illuminate/Routing/Router.php(764): Illuminate\\Routing\\Router->runRoute()
#49 /home/jaycee/Projects/Email-Marketing/vendor/laravel/framework/src/Illuminate/Routing/Router.php(753): Illuminate\\Routing\\Router->dispatchToRoute()
#50 /home/jaycee/Projects/Email-Marketing/vendor/laravel/framework/src/Illuminate/Foundation/Http/Kernel.php(200): Illuminate\\Routing\\Router->dispatch()
#51 /home/jaycee/Projects/Email-Marketing/vendor/laravel/framework/src/Illuminate/Pipeline/Pipeline.php(180): Illuminate\\Foundation\\Http\\Kernel->Illuminate\\Foundation\\Http\\{closure}()
#52 /home/jaycee/Projects/Email-Marketing/vendor/laravel/framework/src/Illuminate/Foundation/Http/Middleware/TransformsRequest.php(21): Illuminate\\Pipeline\\Pipeline->Illuminate\\Pipeline\\{closure}()
#53 /home/jaycee/Projects/Email-Marketing/vendor/laravel/framework/src/Illuminate/Foundation/Http/Middleware/ConvertEmptyStringsToNull.php(31): Illuminate\\Foundation\\Http\\Middleware\\TransformsRequest->handle()
#54 /home/jaycee/Projects/Email-Marketing/vendor/laravel/framework/src/Illuminate/Pipeline/Pipeline.php(219): Illuminate\\Foundation\\Http\\Middleware\\ConvertEmptyStringsToNull->handle()
#55 /home/jaycee/Projects/Email-Marketing/vendor/laravel/framework/src/Illuminate/Foundation/Http/Middleware/TransformsRequest.php(21): Illuminate\\Pipeline\\Pipeline->Illuminate\\Pipeline\\{closure}()
#56 /home/jaycee/Projects/Email-Marketing/vendor/laravel/framework/src/Illuminate/Foundation/Http/Middleware/TrimStrings.php(51): Illuminate\\Foundation\\Http\\Middleware\\TransformsRequest->handle()
#57 /home/jaycee/Projects/Email-Marketing/vendor/laravel/framework/src/Illuminate/Pipeline/Pipeline.php(219): Illuminate\\Foundation\\Http\\Middleware\\TrimStrings->handle()
#58 /home/jaycee/Projects/Email-Marketing/vendor/laravel/framework/src/Illuminate/Http/Middleware/ValidatePostSize.php(27): Illuminate\\Pipeline\\Pipeline->Illuminate\\Pipeline\\{closure}()
#59 /home/jaycee/Projects/Email-Marketing/vendor/laravel/framework/src/Illuminate/Pipeline/Pipeline.php(219): Illuminate\\Http\\Middleware\\ValidatePostSize->handle()
#60 /home/jaycee/Projects/Email-Marketing/vendor/laravel/framework/src/Illuminate/Foundation/Http/Middleware/PreventRequestsDuringMaintenance.php(109): Illuminate\\Pipeline\\Pipeline->Illuminate\\Pipeline\\{closure}()
#61 /home/jaycee/Projects/Email-Marketing/vendor/laravel/framework/src/Illuminate/Pipeline/Pipeline.php(219): Illuminate\\Foundation\\Http\\Middleware\\PreventRequestsDuringMaintenance->handle()
#62 /home/jaycee/Projects/Email-Marketing/vendor/laravel/framework/src/Illuminate/Http/Middleware/HandleCors.php(48): Illuminate\\Pipeline\\Pipeline->Illuminate\\Pipeline\\{closure}()
#63 /home/jaycee/Projects/Email-Marketing/vendor/laravel/framework/src/Illuminate/Pipeline/Pipeline.php(219): Illuminate\\Http\\Middleware\\HandleCors->handle()
#64 /home/jaycee/Projects/Email-Marketing/vendor/laravel/framework/src/Illuminate/Http/Middleware/TrustProxies.php(58): Illuminate\\Pipeline\\Pipeline->Illuminate\\Pipeline\\{closure}()
#65 /home/jaycee/Projects/Email-Marketing/vendor/laravel/framework/src/Illuminate/Pipeline/Pipeline.php(219): Illuminate\\Http\\Middleware\\TrustProxies->handle()
#66 /home/jaycee/Projects/Email-Marketing/vendor/laravel/framework/src/Illuminate/Foundation/Http/Middleware/InvokeDeferredCallbacks.php(22): Illuminate\\Pipeline\\Pipeline->Illuminate\\Pipeline\\{closure}()
#67 /home/jaycee/Projects/Email-Marketing/vendor/laravel/framework/src/Illuminate/Pipeline/Pipeline.php(219): Illuminate\\Foundation\\Http\\Middleware\\InvokeDeferredCallbacks->handle()
#68 /home/jaycee/Projects/Email-Marketing/vendor/laravel/framework/src/Illuminate/Http/Middleware/ValidatePathEncoding.php(26): Illuminate\\Pipeline\\Pipeline->Illuminate\\Pipeline\\{closure}()
#69 /home/jaycee/Projects/Email-Marketing/vendor/laravel/framework/src/Illuminate/Pipeline/Pipeline.php(219): Illuminate\\Http\\Middleware\\ValidatePathEncoding->handle()
#70 /home/jaycee/Projects/Email-Marketing/vendor/laravel/framework/src/Illuminate/Pipeline/Pipeline.php(137): Illuminate\\Pipeline\\Pipeline->Illuminate\\Pipeline\\{closure}()
#71 /home/jaycee/Projects/Email-Marketing/vendor/laravel/framework/src/Illuminate/Foundation/Http/Kernel.php(175): Illuminate\\Pipeline\\Pipeline->then()
#72 /home/jaycee/Projects/Email-Marketing/vendor/laravel/framework/src/Illuminate/Foundation/Http/Kernel.php(144): Illuminate\\Foundation\\Http\\Kernel->sendRequestThroughRouter()
#73 /home/jaycee/Projects/Email-Marketing/vendor/laravel/framework/src/Illuminate/Foundation/Application.php(1220): Illuminate\\Foundation\\Http\\Kernel->handle()
#74 /home/jaycee/Projects/Email-Marketing/public/index.php(20): Illuminate\\Foundation\\Application->handleRequest()
#75 /home/jaycee/Projects/Email-Marketing/vendor/laravel/framework/src/Illuminate/Foundation/resources/server.php(23): require_once('...')
#76 {main}
"} 
[2026-06-25 06:43:43] local.ERROR: Attempt to read property "avatar_url" on null (View: /home/jaycee/Projects/Email-Marketing/resources/views/layouts/sidebar.blade.php) (View: /home/jaycee/Projects/Email-Marketing/resources/views/layouts/sidebar.blade.php) (View: /home/jaycee/Projects/Email-Marketing/resources/views/layouts/sidebar.blade.php) {"exception":"[object] (Illuminate\\View\\ViewException(code: 0): Attempt to read property \"avatar_url\" on null (View: /home/jaycee/Projects/Email-Marketing/resources/views/layouts/sidebar.blade.php) (View: /home/jaycee/Projects/Email-Marketing/resources/views/layouts/sidebar.blade.php) (View: /home/jaycee/Projects/Email-Marketing/resources/views/layouts/sidebar.blade.php) at /home/jaycee/Projects/Email-Marketing/storage/framework/views/fb8cc0add806753457d48979dd9de572.php:157)
[stacktrace]
#0 /home/jaycee/Projects/Email-Marketing/vendor/laravel/framework/src/Illuminate/View/Engines/PhpEngine.php(59): Illuminate\\View\\Engines\\CompilerEngine->handleViewException()
#1 /home/jaycee/Projects/Email-Marketing/vendor/laravel/framework/src/Illuminate/View/Engines/CompilerEngine.php(76): Illuminate\\View\\Engines\\PhpEngine->evaluatePath()
#2 /home/jaycee/Projects/Email-Marketing/vendor/laravel/framework/src/Illuminate/View/View.php(208): Illuminate\\View\\Engines\\CompilerEngine->get()
#3 /home/jaycee/Projects/Email-Marketing/vendor/laravel/framework/src/Illuminate/View/View.php(191): Illuminate\\View\\View->getContents()
#4 /home/jaycee/Projects/Email-Marketing/vendor/laravel/framework/src/Illuminate/View/View.php(160): Illuminate\\View\\View->renderContents()
#5 /home/jaycee/Projects/Email-Marketing/vendor/laravel/framework/src/Illuminate/Http/Response.php(78): Illuminate\\View\\View->render()
#6 /home/jaycee/Projects/Email-Marketing/vendor/laravel/framework/src/Illuminate/Http/Response.php(34): Illuminate\\Http\\Response->setContent()
#7 /home/jaycee/Projects/Email-Marketing/vendor/laravel/framework/src/Illuminate/Routing/Router.php(939): Illuminate\\Http\\Response->__construct()
#8 /home/jaycee/Projects/Email-Marketing/vendor/laravel/framework/src/Illuminate/Routing/Router.php(906): Illuminate\\Routing\\Router::toResponse()
#9 /home/jaycee/Projects/Email-Marketing/vendor/laravel/framework/src/Illuminate/Routing/Router.php(821): Illuminate\\Routing\\Router->prepareResponse()
#10 /home/jaycee/Projects/Email-Marketing/vendor/laravel/framework/src/Illuminate/Pipeline/Pipeline.php(180): Illuminate\\Routing\\Router->Illuminate\\Routing\\{closure}()
#11 /home/jaycee/Projects/Email-Marketing/vendor/laravel/framework/src/Illuminate/Routing/Middleware/SubstituteBindings.php(50): Illuminate\\Pipeline\\Pipeline->Illuminate\\Pipeline\\{closure}()
#12 /home/jaycee/Projects/Email-Marketing/vendor/laravel/framework/src/Illuminate/Pipeline/Pipeline.php(219): Illuminate\\Routing\\Middleware\\SubstituteBindings->handle()
#13 /home/jaycee/Projects/Email-Marketing/vendor/laravel/framework/src/Illuminate/Foundation/Http/Middleware/VerifyCsrfToken.php(87): Illuminate\\Pipeline\\Pipeline->Illuminate\\Pipeline\\{closure}()
#14 /home/jaycee/Projects/Email-Marketing/vendor/laravel/framework/src/Illuminate/Pipeline/Pipeline.php(219): Illuminate\\Foundation\\Http\\Middleware\\VerifyCsrfToken->handle()
#15 /home/jaycee/Projects/Email-Marketing/vendor/laravel/framework/src/Illuminate/View/Middleware/ShareErrorsFromSession.php(48): Illuminate\\Pipeline\\Pipeline->Illuminate\\Pipeline\\{closure}()
#16 /home/jaycee/Projects/Email-Marketing/vendor/laravel/framework/src/Illuminate/Pipeline/Pipeline.php(219): Illuminate\\View\\Middleware\\ShareErrorsFromSession->handle()
#17 /home/jaycee/Projects/Email-Marketing/vendor/laravel/framework/src/Illuminate/Session/Middleware/StartSession.php(120): Illuminate\\Pipeline\\Pipeline->Illuminate\\Pipeline\\{closure}()
#18 /home/jaycee/Projects/Email-Marketing/vendor/laravel/framework/src/Illuminate/Session/Middleware/StartSession.php(63): Illuminate\\Session\\Middleware\\StartSession->handleStatefulRequest()
#19 /home/jaycee/Projects/Email-Marketing/vendor/laravel/framework/src/Illuminate/Pipeline/Pipeline.php(219): Illuminate\\Session\\Middleware\\StartSession->handle()
#20 /home/jaycee/Projects/Email-Marketing/vendor/laravel/framework/src/Illuminate/Cookie/Middleware/AddQueuedCookiesToResponse.php(36): Illuminate\\Pipeline\\Pipeline->Illuminate\\Pipeline\\{closure}()
#21 /home/jaycee/Projects/Email-Marketing/vendor/laravel/framework/src/Illuminate/Pipeline/Pipeline.php(219): Illuminate\\Cookie\\Middleware\\AddQueuedCookiesToResponse->handle()
#22 /home/jaycee/Projects/Email-Marketing/vendor/laravel/framework/src/Illuminate/Cookie/Middleware/EncryptCookies.php(74): Illuminate\\Pipeline\\Pipeline->Illuminate\\Pipeline\\{closure}()
#23 /home/jaycee/Projects/Email-Marketing/vendor/laravel/framework/src/Illuminate/Pipeline/Pipeline.php(219): Illuminate\\Cookie\\Middleware\\EncryptCookies->handle()
#24 /home/jaycee/Projects/Email-Marketing/vendor/laravel/framework/src/Illuminate/Pipeline/Pipeline.php(137): Illuminate\\Pipeline\\Pipeline->Illuminate\\Pipeline\\{closure}()
#25 /home/jaycee/Projects/Email-Marketing/vendor/laravel/framework/src/Illuminate/Routing/Router.php(821): Illuminate\\Pipeline\\Pipeline->then()
#26 /home/jaycee/Projects/Email-Marketing/vendor/laravel/framework/src/Illuminate/Routing/Router.php(800): Illuminate\\Routing\\Router->runRouteWithinStack()
#27 /home/jaycee/Projects/Email-Marketing/vendor/laravel/framework/src/Illuminate/Routing/Router.php(764): Illuminate\\Routing\\Router->runRoute()
#28 /home/jaycee/Projects/Email-Marketing/vendor/laravel/framework/src/Illuminate/Routing/Router.php(753): Illuminate\\Routing\\Router->dispatchToRoute()
#29 /home/jaycee/Projects/Email-Marketing/vendor/laravel/framework/src/Illuminate/Foundation/Http/Kernel.php(200): Illuminate\\Routing\\Router->dispatch()
#30 /home/jaycee/Projects/Email-Marketing/vendor/laravel/framework/src/Illuminate/Pipeline/Pipeline.php(180): Illuminate\\Foundation\\Http\\Kernel->Illuminate\\Foundation\\Http\\{closure}()
#31 /home/jaycee/Projects/Email-Marketing/vendor/laravel/framework/src/Illuminate/Foundation/Http/Middleware/TransformsRequest.php(21): Illuminate\\Pipeline\\Pipeline->Illuminate\\Pipeline\\{closure}()
#32 /home/jaycee/Projects/Email-Marketing/vendor/laravel/framework/src/Illuminate/Foundation/Http/Middleware/ConvertEmptyStringsToNull.php(31): Illuminate\\Foundation\\Http\\Middleware\\TransformsRequest->handle()
#33 /home/jaycee/Projects/Email-Marketing/vendor/laravel/framework/src/Illuminate/Pipeline/Pipeline.php(219): Illuminate\\Foundation\\Http\\Middleware\\ConvertEmptyStringsToNull->handle()
#34 /home/jaycee/Projects/Email-Marketing/vendor/laravel/framework/src/Illuminate/Foundation/Http/Middleware/TransformsRequest.php(21): Illuminate\\Pipeline\\Pipeline->Illuminate\\Pipeline\\{closure}()
#35 /home/jaycee/Projects/Email-Marketing/vendor/laravel/framework/src/Illuminate/Foundation/Http/Middleware/TrimStrings.php(51): Illuminate\\Foundation\\Http\\Middleware\\TransformsRequest->handle()
#36 /home/jaycee/Projects/Email-Marketing/vendor/laravel/framework/src/Illuminate/Pipeline/Pipeline.php(219): Illuminate\\Foundation\\Http\\Middleware\\TrimStrings->handle()
#37 /home/jaycee/Projects/Email-Marketing/vendor/laravel/framework/src/Illuminate/Http/Middleware/ValidatePostSize.php(27): Illuminate\\Pipeline\\Pipeline->Illuminate\\Pipeline\\{closure}()
#38 /home/jaycee/Projects/Email-Marketing/vendor/laravel/framework/src/Illuminate/Pipeline/Pipeline.php(219): Illuminate\\Http\\Middleware\\ValidatePostSize->handle()
#39 /home/jaycee/Projects/Email-Marketing/vendor/laravel/framework/src/Illuminate/Foundation/Http/Middleware/PreventRequestsDuringMaintenance.php(109): Illuminate\\Pipeline\\Pipeline->Illuminate\\Pipeline\\{closure}()
#40 /home/jaycee/Projects/Email-Marketing/vendor/laravel/framework/src/Illuminate/Pipeline/Pipeline.php(219): Illuminate\\Foundation\\Http\\Middleware\\PreventRequestsDuringMaintenance->handle()
#41 /home/jaycee/Projects/Email-Marketing/vendor/laravel/framework/src/Illuminate/Http/Middleware/HandleCors.php(48): Illuminate\\Pipeline\\Pipeline->Illuminate\\Pipeline\\{closure}()
#42 /home/jaycee/Projects/Email-Marketing/vendor/laravel/framework/src/Illuminate/Pipeline/Pipeline.php(219): Illuminate\\Http\\Middleware\\HandleCors->handle()
#43 /home/jaycee/Projects/Email-Marketing/vendor/laravel/framework/src/Illuminate/Http/Middleware/TrustProxies.php(58): Illuminate\\Pipeline\\Pipeline->Illuminate\\Pipeline\\{closure}()
#44 /home/jaycee/Projects/Email-Marketing/vendor/laravel/framework/src/Illuminate/Pipeline/Pipeline.php(219): Illuminate\\Http\\Middleware\\TrustProxies->handle()
#45 /home/jaycee/Projects/Email-Marketing/vendor/laravel/framework/src/Illuminate/Foundation/Http/Middleware/InvokeDeferredCallbacks.php(22): Illuminate\\Pipeline\\Pipeline->Illuminate\\Pipeline\\{closure}()
#46 /home/jaycee/Projects/Email-Marketing/vendor/laravel/framework/src/Illuminate/Pipeline/Pipeline.php(219): Illuminate\\Foundation\\Http\\Middleware\\InvokeDeferredCallbacks->handle()
#47 /home/jaycee/Projects/Email-Marketing/vendor/laravel/framework/src/Illuminate/Http/Middleware/ValidatePathEncoding.php(26): Illuminate\\Pipeline\\Pipeline->Illuminate\\Pipeline\\{closure}()
#48 /home/jaycee/Projects/Email-Marketing/vendor/laravel/framework/src/Illuminate/Pipeline/Pipeline.php(219): Illuminate\\Http\\Middleware\\ValidatePathEncoding->handle()
#49 /home/jaycee/Projects/Email-Marketing/vendor/laravel/framework/src/Illuminate/Pipeline/Pipeline.php(137): Illuminate\\Pipeline\\Pipeline->Illuminate\\Pipeline\\{closure}()
#50 /home/jaycee/Projects/Email-Marketing/vendor/laravel/framework/src/Illuminate/Foundation/Http/Kernel.php(175): Illuminate\\Pipeline\\Pipeline->then()
#51 /home/jaycee/Projects/Email-Marketing/vendor/laravel/framework/src/Illuminate/Foundation/Http/Kernel.php(144): Illuminate\\Foundation\\Http\\Kernel->sendRequestThroughRouter()
#52 /home/jaycee/Projects/Email-Marketing/vendor/laravel/framework/src/Illuminate/Foundation/Application.php(1220): Illuminate\\Foundation\\Http\\Kernel->handle()
#53 /home/jaycee/Projects/Email-Marketing/public/index.php(20): Illuminate\\Foundation\\Application->handleRequest()
#54 /home/jaycee/Projects/Email-Marketing/vendor/laravel/framework/src/Illuminate/Foundation/resources/server.php(23): require_once('...')
#55 {main}

[previous exception] [object] (Illuminate\\View\\ViewException(code: 0): Attempt to read property \"avatar_url\" on null (View: /home/jaycee/Projects/Email-Marketing/resources/views/layouts/sidebar.blade.php) (View: /home/jaycee/Projects/Email-Marketing/resources/views/layouts/sidebar.blade.php) at /home/jaycee/Projects/Email-Marketing/storage/framework/views/fb8cc0add806753457d48979dd9de572.php:157)
[stacktrace]
#0 /home/jaycee/Projects/Email-Marketing/vendor/laravel/framework/src/Illuminate/View/Engines/PhpEngine.php(59): Illuminate\\View\\Engines\\CompilerEngine->handleViewException()
#1 /home/jaycee/Projects/Email-Marketing/vendor/laravel/framework/src/Illuminate/View/Engines/CompilerEngine.php(76): Illuminate\\View\\Engines\\PhpEngine->evaluatePath()
#2 /home/jaycee/Projects/Email-Marketing/vendor/laravel/framework/src/Illuminate/View/View.php(208): Illuminate\\View\\Engines\\CompilerEngine->get()
#3 /home/jaycee/Projects/Email-Marketing/vendor/laravel/framework/src/Illuminate/View/View.php(191): Illuminate\\View\\View->getContents()
#4 /home/jaycee/Projects/Email-Marketing/vendor/laravel/framework/src/Illuminate/View/View.php(160): Illuminate\\View\\View->renderContents()
#5 /home/jaycee/Projects/Email-Marketing/vendor/laravel/framework/src/Illuminate/View/Concerns/ManagesComponents.php(103): Illuminate\\View\\View->render()
#6 /home/jaycee/Projects/Email-Marketing/storage/framework/views/720adf2da904dab03a2c05cfcacb81a0.php(370): Illuminate\\View\\Factory->renderComponent()
#7 /home/jaycee/Projects/Email-Marketing/vendor/laravel/framework/src/Illuminate/Filesystem/Filesystem.php(123): require('...')
#8 /home/jaycee/Projects/Email-Marketing/vendor/laravel/framework/src/Illuminate/Filesystem/Filesystem.php(124): Illuminate\\Filesystem\\Filesystem::Illuminate\\Filesystem\\{closure}()
#9 /home/jaycee/Projects/Email-Marketing/vendor/laravel/framework/src/Illuminate/View/Engines/PhpEngine.php(57): Illuminate\\Filesystem\\Filesystem->getRequire()
#10 /home/jaycee/Projects/Email-Marketing/vendor/laravel/framework/src/Illuminate/View/Engines/CompilerEngine.php(76): Illuminate\\View\\Engines\\PhpEngine->evaluatePath()
#11 /home/jaycee/Projects/Email-Marketing/vendor/laravel/framework/src/Illuminate/View/View.php(208): Illuminate\\View\\Engines\\CompilerEngine->get()
#12 /home/jaycee/Projects/Email-Marketing/vendor/laravel/framework/src/Illuminate/View/View.php(191): Illuminate\\View\\View->getContents()
#13 /home/jaycee/Projects/Email-Marketing/vendor/laravel/framework/src/Illuminate/View/View.php(160): Illuminate\\View\\View->renderContents()
#14 /home/jaycee/Projects/Email-Marketing/vendor/laravel/framework/src/Illuminate/Http/Response.php(78): Illuminate\\View\\View->render()
#15 /home/jaycee/Projects/Email-Marketing/vendor/laravel/framework/src/Illuminate/Http/Response.php(34): Illuminate\\Http\\Response->setContent()
#16 /home/jaycee/Projects/Email-Marketing/vendor/laravel/framework/src/Illuminate/Routing/Router.php(939): Illuminate\\Http\\Response->__construct()
#17 /home/jaycee/Projects/Email-Marketing/vendor/laravel/framework/src/Illuminate/Routing/Router.php(906): Illuminate\\Routing\\Router::toResponse()
#18 /home/jaycee/Projects/Email-Marketing/vendor/laravel/framework/src/Illuminate/Routing/Router.php(821): Illuminate\\Routing\\Router->prepareResponse()
#19 /home/jaycee/Projects/Email-Marketing/vendor/laravel/framework/src/Illuminate/Pipeline/Pipeline.php(180): Illuminate\\Routing\\Router->Illuminate\\Routing\\{closure}()
#20 /home/jaycee/Projects/Email-Marketing/vendor/laravel/framework/src/Illuminate/Routing/Middleware/SubstituteBindings.php(50): Illuminate\\Pipeline\\Pipeline->Illuminate\\Pipeline\\{closure}()
#21 /home/jaycee/Projects/Email-Marketing/vendor/laravel/framework/src/Illuminate/Pipeline/Pipeline.php(219): Illuminate\\Routing\\Middleware\\SubstituteBindings->handle()
#22 /home/jaycee/Projects/Email-Marketing/vendor/laravel/framework/src/Illuminate/Foundation/Http/Middleware/VerifyCsrfToken.php(87): Illuminate\\Pipeline\\Pipeline->Illuminate\\Pipeline\\{closure}()
#23 /home/jaycee/Projects/Email-Marketing/vendor/laravel/framework/src/Illuminate/Pipeline/Pipeline.php(219): Illuminate\\Foundation\\Http\\Middleware\\VerifyCsrfToken->handle()
#24 /home/jaycee/Projects/Email-Marketing/vendor/laravel/framework/src/Illuminate/View/Middleware/ShareErrorsFromSession.php(48): Illuminate\\Pipeline\\Pipeline->Illuminate\\Pipeline\\{closure}()
#25 /home/jaycee/Projects/Email-Marketing/vendor/laravel/framework/src/Illuminate/Pipeline/Pipeline.php(219): Illuminate\\View\\Middleware\\ShareErrorsFromSession->handle()
#26 /home/jaycee/Projects/Email-Marketing/vendor/laravel/framework/src/Illuminate/Session/Middleware/StartSession.php(120): Illuminate\\Pipeline\\Pipeline->Illuminate\\Pipeline\\{closure}()
#27 /home/jaycee/Projects/Email-Marketing/vendor/laravel/framework/src/Illuminate/Session/Middleware/StartSession.php(63): Illuminate\\Session\\Middleware\\StartSession->handleStatefulRequest()
#28 /home/jaycee/Projects/Email-Marketing/vendor/laravel/framework/src/Illuminate/Pipeline/Pipeline.php(219): Illuminate\\Session\\Middleware\\StartSession->handle()
#29 /home/jaycee/Projects/Email-Marketing/vendor/laravel/framework/src/Illuminate/Cookie/Middleware/AddQueuedCookiesToResponse.php(36): Illuminate\\Pipeline\\Pipeline->Illuminate\\Pipeline\\{closure}()
#30 /home/jaycee/Projects/Email-Marketing/vendor/laravel/framework/src/Illuminate/Pipeline/Pipeline.php(219): Illuminate\\Cookie\\Middleware\\AddQueuedCookiesToResponse->handle()
#31 /home/jaycee/Projects/Email-Marketing/vendor/laravel/framework/src/Illuminate/Cookie/Middleware/EncryptCookies.php(74): Illuminate\\Pipeline\\Pipeline->Illuminate\\Pipeline\\{closure}()
#32 /home/jaycee/Projects/Email-Marketing/vendor/laravel/framework/src/Illuminate/Pipeline/Pipeline.php(219): Illuminate\\Cookie\\Middleware\\EncryptCookies->handle()
#33 /home/jaycee/Projects/Email-Marketing/vendor/laravel/framework/src/Illuminate/Pipeline/Pipeline.php(137): Illuminate\\Pipeline\\Pipeline->Illuminate\\Pipeline\\{closure}()
#34 /home/jaycee/Projects/Email-Marketing/vendor/laravel/framework/src/Illuminate/Routing/Router.php(821): Illuminate\\Pipeline\\Pipeline->then()
#35 /home/jaycee/Projects/Email-Marketing/vendor/laravel/framework/src/Illuminate/Routing/Router.php(800): Illuminate\\Routing\\Router->runRouteWithinStack()
#36 /home/jaycee/Projects/Email-Marketing/vendor/laravel/framework/src/Illuminate/Routing/Router.php(764): Illuminate\\Routing\\Router->runRoute()
#37 /home/jaycee/Projects/Email-Marketing/vendor/laravel/framework/src/Illuminate/Routing/Router.php(753): Illuminate\\Routing\\Router->dispatchToRoute()
#38 /home/jaycee/Projects/Email-Marketing/vendor/laravel/framework/src/Illuminate/Foundation/Http/Kernel.php(200): Illuminate\\Routing\\Router->dispatch()
#39 /home/jaycee/Projects/Email-Marketing/vendor/laravel/framework/src/Illuminate/Pipeline/Pipeline.php(180): Illuminate\\Foundation\\Http\\Kernel->Illuminate\\Foundation\\Http\\{closure}()
#40 /home/jaycee/Projects/Email-Marketing/vendor/laravel/framework/src/Illuminate/Foundation/Http/Middleware/TransformsRequest.php(21): Illuminate\\Pipeline\\Pipeline->Illuminate\\Pipeline\\{closure}()
#41 /home/jaycee/Projects/Email-Marketing/vendor/laravel/framework/src/Illuminate/Foundation/Http/Middleware/ConvertEmptyStringsToNull.php(31): Illuminate\\Foundation\\Http\\Middleware\\TransformsRequest->handle()
#42 /home/jaycee/Projects/Email-Marketing/vendor/laravel/framework/src/Illuminate/Pipeline/Pipeline.php(219): Illuminate\\Foundation\\Http\\Middleware\\ConvertEmptyStringsToNull->handle()
#43 /home/jaycee/Projects/Email-Marketing/vendor/laravel/framework/src/Illuminate/Foundation/Http/Middleware/TransformsRequest.php(21): Illuminate\\Pipeline\\Pipeline->Illuminate\\Pipeline\\{closure}()
#44 /home/jaycee/Projects/Email-Marketing/vendor/laravel/framework/src/Illuminate/Foundation/Http/Middleware/TrimStrings.php(51): Illuminate\\Foundation\\Http\\Middleware\\TransformsRequest->handle()
#45 /home/jaycee/Projects/Email-Marketing/vendor/laravel/framework/src/Illuminate/Pipeline/Pipeline.php(219): Illuminate\\Foundation\\Http\\Middleware\\TrimStrings->handle()
#46 /home/jaycee/Projects/Email-Marketing/vendor/laravel/framework/src/Illuminate/Http/Middleware/ValidatePostSize.php(27): Illuminate\\Pipeline\\Pipeline->Illuminate\\Pipeline\\{closure}()
#47 /home/jaycee/Projects/Email-Marketing/vendor/laravel/framework/src/Illuminate/Pipeline/Pipeline.php(219): Illuminate\\Http\\Middleware\\ValidatePostSize->handle()
#48 /home/jaycee/Projects/Email-Marketing/vendor/laravel/framework/src/Illuminate/Foundation/Http/Middleware/PreventRequestsDuringMaintenance.php(109): Illuminate\\Pipeline\\Pipeline->Illuminate\\Pipeline\\{closure}()
#49 /home/jaycee/Projects/Email-Marketing/vendor/laravel/framework/src/Illuminate/Pipeline/Pipeline.php(219): Illuminate\\Foundation\\Http\\Middleware\\PreventRequestsDuringMaintenance->handle()
#50 /home/jaycee/Projects/Email-Marketing/vendor/laravel/framework/src/Illuminate/Http/Middleware/HandleCors.php(48): Illuminate\\Pipeline\\Pipeline->Illuminate\\Pipeline\\{closure}()
#51 /home/jaycee/Projects/Email-Marketing/vendor/laravel/framework/src/Illuminate/Pipeline/Pipeline.php(219): Illuminate\\Http\\Middleware\\HandleCors->handle()
#52 /home/jaycee/Projects/Email-Marketing/vendor/laravel/framework/src/Illuminate/Http/Middleware/TrustProxies.php(58): Illuminate\\Pipeline\\Pipeline->Illuminate\\Pipeline\\{closure}()
#53 /home/jaycee/Projects/Email-Marketing/vendor/laravel/framework/src/Illuminate/Pipeline/Pipeline.php(219): Illuminate\\Http\\Middleware\\TrustProxies->handle()
#54 /home/jaycee/Projects/Email-Marketing/vendor/laravel/framework/src/Illuminate/Foundation/Http/Middleware/InvokeDeferredCallbacks.php(22): Illuminate\\Pipeline\\Pipeline->Illuminate\\Pipeline\\{closure}()
#55 /home/jaycee/Projects/Email-Marketing/vendor/laravel/framework/src/Illuminate/Pipeline/Pipeline.php(219): Illuminate\\Foundation\\Http\\Middleware\\InvokeDeferredCallbacks->handle()
#56 /home/jaycee/Projects/Email-Marketing/vendor/laravel/framework/src/Illuminate/Http/Middleware/ValidatePathEncoding.php(26): Illuminate\\Pipeline\\Pipeline->Illuminate\\Pipeline\\{closure}()
#57 /home/jaycee/Projects/Email-Marketing/vendor/laravel/framework/src/Illuminate/Pipeline/Pipeline.php(219): Illuminate\\Http\\Middleware\\ValidatePathEncoding->handle()
#58 /home/jaycee/Projects/Email-Marketing/vendor/laravel/framework/src/Illuminate/Pipeline/Pipeline.php(137): Illuminate\\Pipeline\\Pipeline->Illuminate\\Pipeline\\{closure}()
#59 /home/jaycee/Projects/Email-Marketing/vendor/laravel/framework/src/Illuminate/Foundation/Http/Kernel.php(175): Illuminate\\Pipeline\\Pipeline->then()
#60 /home/jaycee/Projects/Email-Marketing/vendor/laravel/framework/src/Illuminate/Foundation/Http/Kernel.php(144): Illuminate\\Foundation\\Http\\Kernel->sendRequestThroughRouter()
#61 /home/jaycee/Projects/Email-Marketing/vendor/laravel/framework/src/Illuminate/Foundation/Application.php(1220): Illuminate\\Foundation\\Http\\Kernel->handle()
#62 /home/jaycee/Projects/Email-Marketing/public/index.php(20): Illuminate\\Foundation\\Application->handleRequest()
#63 /home/jaycee/Projects/Email-Marketing/vendor/laravel/framework/src/Illuminate/Foundation/resources/server.php(23): require_once('...')
#64 {main}

[previous exception] [object] (Illuminate\\View\\ViewException(code: 0): Attempt to read property \"avatar_url\" on null (View: /home/jaycee/Projects/Email-Marketing/resources/views/layouts/sidebar.blade.php) at /home/jaycee/Projects/Email-Marketing/storage/framework/views/fb8cc0add806753457d48979dd9de572.php:157)
[stacktrace]
#0 /home/jaycee/Projects/Email-Marketing/vendor/laravel/framework/src/Illuminate/View/Engines/PhpEngine.php(59): Illuminate\\View\\Engines\\CompilerEngine->handleViewException()
#1 /home/jaycee/Projects/Email-Marketing/vendor/laravel/framework/src/Illuminate/View/Engines/CompilerEngine.php(76): Illuminate\\View\\Engines\\PhpEngine->evaluatePath()
#2 /home/jaycee/Projects/Email-Marketing/vendor/laravel/framework/src/Illuminate/View/View.php(208): Illuminate\\View\\Engines\\CompilerEngine->get()
#3 /home/jaycee/Projects/Email-Marketing/vendor/laravel/framework/src/Illuminate/View/View.php(191): Illuminate\\View\\View->getContents()
#4 /home/jaycee/Projects/Email-Marketing/vendor/laravel/framework/src/Illuminate/View/View.php(160): Illuminate\\View\\View->renderContents()
#5 /home/jaycee/Projects/Email-Marketing/storage/framework/views/a2cfe1c33e99ef310cb56d88b1cb068c.php(12): Illuminate\\View\\View->render()
#6 /home/jaycee/Projects/Email-Marketing/vendor/laravel/framework/src/Illuminate/Filesystem/Filesystem.php(123): require('...')
#7 /home/jaycee/Projects/Email-Marketing/vendor/laravel/framework/src/Illuminate/Filesystem/Filesystem.php(124): Illuminate\\Filesystem\\Filesystem::Illuminate\\Filesystem\\{closure}()
#8 /home/jaycee/Projects/Email-Marketing/vendor/laravel/framework/src/Illuminate/View/Engines/PhpEngine.php(57): Illuminate\\Filesystem\\Filesystem->getRequire()
#9 /home/jaycee/Projects/Email-Marketing/vendor/laravel/framework/src/Illuminate/View/Engines/CompilerEngine.php(76): Illuminate\\View\\Engines\\PhpEngine->evaluatePath()
#10 /home/jaycee/Projects/Email-Marketing/vendor/laravel/framework/src/Illuminate/View/View.php(208): Illuminate\\View\\Engines\\CompilerEngine->get()
#11 /home/jaycee/Projects/Email-Marketing/vendor/laravel/framework/src/Illuminate/View/View.php(191): Illuminate\\View\\View->getContents()
#12 /home/jaycee/Projects/Email-Marketing/vendor/laravel/framework/src/Illuminate/View/View.php(160): Illuminate\\View\\View->renderContents()
#13 /home/jaycee/Projects/Email-Marketing/vendor/laravel/framework/src/Illuminate/View/Concerns/ManagesComponents.php(103): Illuminate\\View\\View->render()
#14 /home/jaycee/Projects/Email-Marketing/storage/framework/views/720adf2da904dab03a2c05cfcacb81a0.php(370): Illuminate\\View\\Factory->renderComponent()
#15 /home/jaycee/Projects/Email-Marketing/vendor/laravel/framework/src/Illuminate/Filesystem/Filesystem.php(123): require('...')
#16 /home/jaycee/Projects/Email-Marketing/vendor/laravel/framework/src/Illuminate/Filesystem/Filesystem.php(124): Illuminate\\Filesystem\\Filesystem::Illuminate\\Filesystem\\{closure}()
#17 /home/jaycee/Projects/Email-Marketing/vendor/laravel/framework/src/Illuminate/View/Engines/PhpEngine.php(57): Illuminate\\Filesystem\\Filesystem->getRequire()
#18 /home/jaycee/Projects/Email-Marketing/vendor/laravel/framework/src/Illuminate/View/Engines/CompilerEngine.php(76): Illuminate\\View\\Engines\\PhpEngine->evaluatePath()
#19 /home/jaycee/Projects/Email-Marketing/vendor/laravel/framework/src/Illuminate/View/View.php(208): Illuminate\\View\\Engines\\CompilerEngine->get()
#20 /home/jaycee/Projects/Email-Marketing/vendor/laravel/framework/src/Illuminate/View/View.php(191): Illuminate\\View\\View->getContents()
#21 /home/jaycee/Projects/Email-Marketing/vendor/laravel/framework/src/Illuminate/View/View.php(160): Illuminate\\View\\View->renderContents()
#22 /home/jaycee/Projects/Email-Marketing/vendor/laravel/framework/src/Illuminate/Http/Response.php(78): Illuminate\\View\\View->render()
#23 /home/jaycee/Projects/Email-Marketing/vendor/laravel/framework/src/Illuminate/Http/Response.php(34): Illuminate\\Http\\Response->setContent()
#24 /home/jaycee/Projects/Email-Marketing/vendor/laravel/framework/src/Illuminate/Routing/Router.php(939): Illuminate\\Http\\Response->__construct()
#25 /home/jaycee/Projects/Email-Marketing/vendor/laravel/framework/src/Illuminate/Routing/Router.php(906): Illuminate\\Routing\\Router::toResponse()
#26 /home/jaycee/Projects/Email-Marketing/vendor/laravel/framework/src/Illuminate/Routing/Router.php(821): Illuminate\\Routing\\Router->prepareResponse()
#27 /home/jaycee/Projects/Email-Marketing/vendor/laravel/framework/src/Illuminate/Pipeline/Pipeline.php(180): Illuminate\\Routing\\Router->Illuminate\\Routing\\{closure}()
#28 /home/jaycee/Projects/Email-Marketing/vendor/laravel/framework/src/Illuminate/Routing/Middleware/SubstituteBindings.php(50): Illuminate\\Pipeline\\Pipeline->Illuminate\\Pipeline\\{closure}()
#29 /home/jaycee/Projects/Email-Marketing/vendor/laravel/framework/src/Illuminate/Pipeline/Pipeline.php(219): Illuminate\\Routing\\Middleware\\SubstituteBindings->handle()
#30 /home/jaycee/Projects/Email-Marketing/vendor/laravel/framework/src/Illuminate/Foundation/Http/Middleware/VerifyCsrfToken.php(87): Illuminate\\Pipeline\\Pipeline->Illuminate\\Pipeline\\{closure}()
#31 /home/jaycee/Projects/Email-Marketing/vendor/laravel/framework/src/Illuminate/Pipeline/Pipeline.php(219): Illuminate\\Foundation\\Http\\Middleware\\VerifyCsrfToken->handle()
#32 /home/jaycee/Projects/Email-Marketing/vendor/laravel/framework/src/Illuminate/View/Middleware/ShareErrorsFromSession.php(48): Illuminate\\Pipeline\\Pipeline->Illuminate\\Pipeline\\{closure}()
#33 /home/jaycee/Projects/Email-Marketing/vendor/laravel/framework/src/Illuminate/Pipeline/Pipeline.php(219): Illuminate\\View\\Middleware\\ShareErrorsFromSession->handle()
#34 /home/jaycee/Projects/Email-Marketing/vendor/laravel/framework/src/Illuminate/Session/Middleware/StartSession.php(120): Illuminate\\Pipeline\\Pipeline->Illuminate\\Pipeline\\{closure}()
#35 /home/jaycee/Projects/Email-Marketing/vendor/laravel/framework/src/Illuminate/Session/Middleware/StartSession.php(63): Illuminate\\Session\\Middleware\\StartSession->handleStatefulRequest()
#36 /home/jaycee/Projects/Email-Marketing/vendor/laravel/framework/src/Illuminate/Pipeline/Pipeline.php(219): Illuminate\\Session\\Middleware\\StartSession->handle()
#37 /home/jaycee/Projects/Email-Marketing/vendor/laravel/framework/src/Illuminate/Cookie/Middleware/AddQueuedCookiesToResponse.php(36): Illuminate\\Pipeline\\Pipeline->Illuminate\\Pipeline\\{closure}()
#38 /home/jaycee/Projects/Email-Marketing/vendor/laravel/framework/src/Illuminate/Pipeline/Pipeline.php(219): Illuminate\\Cookie\\Middleware\\AddQueuedCookiesToResponse->handle()
#39 /home/jaycee/Projects/Email-Marketing/vendor/laravel/framework/src/Illuminate/Cookie/Middleware/EncryptCookies.php(74): Illuminate\\Pipeline\\Pipeline->Illuminate\\Pipeline\\{closure}()
#40 /home/jaycee/Projects/Email-Marketing/vendor/laravel/framework/src/Illuminate/Pipeline/Pipeline.php(219): Illuminate\\Cookie\\Middleware\\EncryptCookies->handle()
#41 /home/jaycee/Projects/Email-Marketing/vendor/laravel/framework/src/Illuminate/Pipeline/Pipeline.php(137): Illuminate\\Pipeline\\Pipeline->Illuminate\\Pipeline\\{closure}()
#42 /home/jaycee/Projects/Email-Marketing/vendor/laravel/framework/src/Illuminate/Routing/Router.php(821): Illuminate\\Pipeline\\Pipeline->then()
#43 /home/jaycee/Projects/Email-Marketing/vendor/laravel/framework/src/Illuminate/Routing/Router.php(800): Illuminate\\Routing\\Router->runRouteWithinStack()
#44 /home/jaycee/Projects/Email-Marketing/vendor/laravel/framework/src/Illuminate/Routing/Router.php(764): Illuminate\\Routing\\Router->runRoute()
#45 /home/jaycee/Projects/Email-Marketing/vendor/laravel/framework/src/Illuminate/Routing/Router.php(753): Illuminate\\Routing\\Router->dispatchToRoute()
#46 /home/jaycee/Projects/Email-Marketing/vendor/laravel/framework/src/Illuminate/Foundation/Http/Kernel.php(200): Illuminate\\Routing\\Router->dispatch()
#47 /home/jaycee/Projects/Email-Marketing/vendor/laravel/framework/src/Illuminate/Pipeline/Pipeline.php(180): Illuminate\\Foundation\\Http\\Kernel->Illuminate\\Foundation\\Http\\{closure}()
#48 /home/jaycee/Projects/Email-Marketing/vendor/laravel/framework/src/Illuminate/Foundation/Http/Middleware/TransformsRequest.php(21): Illuminate\\Pipeline\\Pipeline->Illuminate\\Pipeline\\{closure}()
#49 /home/jaycee/Projects/Email-Marketing/vendor/laravel/framework/src/Illuminate/Foundation/Http/Middleware/ConvertEmptyStringsToNull.php(31): Illuminate\\Foundation\\Http\\Middleware\\TransformsRequest->handle()
#50 /home/jaycee/Projects/Email-Marketing/vendor/laravel/framework/src/Illuminate/Pipeline/Pipeline.php(219): Illuminate\\Foundation\\Http\\Middleware\\ConvertEmptyStringsToNull->handle()
#51 /home/jaycee/Projects/Email-Marketing/vendor/laravel/framework/src/Illuminate/Foundation/Http/Middleware/TransformsRequest.php(21): Illuminate\\Pipeline\\Pipeline->Illuminate\\Pipeline\\{closure}()
#52 /home/jaycee/Projects/Email-Marketing/vendor/laravel/framework/src/Illuminate/Foundation/Http/Middleware/TrimStrings.php(51): Illuminate\\Foundation\\Http\\Middleware\\TransformsRequest->handle()
#53 /home/jaycee/Projects/Email-Marketing/vendor/laravel/framework/src/Illuminate/Pipeline/Pipeline.php(219): Illuminate\\Foundation\\Http\\Middleware\\TrimStrings->handle()
#54 /home/jaycee/Projects/Email-Marketing/vendor/laravel/framework/src/Illuminate/Http/Middleware/ValidatePostSize.php(27): Illuminate\\Pipeline\\Pipeline->Illuminate\\Pipeline\\{closure}()
#55 /home/jaycee/Projects/Email-Marketing/vendor/laravel/framework/src/Illuminate/Pipeline/Pipeline.php(219): Illuminate\\Http\\Middleware\\ValidatePostSize->handle()
#56 /home/jaycee/Projects/Email-Marketing/vendor/laravel/framework/src/Illuminate/Foundation/Http/Middleware/PreventRequestsDuringMaintenance.php(109): Illuminate\\Pipeline\\Pipeline->Illuminate\\Pipeline\\{closure}()
#57 /home/jaycee/Projects/Email-Marketing/vendor/laravel/framework/src/Illuminate/Pipeline/Pipeline.php(219): Illuminate\\Foundation\\Http\\Middleware\\PreventRequestsDuringMaintenance->handle()
#58 /home/jaycee/Projects/Email-Marketing/vendor/laravel/framework/src/Illuminate/Http/Middleware/HandleCors.php(48): Illuminate\\Pipeline\\Pipeline->Illuminate\\Pipeline\\{closure}()
#59 /home/jaycee/Projects/Email-Marketing/vendor/laravel/framework/src/Illuminate/Pipeline/Pipeline.php(219): Illuminate\\Http\\Middleware\\HandleCors->handle()
#60 /home/jaycee/Projects/Email-Marketing/vendor/laravel/framework/src/Illuminate/Http/Middleware/TrustProxies.php(58): Illuminate\\Pipeline\\Pipeline->Illuminate\\Pipeline\\{closure}()
#61 /home/jaycee/Projects/Email-Marketing/vendor/laravel/framework/src/Illuminate/Pipeline/Pipeline.php(219): Illuminate\\Http\\Middleware\\TrustProxies->handle()
#62 /home/jaycee/Projects/Email-Marketing/vendor/laravel/framework/src/Illuminate/Foundation/Http/Middleware/InvokeDeferredCallbacks.php(22): Illuminate\\Pipeline\\Pipeline->Illuminate\\Pipeline\\{closure}()
#63 /home/jaycee/Projects/Email-Marketing/vendor/laravel/framework/src/Illuminate/Pipeline/Pipeline.php(219): Illuminate\\Foundation\\Http\\Middleware\\InvokeDeferredCallbacks->handle()
#64 /home/jaycee/Projects/Email-Marketing/vendor/laravel/framework/src/Illuminate/Http/Middleware/ValidatePathEncoding.php(26): Illuminate\\Pipeline\\Pipeline->Illuminate\\Pipeline\\{closure}()
#65 /home/jaycee/Projects/Email-Marketing/vendor/laravel/framework/src/Illuminate/Pipeline/Pipeline.php(219): Illuminate\\Http\\Middleware\\ValidatePathEncoding->handle()
#66 /home/jaycee/Projects/Email-Marketing/vendor/laravel/framework/src/Illuminate/Pipeline/Pipeline.php(137): Illuminate\\Pipeline\\Pipeline->Illuminate\\Pipeline\\{closure}()
#67 /home/jaycee/Projects/Email-Marketing/vendor/laravel/framework/src/Illuminate/Foundation/Http/Kernel.php(175): Illuminate\\Pipeline\\Pipeline->then()
#68 /home/jaycee/Projects/Email-Marketing/vendor/laravel/framework/src/Illuminate/Foundation/Http/Kernel.php(144): Illuminate\\Foundation\\Http\\Kernel->sendRequestThroughRouter()
#69 /home/jaycee/Projects/Email-Marketing/vendor/laravel/framework/src/Illuminate/Foundation/Application.php(1220): Illuminate\\Foundation\\Http\\Kernel->handle()
#70 /home/jaycee/Projects/Email-Marketing/public/index.php(20): Illuminate\\Foundation\\Application->handleRequest()
#71 /home/jaycee/Projects/Email-Marketing/vendor/laravel/framework/src/Illuminate/Foundation/resources/server.php(23): require_once('...')
#72 {main}

[previous exception] [object] (ErrorException(code: 0): Attempt to read property \"avatar_url\" on null at /home/jaycee/Projects/Email-Marketing/storage/framework/views/fb8cc0add806753457d48979dd9de572.php:157)
[stacktrace]
#0 /home/jaycee/Projects/Email-Marketing/vendor/laravel/framework/src/Illuminate/Foundation/Bootstrap/HandleExceptions.php(258): Illuminate\\Foundation\\Bootstrap\\HandleExceptions->handleError()
#1 /home/jaycee/Projects/Email-Marketing/storage/framework/views/fb8cc0add806753457d48979dd9de572.php(157): Illuminate\\Foundation\\Bootstrap\\HandleExceptions->Illuminate\\Foundation\\Bootstrap\\{closure}()
#2 /home/jaycee/Projects/Email-Marketing/vendor/laravel/framework/src/Illuminate/Filesystem/Filesystem.php(123): require('...')
#3 /home/jaycee/Projects/Email-Marketing/vendor/laravel/framework/src/Illuminate/Filesystem/Filesystem.php(124): Illuminate\\Filesystem\\Filesystem::Illuminate\\Filesystem\\{closure}()
#4 /home/jaycee/Projects/Email-Marketing/vendor/laravel/framework/src/Illuminate/View/Engines/PhpEngine.php(57): Illuminate\\Filesystem\\Filesystem->getRequire()
#5 /home/jaycee/Projects/Email-Marketing/vendor/laravel/framework/src/Illuminate/View/Engines/CompilerEngine.php(76): Illuminate\\View\\Engines\\PhpEngine->evaluatePath()
#6 /home/jaycee/Projects/Email-Marketing/vendor/laravel/framework/src/Illuminate/View/View.php(208): Illuminate\\View\\Engines\\CompilerEngine->get()
#7 /home/jaycee/Projects/Email-Marketing/vendor/laravel/framework/src/Illuminate/View/View.php(191): Illuminate\\View\\View->getContents()
#8 /home/jaycee/Projects/Email-Marketing/vendor/laravel/framework/src/Illuminate/View/View.php(160): Illuminate\\View\\View->renderContents()
#9 /home/jaycee/Projects/Email-Marketing/storage/framework/views/a2cfe1c33e99ef310cb56d88b1cb068c.php(12): Illuminate\\View\\View->render()
#10 /home/jaycee/Projects/Email-Marketing/vendor/laravel/framework/src/Illuminate/Filesystem/Filesystem.php(123): require('...')
#11 /home/jaycee/Projects/Email-Marketing/vendor/laravel/framework/src/Illuminate/Filesystem/Filesystem.php(124): Illuminate\\Filesystem\\Filesystem::Illuminate\\Filesystem\\{closure}()
#12 /home/jaycee/Projects/Email-Marketing/vendor/laravel/framework/src/Illuminate/View/Engines/PhpEngine.php(57): Illuminate\\Filesystem\\Filesystem->getRequire()
#13 /home/jaycee/Projects/Email-Marketing/vendor/laravel/framework/src/Illuminate/View/Engines/CompilerEngine.php(76): Illuminate\\View\\Engines\\PhpEngine->evaluatePath()
#14 /home/jaycee/Projects/Email-Marketing/vendor/laravel/framework/src/Illuminate/View/View.php(208): Illuminate\\View\\Engines\\CompilerEngine->get()
#15 /home/jaycee/Projects/Email-Marketing/vendor/laravel/framework/src/Illuminate/View/View.php(191): Illuminate\\View\\View->getContents()
#16 /home/jaycee/Projects/Email-Marketing/vendor/laravel/framework/src/Illuminate/View/View.php(160): Illuminate\\View\\View->renderContents()
#17 /home/jaycee/Projects/Email-Marketing/vendor/laravel/framework/src/Illuminate/View/Concerns/ManagesComponents.php(103): Illuminate\\View\\View->render()
#18 /home/jaycee/Projects/Email-Marketing/storage/framework/views/720adf2da904dab03a2c05cfcacb81a0.php(370): Illuminate\\View\\Factory->renderComponent()
#19 /home/jaycee/Projects/Email-Marketing/vendor/laravel/framework/src/Illuminate/Filesystem/Filesystem.php(123): require('...')
#20 /home/jaycee/Projects/Email-Marketing/vendor/laravel/framework/src/Illuminate/Filesystem/Filesystem.php(124): Illuminate\\Filesystem\\Filesystem::Illuminate\\Filesystem\\{closure}()
#21 /home/jaycee/Projects/Email-Marketing/vendor/laravel/framework/src/Illuminate/View/Engines/PhpEngine.php(57): Illuminate\\Filesystem\\Filesystem->getRequire()
#22 /home/jaycee/Projects/Email-Marketing/vendor/laravel/framework/src/Illuminate/View/Engines/CompilerEngine.php(76): Illuminate\\View\\Engines\\PhpEngine->evaluatePath()
#23 /home/jaycee/Projects/Email-Marketing/vendor/laravel/framework/src/Illuminate/View/View.php(208): Illuminate\\View\\Engines\\CompilerEngine->get()
#24 /home/jaycee/Projects/Email-Marketing/vendor/laravel/framework/src/Illuminate/View/View.php(191): Illuminate\\View\\View->getContents()
#25 /home/jaycee/Projects/Email-Marketing/vendor/laravel/framework/src/Illuminate/View/View.php(160): Illuminate\\View\\View->renderContents()
#26 /home/jaycee/Projects/Email-Marketing/vendor/laravel/framework/src/Illuminate/Http/Response.php(78): Illuminate\\View\\View->render()
#27 /home/jaycee/Projects/Email-Marketing/vendor/laravel/framework/src/Illuminate/Http/Response.php(34): Illuminate\\Http\\Response->setContent()
#28 /home/jaycee/Projects/Email-Marketing/vendor/laravel/framework/src/Illuminate/Routing/Router.php(939): Illuminate\\Http\\Response->__construct()
#29 /home/jaycee/Projects/Email-Marketing/vendor/laravel/framework/src/Illuminate/Routing/Router.php(906): Illuminate\\Routing\\Router::toResponse()
#30 /home/jaycee/Projects/Email-Marketing/vendor/laravel/framework/src/Illuminate/Routing/Router.php(821): Illuminate\\Routing\\Router->prepareResponse()
#31 /home/jaycee/Projects/Email-Marketing/vendor/laravel/framework/src/Illuminate/Pipeline/Pipeline.php(180): Illuminate\\Routing\\Router->Illuminate\\Routing\\{closure}()
#32 /home/jaycee/Projects/Email-Marketing/vendor/laravel/framework/src/Illuminate/Routing/Middleware/SubstituteBindings.php(50): Illuminate\\Pipeline\\Pipeline->Illuminate\\Pipeline\\{closure}()
#33 /home/jaycee/Projects/Email-Marketing/vendor/laravel/framework/src/Illuminate/Pipeline/Pipeline.php(219): Illuminate\\Routing\\Middleware\\SubstituteBindings->handle()
#34 /home/jaycee/Projects/Email-Marketing/vendor/laravel/framework/src/Illuminate/Foundation/Http/Middleware/VerifyCsrfToken.php(87): Illuminate\\Pipeline\\Pipeline->Illuminate\\Pipeline\\{closure}()
#35 /home/jaycee/Projects/Email-Marketing/vendor/laravel/framework/src/Illuminate/Pipeline/Pipeline.php(219): Illuminate\\Foundation\\Http\\Middleware\\VerifyCsrfToken->handle()
#36 /home/jaycee/Projects/Email-Marketing/vendor/laravel/framework/src/Illuminate/View/Middleware/ShareErrorsFromSession.php(48): Illuminate\\Pipeline\\Pipeline->Illuminate\\Pipeline\\{closure}()
#37 /home/jaycee/Projects/Email-Marketing/vendor/laravel/framework/src/Illuminate/Pipeline/Pipeline.php(219): Illuminate\\View\\Middleware\\ShareErrorsFromSession->handle()
#38 /home/jaycee/Projects/Email-Marketing/vendor/laravel/framework/src/Illuminate/Session/Middleware/StartSession.php(120): Illuminate\\Pipeline\\Pipeline->Illuminate\\Pipeline\\{closure}()
#39 /home/jaycee/Projects/Email-Marketing/vendor/laravel/framework/src/Illuminate/Session/Middleware/StartSession.php(63): Illuminate\\Session\\Middleware\\StartSession->handleStatefulRequest()
#40 /home/jaycee/Projects/Email-Marketing/vendor/laravel/framework/src/Illuminate/Pipeline/Pipeline.php(219): Illuminate\\Session\\Middleware\\StartSession->handle()
#41 /home/jaycee/Projects/Email-Marketing/vendor/laravel/framework/src/Illuminate/Cookie/Middleware/AddQueuedCookiesToResponse.php(36): Illuminate\\Pipeline\\Pipeline->Illuminate\\Pipeline\\{closure}()
#42 /home/jaycee/Projects/Email-Marketing/vendor/laravel/framework/src/Illuminate/Pipeline/Pipeline.php(219): Illuminate\\Cookie\\Middleware\\AddQueuedCookiesToResponse->handle()
#43 /home/jaycee/Projects/Email-Marketing/vendor/laravel/framework/src/Illuminate/Cookie/Middleware/EncryptCookies.php(74): Illuminate\\Pipeline\\Pipeline->Illuminate\\Pipeline\\{closure}()
#44 /home/jaycee/Projects/Email-Marketing/vendor/laravel/framework/src/Illuminate/Pipeline/Pipeline.php(219): Illuminate\\Cookie\\Middleware\\EncryptCookies->handle()
#45 /home/jaycee/Projects/Email-Marketing/vendor/laravel/framework/src/Illuminate/Pipeline/Pipeline.php(137): Illuminate\\Pipeline\\Pipeline->Illuminate\\Pipeline\\{closure}()
#46 /home/jaycee/Projects/Email-Marketing/vendor/laravel/framework/src/Illuminate/Routing/Router.php(821): Illuminate\\Pipeline\\Pipeline->then()
#47 /home/jaycee/Projects/Email-Marketing/vendor/laravel/framework/src/Illuminate/Routing/Router.php(800): Illuminate\\Routing\\Router->runRouteWithinStack()
#48 /home/jaycee/Projects/Email-Marketing/vendor/laravel/framework/src/Illuminate/Routing/Router.php(764): Illuminate\\Routing\\Router->runRoute()
#49 /home/jaycee/Projects/Email-Marketing/vendor/laravel/framework/src/Illuminate/Routing/Router.php(753): Illuminate\\Routing\\Router->dispatchToRoute()
#50 /home/jaycee/Projects/Email-Marketing/vendor/laravel/framework/src/Illuminate/Foundation/Http/Kernel.php(200): Illuminate\\Routing\\Router->dispatch()
#51 /home/jaycee/Projects/Email-Marketing/vendor/laravel/framework/src/Illuminate/Pipeline/Pipeline.php(180): Illuminate\\Foundation\\Http\\Kernel->Illuminate\\Foundation\\Http\\{closure}()
#52 /home/jaycee/Projects/Email-Marketing/vendor/laravel/framework/src/Illuminate/Foundation/Http/Middleware/TransformsRequest.php(21): Illuminate\\Pipeline\\Pipeline->Illuminate\\Pipeline\\{closure}()
#53 /home/jaycee/Projects/Email-Marketing/vendor/laravel/framework/src/Illuminate/Foundation/Http/Middleware/ConvertEmptyStringsToNull.php(31): Illuminate\\Foundation\\Http\\Middleware\\TransformsRequest->handle()
#54 /home/jaycee/Projects/Email-Marketing/vendor/laravel/framework/src/Illuminate/Pipeline/Pipeline.php(219): Illuminate\\Foundation\\Http\\Middleware\\ConvertEmptyStringsToNull->handle()
#55 /home/jaycee/Projects/Email-Marketing/vendor/laravel/framework/src/Illuminate/Foundation/Http/Middleware/TransformsRequest.php(21): Illuminate\\Pipeline\\Pipeline->Illuminate\\Pipeline\\{closure}()
#56 /home/jaycee/Projects/Email-Marketing/vendor/laravel/framework/src/Illuminate/Foundation/Http/Middleware/TrimStrings.php(51): Illuminate\\Foundation\\Http\\Middleware\\TransformsRequest->handle()
#57 /home/jaycee/Projects/Email-Marketing/vendor/laravel/framework/src/Illuminate/Pipeline/Pipeline.php(219): Illuminate\\Foundation\\Http\\Middleware\\TrimStrings->handle()
#58 /home/jaycee/Projects/Email-Marketing/vendor/laravel/framework/src/Illuminate/Http/Middleware/ValidatePostSize.php(27): Illuminate\\Pipeline\\Pipeline->Illuminate\\Pipeline\\{closure}()
#59 /home/jaycee/Projects/Email-Marketing/vendor/laravel/framework/src/Illuminate/Pipeline/Pipeline.php(219): Illuminate\\Http\\Middleware\\ValidatePostSize->handle()
#60 /home/jaycee/Projects/Email-Marketing/vendor/laravel/framework/src/Illuminate/Foundation/Http/Middleware/PreventRequestsDuringMaintenance.php(109): Illuminate\\Pipeline\\Pipeline->Illuminate\\Pipeline\\{closure}()
#61 /home/jaycee/Projects/Email-Marketing/vendor/laravel/framework/src/Illuminate/Pipeline/Pipeline.php(219): Illuminate\\Foundation\\Http\\Middleware\\PreventRequestsDuringMaintenance->handle()
#62 /home/jaycee/Projects/Email-Marketing/vendor/laravel/framework/src/Illuminate/Http/Middleware/HandleCors.php(48): Illuminate\\Pipeline\\Pipeline->Illuminate\\Pipeline\\{closure}()
#63 /home/jaycee/Projects/Email-Marketing/vendor/laravel/framework/src/Illuminate/Pipeline/Pipeline.php(219): Illuminate\\Http\\Middleware\\HandleCors->handle()
#64 /home/jaycee/Projects/Email-Marketing/vendor/laravel/framework/src/Illuminate/Http/Middleware/TrustProxies.php(58): Illuminate\\Pipeline\\Pipeline->Illuminate\\Pipeline\\{closure}()
#65 /home/jaycee/Projects/Email-Marketing/vendor/laravel/framework/src/Illuminate/Pipeline/Pipeline.php(219): Illuminate\\Http\\Middleware\\TrustProxies->handle()
#66 /home/jaycee/Projects/Email-Marketing/vendor/laravel/framework/src/Illuminate/Foundation/Http/Middleware/InvokeDeferredCallbacks.php(22): Illuminate\\Pipeline\\Pipeline->Illuminate\\Pipeline\\{closure}()
#67 /home/jaycee/Projects/Email-Marketing/vendor/laravel/framework/src/Illuminate/Pipeline/Pipeline.php(219): Illuminate\\Foundation\\Http\\Middleware\\InvokeDeferredCallbacks->handle()
#68 /home/jaycee/Projects/Email-Marketing/vendor/laravel/framework/src/Illuminate/Http/Middleware/ValidatePathEncoding.php(26): Illuminate\\Pipeline\\Pipeline->Illuminate\\Pipeline\\{closure}()
#69 /home/jaycee/Projects/Email-Marketing/vendor/laravel/framework/src/Illuminate/Pipeline/Pipeline.php(219): Illuminate\\Http\\Middleware\\ValidatePathEncoding->handle()
#70 /home/jaycee/Projects/Email-Marketing/vendor/laravel/framework/src/Illuminate/Pipeline/Pipeline.php(137): Illuminate\\Pipeline\\Pipeline->Illuminate\\Pipeline\\{closure}()
#71 /home/jaycee/Projects/Email-Marketing/vendor/laravel/framework/src/Illuminate/Foundation/Http/Kernel.php(175): Illuminate\\Pipeline\\Pipeline->then()
#72 /home/jaycee/Projects/Email-Marketing/vendor/laravel/framework/src/Illuminate/Foundation/Http/Kernel.php(144): Illuminate\\Foundation\\Http\\Kernel->sendRequestThroughRouter()
#73 /home/jaycee/Projects/Email-Marketing/vendor/laravel/framework/src/Illuminate/Foundation/Application.php(1220): Illuminate\\Foundation\\Http\\Kernel->handle()
#74 /home/jaycee/Projects/Email-Marketing/public/index.php(20): Illuminate\\Foundation\\Application->handleRequest()
#75 /home/jaycee/Projects/Email-Marketing/vendor/laravel/framework/src/Illuminate/Foundation/resources/server.php(23): require_once('...')
#76 {main}
"} 
[2026-06-25 06:43:48] local.ERROR: Attempt to read property "avatar_url" on null (View: /home/jaycee/Projects/Email-Marketing/resources/views/layouts/sidebar.blade.php) (View: /home/jaycee/Projects/Email-Marketing/resources/views/layouts/sidebar.blade.php) (View: /home/jaycee/Projects/Email-Marketing/resources/views/layouts/sidebar.blade.php) {"exception":"[object] (Illuminate\\View\\ViewException(code: 0): Attempt to read property \"avatar_url\" on null (View: /home/jaycee/Projects/Email-Marketing/resources/views/layouts/sidebar.blade.php) (View: /home/jaycee/Projects/Email-Marketing/resources/views/layouts/sidebar.blade.php) (View: /home/jaycee/Projects/Email-Marketing/resources/views/layouts/sidebar.blade.php) at /home/jaycee/Projects/Email-Marketing/storage/framework/views/fb8cc0add806753457d48979dd9de572.php:157)
[stacktrace]
#0 /home/jaycee/Projects/Email-Marketing/vendor/laravel/framework/src/Illuminate/View/Engines/PhpEngine.php(59): Illuminate\\View\\Engines\\CompilerEngine->handleViewException()
#1 /home/jaycee/Projects/Email-Marketing/vendor/laravel/framework/src/Illuminate/View/Engines/CompilerEngine.php(76): Illuminate\\View\\Engines\\PhpEngine->evaluatePath()
#2 /home/jaycee/Projects/Email-Marketing/vendor/laravel/framework/src/Illuminate/View/View.php(208): Illuminate\\View\\Engines\\CompilerEngine->get()
#3 /home/jaycee/Projects/Email-Marketing/vendor/laravel/framework/src/Illuminate/View/View.php(191): Illuminate\\View\\View->getContents()
#4 /home/jaycee/Projects/Email-Marketing/vendor/laravel/framework/src/Illuminate/View/View.php(160): Illuminate\\View\\View->renderContents()
#5 /home/jaycee/Projects/Email-Marketing/vendor/laravel/framework/src/Illuminate/Http/Response.php(78): Illuminate\\View\\View->render()
#6 /home/jaycee/Projects/Email-Marketing/vendor/laravel/framework/src/Illuminate/Http/Response.php(34): Illuminate\\Http\\Response->setContent()
#7 /home/jaycee/Projects/Email-Marketing/vendor/laravel/framework/src/Illuminate/Routing/Router.php(939): Illuminate\\Http\\Response->__construct()
#8 /home/jaycee/Projects/Email-Marketing/vendor/laravel/framework/src/Illuminate/Routing/Router.php(906): Illuminate\\Routing\\Router::toResponse()
#9 /home/jaycee/Projects/Email-Marketing/vendor/laravel/framework/src/Illuminate/Routing/Router.php(821): Illuminate\\Routing\\Router->prepareResponse()
#10 /home/jaycee/Projects/Email-Marketing/vendor/laravel/framework/src/Illuminate/Pipeline/Pipeline.php(180): Illuminate\\Routing\\Router->Illuminate\\Routing\\{closure}()
#11 /home/jaycee/Projects/Email-Marketing/vendor/laravel/framework/src/Illuminate/Routing/Middleware/SubstituteBindings.php(50): Illuminate\\Pipeline\\Pipeline->Illuminate\\Pipeline\\{closure}()
#12 /home/jaycee/Projects/Email-Marketing/vendor/laravel/framework/src/Illuminate/Pipeline/Pipeline.php(219): Illuminate\\Routing\\Middleware\\SubstituteBindings->handle()
#13 /home/jaycee/Projects/Email-Marketing/vendor/laravel/framework/src/Illuminate/Foundation/Http/Middleware/VerifyCsrfToken.php(87): Illuminate\\Pipeline\\Pipeline->Illuminate\\Pipeline\\{closure}()
#14 /home/jaycee/Projects/Email-Marketing/vendor/laravel/framework/src/Illuminate/Pipeline/Pipeline.php(219): Illuminate\\Foundation\\Http\\Middleware\\VerifyCsrfToken->handle()
#15 /home/jaycee/Projects/Email-Marketing/vendor/laravel/framework/src/Illuminate/View/Middleware/ShareErrorsFromSession.php(48): Illuminate\\Pipeline\\Pipeline->Illuminate\\Pipeline\\{closure}()
#16 /home/jaycee/Projects/Email-Marketing/vendor/laravel/framework/src/Illuminate/Pipeline/Pipeline.php(219): Illuminate\\View\\Middleware\\ShareErrorsFromSession->handle()
#17 /home/jaycee/Projects/Email-Marketing/vendor/laravel/framework/src/Illuminate/Session/Middleware/StartSession.php(120): Illuminate\\Pipeline\\Pipeline->Illuminate\\Pipeline\\{closure}()
#18 /home/jaycee/Projects/Email-Marketing/vendor/laravel/framework/src/Illuminate/Session/Middleware/StartSession.php(63): Illuminate\\Session\\Middleware\\StartSession->handleStatefulRequest()
#19 /home/jaycee/Projects/Email-Marketing/vendor/laravel/framework/src/Illuminate/Pipeline/Pipeline.php(219): Illuminate\\Session\\Middleware\\StartSession->handle()
#20 /home/jaycee/Projects/Email-Marketing/vendor/laravel/framework/src/Illuminate/Cookie/Middleware/AddQueuedCookiesToResponse.php(36): Illuminate\\Pipeline\\Pipeline->Illuminate\\Pipeline\\{closure}()
#21 /home/jaycee/Projects/Email-Marketing/vendor/laravel/framework/src/Illuminate/Pipeline/Pipeline.php(219): Illuminate\\Cookie\\Middleware\\AddQueuedCookiesToResponse->handle()
#22 /home/jaycee/Projects/Email-Marketing/vendor/laravel/framework/src/Illuminate/Cookie/Middleware/EncryptCookies.php(74): Illuminate\\Pipeline\\Pipeline->Illuminate\\Pipeline\\{closure}()
#23 /home/jaycee/Projects/Email-Marketing/vendor/laravel/framework/src/Illuminate/Pipeline/Pipeline.php(219): Illuminate\\Cookie\\Middleware\\EncryptCookies->handle()
#24 /home/jaycee/Projects/Email-Marketing/vendor/laravel/framework/src/Illuminate/Pipeline/Pipeline.php(137): Illuminate\\Pipeline\\Pipeline->Illuminate\\Pipeline\\{closure}()
#25 /home/jaycee/Projects/Email-Marketing/vendor/laravel/framework/src/Illuminate/Routing/Router.php(821): Illuminate\\Pipeline\\Pipeline->then()
#26 /home/jaycee/Projects/Email-Marketing/vendor/laravel/framework/src/Illuminate/Routing/Router.php(800): Illuminate\\Routing\\Router->runRouteWithinStack()
#27 /home/jaycee/Projects/Email-Marketing/vendor/laravel/framework/src/Illuminate/Routing/Router.php(764): Illuminate\\Routing\\Router->runRoute()
#28 /home/jaycee/Projects/Email-Marketing/vendor/laravel/framework/src/Illuminate/Routing/Router.php(753): Illuminate\\Routing\\Router->dispatchToRoute()
#29 /home/jaycee/Projects/Email-Marketing/vendor/laravel/framework/src/Illuminate/Foundation/Http/Kernel.php(200): Illuminate\\Routing\\Router->dispatch()
#30 /home/jaycee/Projects/Email-Marketing/vendor/laravel/framework/src/Illuminate/Pipeline/Pipeline.php(180): Illuminate\\Foundation\\Http\\Kernel->Illuminate\\Foundation\\Http\\{closure}()
#31 /home/jaycee/Projects/Email-Marketing/vendor/laravel/framework/src/Illuminate/Foundation/Http/Middleware/TransformsRequest.php(21): Illuminate\\Pipeline\\Pipeline->Illuminate\\Pipeline\\{closure}()
#32 /home/jaycee/Projects/Email-Marketing/vendor/laravel/framework/src/Illuminate/Foundation/Http/Middleware/ConvertEmptyStringsToNull.php(31): Illuminate\\Foundation\\Http\\Middleware\\TransformsRequest->handle()
#33 /home/jaycee/Projects/Email-Marketing/vendor/laravel/framework/src/Illuminate/Pipeline/Pipeline.php(219): Illuminate\\Foundation\\Http\\Middleware\\ConvertEmptyStringsToNull->handle()
#34 /home/jaycee/Projects/Email-Marketing/vendor/laravel/framework/src/Illuminate/Foundation/Http/Middleware/TransformsRequest.php(21): Illuminate\\Pipeline\\Pipeline->Illuminate\\Pipeline\\{closure}()
#35 /home/jaycee/Projects/Email-Marketing/vendor/laravel/framework/src/Illuminate/Foundation/Http/Middleware/TrimStrings.php(51): Illuminate\\Foundation\\Http\\Middleware\\TransformsRequest->handle()
#36 /home/jaycee/Projects/Email-Marketing/vendor/laravel/framework/src/Illuminate/Pipeline/Pipeline.php(219): Illuminate\\Foundation\\Http\\Middleware\\TrimStrings->handle()
#37 /home/jaycee/Projects/Email-Marketing/vendor/laravel/framework/src/Illuminate/Http/Middleware/ValidatePostSize.php(27): Illuminate\\Pipeline\\Pipeline->Illuminate\\Pipeline\\{closure}()
#38 /home/jaycee/Projects/Email-Marketing/vendor/laravel/framework/src/Illuminate/Pipeline/Pipeline.php(219): Illuminate\\Http\\Middleware\\ValidatePostSize->handle()
#39 /home/jaycee/Projects/Email-Marketing/vendor/laravel/framework/src/Illuminate/Foundation/Http/Middleware/PreventRequestsDuringMaintenance.php(109): Illuminate\\Pipeline\\Pipeline->Illuminate\\Pipeline\\{closure}()
#40 /home/jaycee/Projects/Email-Marketing/vendor/laravel/framework/src/Illuminate/Pipeline/Pipeline.php(219): Illuminate\\Foundation\\Http\\Middleware\\PreventRequestsDuringMaintenance->handle()
#41 /home/jaycee/Projects/Email-Marketing/vendor/laravel/framework/src/Illuminate/Http/Middleware/HandleCors.php(48): Illuminate\\Pipeline\\Pipeline->Illuminate\\Pipeline\\{closure}()
#42 /home/jaycee/Projects/Email-Marketing/vendor/laravel/framework/src/Illuminate/Pipeline/Pipeline.php(219): Illuminate\\Http\\Middleware\\HandleCors->handle()
#43 /home/jaycee/Projects/Email-Marketing/vendor/laravel/framework/src/Illuminate/Http/Middleware/TrustProxies.php(58): Illuminate\\Pipeline\\Pipeline->Illuminate\\Pipeline\\{closure}()
#44 /home/jaycee/Projects/Email-Marketing/vendor/laravel/framework/src/Illuminate/Pipeline/Pipeline.php(219): Illuminate\\Http\\Middleware\\TrustProxies->handle()
#45 /home/jaycee/Projects/Email-Marketing/vendor/laravel/framework/src/Illuminate/Foundation/Http/Middleware/InvokeDeferredCallbacks.php(22): Illuminate\\Pipeline\\Pipeline->Illuminate\\Pipeline\\{closure}()
#46 /home/jaycee/Projects/Email-Marketing/vendor/laravel/framework/src/Illuminate/Pipeline/Pipeline.php(219): Illuminate\\Foundation\\Http\\Middleware\\InvokeDeferredCallbacks->handle()
#47 /home/jaycee/Projects/Email-Marketing/vendor/laravel/framework/src/Illuminate/Http/Middleware/ValidatePathEncoding.php(26): Illuminate\\Pipeline\\Pipeline->Illuminate\\Pipeline\\{closure}()
#48 /home/jaycee/Projects/Email-Marketing/vendor/laravel/framework/src/Illuminate/Pipeline/Pipeline.php(219): Illuminate\\Http\\Middleware\\ValidatePathEncoding->handle()
#49 /home/jaycee/Projects/Email-Marketing/vendor/laravel/framework/src/Illuminate/Pipeline/Pipeline.php(137): Illuminate\\Pipeline\\Pipeline->Illuminate\\Pipeline\\{closure}()
#50 /home/jaycee/Projects/Email-Marketing/vendor/laravel/framework/src/Illuminate/Foundation/Http/Kernel.php(175): Illuminate\\Pipeline\\Pipeline->then()
#51 /home/jaycee/Projects/Email-Marketing/vendor/laravel/framework/src/Illuminate/Foundation/Http/Kernel.php(144): Illuminate\\Foundation\\Http\\Kernel->sendRequestThroughRouter()
#52 /home/jaycee/Projects/Email-Marketing/vendor/laravel/framework/src/Illuminate/Foundation/Application.php(1220): Illuminate\\Foundation\\Http\\Kernel->handle()
#53 /home/jaycee/Projects/Email-Marketing/public/index.php(20): Illuminate\\Foundation\\Application->handleRequest()
#54 /home/jaycee/Projects/Email-Marketing/vendor/laravel/framework/src/Illuminate/Foundation/resources/server.php(23): require_once('...')
#55 {main}

[previous exception] [object] (Illuminate\\View\\ViewException(code: 0): Attempt to read property \"avatar_url\" on null (View: /home/jaycee/Projects/Email-Marketing/resources/views/layouts/sidebar.blade.php) (View: /home/jaycee/Projects/Email-Marketing/resources/views/layouts/sidebar.blade.php) at /home/jaycee/Projects/Email-Marketing/storage/framework/views/fb8cc0add806753457d48979dd9de572.php:157)
[stacktrace]
#0 /home/jaycee/Projects/Email-Marketing/vendor/laravel/framework/src/Illuminate/View/Engines/PhpEngine.php(59): Illuminate\\View\\Engines\\CompilerEngine->handleViewException()
#1 /home/jaycee/Projects/Email-Marketing/vendor/laravel/framework/src/Illuminate/View/Engines/CompilerEngine.php(76): Illuminate\\View\\Engines\\PhpEngine->evaluatePath()
#2 /home/jaycee/Projects/Email-Marketing/vendor/laravel/framework/src/Illuminate/View/View.php(208): Illuminate\\View\\Engines\\CompilerEngine->get()
#3 /home/jaycee/Projects/Email-Marketing/vendor/laravel/framework/src/Illuminate/View/View.php(191): Illuminate\\View\\View->getContents()
#4 /home/jaycee/Projects/Email-Marketing/vendor/laravel/framework/src/Illuminate/View/View.php(160): Illuminate\\View\\View->renderContents()
#5 /home/jaycee/Projects/Email-Marketing/vendor/laravel/framework/src/Illuminate/View/Concerns/ManagesComponents.php(103): Illuminate\\View\\View->render()
#6 /home/jaycee/Projects/Email-Marketing/storage/framework/views/720adf2da904dab03a2c05cfcacb81a0.php(370): Illuminate\\View\\Factory->renderComponent()
#7 /home/jaycee/Projects/Email-Marketing/vendor/laravel/framework/src/Illuminate/Filesystem/Filesystem.php(123): require('...')
#8 /home/jaycee/Projects/Email-Marketing/vendor/laravel/framework/src/Illuminate/Filesystem/Filesystem.php(124): Illuminate\\Filesystem\\Filesystem::Illuminate\\Filesystem\\{closure}()
#9 /home/jaycee/Projects/Email-Marketing/vendor/laravel/framework/src/Illuminate/View/Engines/PhpEngine.php(57): Illuminate\\Filesystem\\Filesystem->getRequire()
#10 /home/jaycee/Projects/Email-Marketing/vendor/laravel/framework/src/Illuminate/View/Engines/CompilerEngine.php(76): Illuminate\\View\\Engines\\PhpEngine->evaluatePath()
#11 /home/jaycee/Projects/Email-Marketing/vendor/laravel/framework/src/Illuminate/View/View.php(208): Illuminate\\View\\Engines\\CompilerEngine->get()
#12 /home/jaycee/Projects/Email-Marketing/vendor/laravel/framework/src/Illuminate/View/View.php(191): Illuminate\\View\\View->getContents()
#13 /home/jaycee/Projects/Email-Marketing/vendor/laravel/framework/src/Illuminate/View/View.php(160): Illuminate\\View\\View->renderContents()
#14 /home/jaycee/Projects/Email-Marketing/vendor/laravel/framework/src/Illuminate/Http/Response.php(78): Illuminate\\View\\View->render()
#15 /home/jaycee/Projects/Email-Marketing/vendor/laravel/framework/src/Illuminate/Http/Response.php(34): Illuminate\\Http\\Response->setContent()
#16 /home/jaycee/Projects/Email-Marketing/vendor/laravel/framework/src/Illuminate/Routing/Router.php(939): Illuminate\\Http\\Response->__construct()
#17 /home/jaycee/Projects/Email-Marketing/vendor/laravel/framework/src/Illuminate/Routing/Router.php(906): Illuminate\\Routing\\Router::toResponse()
#18 /home/jaycee/Projects/Email-Marketing/vendor/laravel/framework/src/Illuminate/Routing/Router.php(821): Illuminate\\Routing\\Router->prepareResponse()
#19 /home/jaycee/Projects/Email-Marketing/vendor/laravel/framework/src/Illuminate/Pipeline/Pipeline.php(180): Illuminate\\Routing\\Router->Illuminate\\Routing\\{closure}()
#20 /home/jaycee/Projects/Email-Marketing/vendor/laravel/framework/src/Illuminate/Routing/Middleware/SubstituteBindings.php(50): Illuminate\\Pipeline\\Pipeline->Illuminate\\Pipeline\\{closure}()
#21 /home/jaycee/Projects/Email-Marketing/vendor/laravel/framework/src/Illuminate/Pipeline/Pipeline.php(219): Illuminate\\Routing\\Middleware\\SubstituteBindings->handle()
#22 /home/jaycee/Projects/Email-Marketing/vendor/laravel/framework/src/Illuminate/Foundation/Http/Middleware/VerifyCsrfToken.php(87): Illuminate\\Pipeline\\Pipeline->Illuminate\\Pipeline\\{closure}()
#23 /home/jaycee/Projects/Email-Marketing/vendor/laravel/framework/src/Illuminate/Pipeline/Pipeline.php(219): Illuminate\\Foundation\\Http\\Middleware\\VerifyCsrfToken->handle()
#24 /home/jaycee/Projects/Email-Marketing/vendor/laravel/framework/src/Illuminate/View/Middleware/ShareErrorsFromSession.php(48): Illuminate\\Pipeline\\Pipeline->Illuminate\\Pipeline\\{closure}()
#25 /home/jaycee/Projects/Email-Marketing/vendor/laravel/framework/src/Illuminate/Pipeline/Pipeline.php(219): Illuminate\\View\\Middleware\\ShareErrorsFromSession->handle()
#26 /home/jaycee/Projects/Email-Marketing/vendor/laravel/framework/src/Illuminate/Session/Middleware/StartSession.php(120): Illuminate\\Pipeline\\Pipeline->Illuminate\\Pipeline\\{closure}()
#27 /home/jaycee/Projects/Email-Marketing/vendor/laravel/framework/src/Illuminate/Session/Middleware/StartSession.php(63): Illuminate\\Session\\Middleware\\StartSession->handleStatefulRequest()
#28 /home/jaycee/Projects/Email-Marketing/vendor/laravel/framework/src/Illuminate/Pipeline/Pipeline.php(219): Illuminate\\Session\\Middleware\\StartSession->handle()
#29 /home/jaycee/Projects/Email-Marketing/vendor/laravel/framework/src/Illuminate/Cookie/Middleware/AddQueuedCookiesToResponse.php(36): Illuminate\\Pipeline\\Pipeline->Illuminate\\Pipeline\\{closure}()
#30 /home/jaycee/Projects/Email-Marketing/vendor/laravel/framework/src/Illuminate/Pipeline/Pipeline.php(219): Illuminate\\Cookie\\Middleware\\AddQueuedCookiesToResponse->handle()
#31 /home/jaycee/Projects/Email-Marketing/vendor/laravel/framework/src/Illuminate/Cookie/Middleware/EncryptCookies.php(74): Illuminate\\Pipeline\\Pipeline->Illuminate\\Pipeline\\{closure}()
#32 /home/jaycee/Projects/Email-Marketing/vendor/laravel/framework/src/Illuminate/Pipeline/Pipeline.php(219): Illuminate\\Cookie\\Middleware\\EncryptCookies->handle()
#33 /home/jaycee/Projects/Email-Marketing/vendor/laravel/framework/src/Illuminate/Pipeline/Pipeline.php(137): Illuminate\\Pipeline\\Pipeline->Illuminate\\Pipeline\\{closure}()
#34 /home/jaycee/Projects/Email-Marketing/vendor/laravel/framework/src/Illuminate/Routing/Router.php(821): Illuminate\\Pipeline\\Pipeline->then()
#35 /home/jaycee/Projects/Email-Marketing/vendor/laravel/framework/src/Illuminate/Routing/Router.php(800): Illuminate\\Routing\\Router->runRouteWithinStack()
#36 /home/jaycee/Projects/Email-Marketing/vendor/laravel/framework/src/Illuminate/Routing/Router.php(764): Illuminate\\Routing\\Router->runRoute()
#37 /home/jaycee/Projects/Email-Marketing/vendor/laravel/framework/src/Illuminate/Routing/Router.php(753): Illuminate\\Routing\\Router->dispatchToRoute()
#38 /home/jaycee/Projects/Email-Marketing/vendor/laravel/framework/src/Illuminate/Foundation/Http/Kernel.php(200): Illuminate\\Routing\\Router->dispatch()
#39 /home/jaycee/Projects/Email-Marketing/vendor/laravel/framework/src/Illuminate/Pipeline/Pipeline.php(180): Illuminate\\Foundation\\Http\\Kernel->Illuminate\\Foundation\\Http\\{closure}()
#40 /home/jaycee/Projects/Email-Marketing/vendor/laravel/framework/src/Illuminate/Foundation/Http/Middleware/TransformsRequest.php(21): Illuminate\\Pipeline\\Pipeline->Illuminate\\Pipeline\\{closure}()
#41 /home/jaycee/Projects/Email-Marketing/vendor/laravel/framework/src/Illuminate/Foundation/Http/Middleware/ConvertEmptyStringsToNull.php(31): Illuminate\\Foundation\\Http\\Middleware\\TransformsRequest->handle()
#42 /home/jaycee/Projects/Email-Marketing/vendor/laravel/framework/src/Illuminate/Pipeline/Pipeline.php(219): Illuminate\\Foundation\\Http\\Middleware\\ConvertEmptyStringsToNull->handle()
#43 /home/jaycee/Projects/Email-Marketing/vendor/laravel/framework/src/Illuminate/Foundation/Http/Middleware/TransformsRequest.php(21): Illuminate\\Pipeline\\Pipeline->Illuminate\\Pipeline\\{closure}()
#44 /home/jaycee/Projects/Email-Marketing/vendor/laravel/framework/src/Illuminate/Foundation/Http/Middleware/TrimStrings.php(51): Illuminate\\Foundation\\Http\\Middleware\\TransformsRequest->handle()
#45 /home/jaycee/Projects/Email-Marketing/vendor/laravel/framework/src/Illuminate/Pipeline/Pipeline.php(219): Illuminate\\Foundation\\Http\\Middleware\\TrimStrings->handle()
#46 /home/jaycee/Projects/Email-Marketing/vendor/laravel/framework/src/Illuminate/Http/Middleware/ValidatePostSize.php(27): Illuminate\\Pipeline\\Pipeline->Illuminate\\Pipeline\\{closure}()
#47 /home/jaycee/Projects/Email-Marketing/vendor/laravel/framework/src/Illuminate/Pipeline/Pipeline.php(219): Illuminate\\Http\\Middleware\\ValidatePostSize->handle()
#48 /home/jaycee/Projects/Email-Marketing/vendor/laravel/framework/src/Illuminate/Foundation/Http/Middleware/PreventRequestsDuringMaintenance.php(109): Illuminate\\Pipeline\\Pipeline->Illuminate\\Pipeline\\{closure}()
#49 /home/jaycee/Projects/Email-Marketing/vendor/laravel/framework/src/Illuminate/Pipeline/Pipeline.php(219): Illuminate\\Foundation\\Http\\Middleware\\PreventRequestsDuringMaintenance->handle()
#50 /home/jaycee/Projects/Email-Marketing/vendor/laravel/framework/src/Illuminate/Http/Middleware/HandleCors.php(48): Illuminate\\Pipeline\\Pipeline->Illuminate\\Pipeline\\{closure}()
#51 /home/jaycee/Projects/Email-Marketing/vendor/laravel/framework/src/Illuminate/Pipeline/Pipeline.php(219): Illuminate\\Http\\Middleware\\HandleCors->handle()
#52 /home/jaycee/Projects/Email-Marketing/vendor/laravel/framework/src/Illuminate/Http/Middleware/TrustProxies.php(58): Illuminate\\Pipeline\\Pipeline->Illuminate\\Pipeline\\{closure}()
#53 /home/jaycee/Projects/Email-Marketing/vendor/laravel/framework/src/Illuminate/Pipeline/Pipeline.php(219): Illuminate\\Http\\Middleware\\TrustProxies->handle()
#54 /home/jaycee/Projects/Email-Marketing/vendor/laravel/framework/src/Illuminate/Foundation/Http/Middleware/InvokeDeferredCallbacks.php(22): Illuminate\\Pipeline\\Pipeline->Illuminate\\Pipeline\\{closure}()
#55 /home/jaycee/Projects/Email-Marketing/vendor/laravel/framework/src/Illuminate/Pipeline/Pipeline.php(219): Illuminate\\Foundation\\Http\\Middleware\\InvokeDeferredCallbacks->handle()
#56 /home/jaycee/Projects/Email-Marketing/vendor/laravel/framework/src/Illuminate/Http/Middleware/ValidatePathEncoding.php(26): Illuminate\\Pipeline\\Pipeline->Illuminate\\Pipeline\\{closure}()
#57 /home/jaycee/Projects/Email-Marketing/vendor/laravel/framework/src/Illuminate/Pipeline/Pipeline.php(219): Illuminate\\Http\\Middleware\\ValidatePathEncoding->handle()
#58 /home/jaycee/Projects/Email-Marketing/vendor/laravel/framework/src/Illuminate/Pipeline/Pipeline.php(137): Illuminate\\Pipeline\\Pipeline->Illuminate\\Pipeline\\{closure}()
#59 /home/jaycee/Projects/Email-Marketing/vendor/laravel/framework/src/Illuminate/Foundation/Http/Kernel.php(175): Illuminate\\Pipeline\\Pipeline->then()
#60 /home/jaycee/Projects/Email-Marketing/vendor/laravel/framework/src/Illuminate/Foundation/Http/Kernel.php(144): Illuminate\\Foundation\\Http\\Kernel->sendRequestThroughRouter()
#61 /home/jaycee/Projects/Email-Marketing/vendor/laravel/framework/src/Illuminate/Foundation/Application.php(1220): Illuminate\\Foundation\\Http\\Kernel->handle()
#62 /home/jaycee/Projects/Email-Marketing/public/index.php(20): Illuminate\\Foundation\\Application->handleRequest()
#63 /home/jaycee/Projects/Email-Marketing/vendor/laravel/framework/src/Illuminate/Foundation/resources/server.php(23): require_once('...')
#64 {main}

[previous exception] [object] (Illuminate\\View\\ViewException(code: 0): Attempt to read property \"avatar_url\" on null (View: /home/jaycee/Projects/Email-Marketing/resources/views/layouts/sidebar.blade.php) at /home/jaycee/Projects/Email-Marketing/storage/framework/views/fb8cc0add806753457d48979dd9de572.php:157)
[stacktrace]
#0 /home/jaycee/Projects/Email-Marketing/vendor/laravel/framework/src/Illuminate/View/Engines/PhpEngine.php(59): Illuminate\\View\\Engines\\CompilerEngine->handleViewException()
#1 /home/jaycee/Projects/Email-Marketing/vendor/laravel/framework/src/Illuminate/View/Engines/CompilerEngine.php(76): Illuminate\\View\\Engines\\PhpEngine->evaluatePath()
#2 /home/jaycee/Projects/Email-Marketing/vendor/laravel/framework/src/Illuminate/View/View.php(208): Illuminate\\View\\Engines\\CompilerEngine->get()
#3 /home/jaycee/Projects/Email-Marketing/vendor/laravel/framework/src/Illuminate/View/View.php(191): Illuminate\\View\\View->getContents()
#4 /home/jaycee/Projects/Email-Marketing/vendor/laravel/framework/src/Illuminate/View/View.php(160): Illuminate\\View\\View->renderContents()
#5 /home/jaycee/Projects/Email-Marketing/storage/framework/views/a2cfe1c33e99ef310cb56d88b1cb068c.php(12): Illuminate\\View\\View->render()
#6 /home/jaycee/Projects/Email-Marketing/vendor/laravel/framework/src/Illuminate/Filesystem/Filesystem.php(123): require('...')
#7 /home/jaycee/Projects/Email-Marketing/vendor/laravel/framework/src/Illuminate/Filesystem/Filesystem.php(124): Illuminate\\Filesystem\\Filesystem::Illuminate\\Filesystem\\{closure}()
#8 /home/jaycee/Projects/Email-Marketing/vendor/laravel/framework/src/Illuminate/View/Engines/PhpEngine.php(57): Illuminate\\Filesystem\\Filesystem->getRequire()
#9 /home/jaycee/Projects/Email-Marketing/vendor/laravel/framework/src/Illuminate/View/Engines/CompilerEngine.php(76): Illuminate\\View\\Engines\\PhpEngine->evaluatePath()
#10 /home/jaycee/Projects/Email-Marketing/vendor/laravel/framework/src/Illuminate/View/View.php(208): Illuminate\\View\\Engines\\CompilerEngine->get()
#11 /home/jaycee/Projects/Email-Marketing/vendor/laravel/framework/src/Illuminate/View/View.php(191): Illuminate\\View\\View->getContents()
#12 /home/jaycee/Projects/Email-Marketing/vendor/laravel/framework/src/Illuminate/View/View.php(160): Illuminate\\View\\View->renderContents()
#13 /home/jaycee/Projects/Email-Marketing/vendor/laravel/framework/src/Illuminate/View/Concerns/ManagesComponents.php(103): Illuminate\\View\\View->render()
#14 /home/jaycee/Projects/Email-Marketing/storage/framework/views/720adf2da904dab03a2c05cfcacb81a0.php(370): Illuminate\\View\\Factory->renderComponent()
#15 /home/jaycee/Projects/Email-Marketing/vendor/laravel/framework/src/Illuminate/Filesystem/Filesystem.php(123): require('...')
#16 /home/jaycee/Projects/Email-Marketing/vendor/laravel/framework/src/Illuminate/Filesystem/Filesystem.php(124): Illuminate\\Filesystem\\Filesystem::Illuminate\\Filesystem\\{closure}()
#17 /home/jaycee/Projects/Email-Marketing/vendor/laravel/framework/src/Illuminate/View/Engines/PhpEngine.php(57): Illuminate\\Filesystem\\Filesystem->getRequire()
#18 /home/jaycee/Projects/Email-Marketing/vendor/laravel/framework/src/Illuminate/View/Engines/CompilerEngine.php(76): Illuminate\\View\\Engines\\PhpEngine->evaluatePath()
#19 /home/jaycee/Projects/Email-Marketing/vendor/laravel/framework/src/Illuminate/View/View.php(208): Illuminate\\View\\Engines\\CompilerEngine->get()
#20 /home/jaycee/Projects/Email-Marketing/vendor/laravel/framework/src/Illuminate/View/View.php(191): Illuminate\\View\\View->getContents()
#21 /home/jaycee/Projects/Email-Marketing/vendor/laravel/framework/src/Illuminate/View/View.php(160): Illuminate\\View\\View->renderContents()
#22 /home/jaycee/Projects/Email-Marketing/vendor/laravel/framework/src/Illuminate/Http/Response.php(78): Illuminate\\View\\View->render()
#23 /home/jaycee/Projects/Email-Marketing/vendor/laravel/framework/src/Illuminate/Http/Response.php(34): Illuminate\\Http\\Response->setContent()
#24 /home/jaycee/Projects/Email-Marketing/vendor/laravel/framework/src/Illuminate/Routing/Router.php(939): Illuminate\\Http\\Response->__construct()
#25 /home/jaycee/Projects/Email-Marketing/vendor/laravel/framework/src/Illuminate/Routing/Router.php(906): Illuminate\\Routing\\Router::toResponse()
#26 /home/jaycee/Projects/Email-Marketing/vendor/laravel/framework/src/Illuminate/Routing/Router.php(821): Illuminate\\Routing\\Router->prepareResponse()
#27 /home/jaycee/Projects/Email-Marketing/vendor/laravel/framework/src/Illuminate/Pipeline/Pipeline.php(180): Illuminate\\Routing\\Router->Illuminate\\Routing\\{closure}()
#28 /home/jaycee/Projects/Email-Marketing/vendor/laravel/framework/src/Illuminate/Routing/Middleware/SubstituteBindings.php(50): Illuminate\\Pipeline\\Pipeline->Illuminate\\Pipeline\\{closure}()
#29 /home/jaycee/Projects/Email-Marketing/vendor/laravel/framework/src/Illuminate/Pipeline/Pipeline.php(219): Illuminate\\Routing\\Middleware\\SubstituteBindings->handle()
#30 /home/jaycee/Projects/Email-Marketing/vendor/laravel/framework/src/Illuminate/Foundation/Http/Middleware/VerifyCsrfToken.php(87): Illuminate\\Pipeline\\Pipeline->Illuminate\\Pipeline\\{closure}()
#31 /home/jaycee/Projects/Email-Marketing/vendor/laravel/framework/src/Illuminate/Pipeline/Pipeline.php(219): Illuminate\\Foundation\\Http\\Middleware\\VerifyCsrfToken->handle()
#32 /home/jaycee/Projects/Email-Marketing/vendor/laravel/framework/src/Illuminate/View/Middleware/ShareErrorsFromSession.php(48): Illuminate\\Pipeline\\Pipeline->Illuminate\\Pipeline\\{closure}()
#33 /home/jaycee/Projects/Email-Marketing/vendor/laravel/framework/src/Illuminate/Pipeline/Pipeline.php(219): Illuminate\\View\\Middleware\\ShareErrorsFromSession->handle()
#34 /home/jaycee/Projects/Email-Marketing/vendor/laravel/framework/src/Illuminate/Session/Middleware/StartSession.php(120): Illuminate\\Pipeline\\Pipeline->Illuminate\\Pipeline\\{closure}()
#35 /home/jaycee/Projects/Email-Marketing/vendor/laravel/framework/src/Illuminate/Session/Middleware/StartSession.php(63): Illuminate\\Session\\Middleware\\StartSession->handleStatefulRequest()
#36 /home/jaycee/Projects/Email-Marketing/vendor/laravel/framework/src/Illuminate/Pipeline/Pipeline.php(219): Illuminate\\Session\\Middleware\\StartSession->handle()
#37 /home/jaycee/Projects/Email-Marketing/vendor/laravel/framework/src/Illuminate/Cookie/Middleware/AddQueuedCookiesToResponse.php(36): Illuminate\\Pipeline\\Pipeline->Illuminate\\Pipeline\\{closure}()
#38 /home/jaycee/Projects/Email-Marketing/vendor/laravel/framework/src/Illuminate/Pipeline/Pipeline.php(219): Illuminate\\Cookie\\Middleware\\AddQueuedCookiesToResponse->handle()
#39 /home/jaycee/Projects/Email-Marketing/vendor/laravel/framework/src/Illuminate/Cookie/Middleware/EncryptCookies.php(74): Illuminate\\Pipeline\\Pipeline->Illuminate\\Pipeline\\{closure}()
#40 /home/jaycee/Projects/Email-Marketing/vendor/laravel/framework/src/Illuminate/Pipeline/Pipeline.php(219): Illuminate\\Cookie\\Middleware\\EncryptCookies->handle()
#41 /home/jaycee/Projects/Email-Marketing/vendor/laravel/framework/src/Illuminate/Pipeline/Pipeline.php(137): Illuminate\\Pipeline\\Pipeline->Illuminate\\Pipeline\\{closure}()
#42 /home/jaycee/Projects/Email-Marketing/vendor/laravel/framework/src/Illuminate/Routing/Router.php(821): Illuminate\\Pipeline\\Pipeline->then()
#43 /home/jaycee/Projects/Email-Marketing/vendor/laravel/framework/src/Illuminate/Routing/Router.php(800): Illuminate\\Routing\\Router->runRouteWithinStack()
#44 /home/jaycee/Projects/Email-Marketing/vendor/laravel/framework/src/Illuminate/Routing/Router.php(764): Illuminate\\Routing\\Router->runRoute()
#45 /home/jaycee/Projects/Email-Marketing/vendor/laravel/framework/src/Illuminate/Routing/Router.php(753): Illuminate\\Routing\\Router->dispatchToRoute()
#46 /home/jaycee/Projects/Email-Marketing/vendor/laravel/framework/src/Illuminate/Foundation/Http/Kernel.php(200): Illuminate\\Routing\\Router->dispatch()
#47 /home/jaycee/Projects/Email-Marketing/vendor/laravel/framework/src/Illuminate/Pipeline/Pipeline.php(180): Illuminate\\Foundation\\Http\\Kernel->Illuminate\\Foundation\\Http\\{closure}()
#48 /home/jaycee/Projects/Email-Marketing/vendor/laravel/framework/src/Illuminate/Foundation/Http/Middleware/TransformsRequest.php(21): Illuminate\\Pipeline\\Pipeline->Illuminate\\Pipeline\\{closure}()
#49 /home/jaycee/Projects/Email-Marketing/vendor/laravel/framework/src/Illuminate/Foundation/Http/Middleware/ConvertEmptyStringsToNull.php(31): Illuminate\\Foundation\\Http\\Middleware\\TransformsRequest->handle()
#50 /home/jaycee/Projects/Email-Marketing/vendor/laravel/framework/src/Illuminate/Pipeline/Pipeline.php(219): Illuminate\\Foundation\\Http\\Middleware\\ConvertEmptyStringsToNull->handle()
#51 /home/jaycee/Projects/Email-Marketing/vendor/laravel/framework/src/Illuminate/Foundation/Http/Middleware/TransformsRequest.php(21): Illuminate\\Pipeline\\Pipeline->Illuminate\\Pipeline\\{closure}()
#52 /home/jaycee/Projects/Email-Marketing/vendor/laravel/framework/src/Illuminate/Foundation/Http/Middleware/TrimStrings.php(51): Illuminate\\Foundation\\Http\\Middleware\\TransformsRequest->handle()
#53 /home/jaycee/Projects/Email-Marketing/vendor/laravel/framework/src/Illuminate/Pipeline/Pipeline.php(219): Illuminate\\Foundation\\Http\\Middleware\\TrimStrings->handle()
#54 /home/jaycee/Projects/Email-Marketing/vendor/laravel/framework/src/Illuminate/Http/Middleware/ValidatePostSize.php(27): Illuminate\\Pipeline\\Pipeline->Illuminate\\Pipeline\\{closure}()
#55 /home/jaycee/Projects/Email-Marketing/vendor/laravel/framework/src/Illuminate/Pipeline/Pipeline.php(219): Illuminate\\Http\\Middleware\\ValidatePostSize->handle()
#56 /home/jaycee/Projects/Email-Marketing/vendor/laravel/framework/src/Illuminate/Foundation/Http/Middleware/PreventRequestsDuringMaintenance.php(109): Illuminate\\Pipeline\\Pipeline->Illuminate\\Pipeline\\{closure}()
#57 /home/jaycee/Projects/Email-Marketing/vendor/laravel/framework/src/Illuminate/Pipeline/Pipeline.php(219): Illuminate\\Foundation\\Http\\Middleware\\PreventRequestsDuringMaintenance->handle()
#58 /home/jaycee/Projects/Email-Marketing/vendor/laravel/framework/src/Illuminate/Http/Middleware/HandleCors.php(48): Illuminate\\Pipeline\\Pipeline->Illuminate\\Pipeline\\{closure}()
#59 /home/jaycee/Projects/Email-Marketing/vendor/laravel/framework/src/Illuminate/Pipeline/Pipeline.php(219): Illuminate\\Http\\Middleware\\HandleCors->handle()
#60 /home/jaycee/Projects/Email-Marketing/vendor/laravel/framework/src/Illuminate/Http/Middleware/TrustProxies.php(58): Illuminate\\Pipeline\\Pipeline->Illuminate\\Pipeline\\{closure}()
#61 /home/jaycee/Projects/Email-Marketing/vendor/laravel/framework/src/Illuminate/Pipeline/Pipeline.php(219): Illuminate\\Http\\Middleware\\TrustProxies->handle()
#62 /home/jaycee/Projects/Email-Marketing/vendor/laravel/framework/src/Illuminate/Foundation/Http/Middleware/InvokeDeferredCallbacks.php(22): Illuminate\\Pipeline\\Pipeline->Illuminate\\Pipeline\\{closure}()
#63 /home/jaycee/Projects/Email-Marketing/vendor/laravel/framework/src/Illuminate/Pipeline/Pipeline.php(219): Illuminate\\Foundation\\Http\\Middleware\\InvokeDeferredCallbacks->handle()
#64 /home/jaycee/Projects/Email-Marketing/vendor/laravel/framework/src/Illuminate/Http/Middleware/ValidatePathEncoding.php(26): Illuminate\\Pipeline\\Pipeline->Illuminate\\Pipeline\\{closure}()
#65 /home/jaycee/Projects/Email-Marketing/vendor/laravel/framework/src/Illuminate/Pipeline/Pipeline.php(219): Illuminate\\Http\\Middleware\\ValidatePathEncoding->handle()
#66 /home/jaycee/Projects/Email-Marketing/vendor/laravel/framework/src/Illuminate/Pipeline/Pipeline.php(137): Illuminate\\Pipeline\\Pipeline->Illuminate\\Pipeline\\{closure}()
#67 /home/jaycee/Projects/Email-Marketing/vendor/laravel/framework/src/Illuminate/Foundation/Http/Kernel.php(175): Illuminate\\Pipeline\\Pipeline->then()
#68 /home/jaycee/Projects/Email-Marketing/vendor/laravel/framework/src/Illuminate/Foundation/Http/Kernel.php(144): Illuminate\\Foundation\\Http\\Kernel->sendRequestThroughRouter()
#69 /home/jaycee/Projects/Email-Marketing/vendor/laravel/framework/src/Illuminate/Foundation/Application.php(1220): Illuminate\\Foundation\\Http\\Kernel->handle()
#70 /home/jaycee/Projects/Email-Marketing/public/index.php(20): Illuminate\\Foundation\\Application->handleRequest()
#71 /home/jaycee/Projects/Email-Marketing/vendor/laravel/framework/src/Illuminate/Foundation/resources/server.php(23): require_once('...')
#72 {main}

[previous exception] [object] (ErrorException(code: 0): Attempt to read property \"avatar_url\" on null at /home/jaycee/Projects/Email-Marketing/storage/framework/views/fb8cc0add806753457d48979dd9de572.php:157)
[stacktrace]
#0 /home/jaycee/Projects/Email-Marketing/vendor/laravel/framework/src/Illuminate/Foundation/Bootstrap/HandleExceptions.php(258): Illuminate\\Foundation\\Bootstrap\\HandleExceptions->handleError()
#1 /home/jaycee/Projects/Email-Marketing/storage/framework/views/fb8cc0add806753457d48979dd9de572.php(157): Illuminate\\Foundation\\Bootstrap\\HandleExceptions->Illuminate\\Foundation\\Bootstrap\\{closure}()
#2 /home/jaycee/Projects/Email-Marketing/vendor/laravel/framework/src/Illuminate/Filesystem/Filesystem.php(123): require('...')
#3 /home/jaycee/Projects/Email-Marketing/vendor/laravel/framework/src/Illuminate/Filesystem/Filesystem.php(124): Illuminate\\Filesystem\\Filesystem::Illuminate\\Filesystem\\{closure}()
#4 /home/jaycee/Projects/Email-Marketing/vendor/laravel/framework/src/Illuminate/View/Engines/PhpEngine.php(57): Illuminate\\Filesystem\\Filesystem->getRequire()
#5 /home/jaycee/Projects/Email-Marketing/vendor/laravel/framework/src/Illuminate/View/Engines/CompilerEngine.php(76): Illuminate\\View\\Engines\\PhpEngine->evaluatePath()
#6 /home/jaycee/Projects/Email-Marketing/vendor/laravel/framework/src/Illuminate/View/View.php(208): Illuminate\\View\\Engines\\CompilerEngine->get()
#7 /home/jaycee/Projects/Email-Marketing/vendor/laravel/framework/src/Illuminate/View/View.php(191): Illuminate\\View\\View->getContents()
#8 /home/jaycee/Projects/Email-Marketing/vendor/laravel/framework/src/Illuminate/View/View.php(160): Illuminate\\View\\View->renderContents()
#9 /home/jaycee/Projects/Email-Marketing/storage/framework/views/a2cfe1c33e99ef310cb56d88b1cb068c.php(12): Illuminate\\View\\View->render()
#10 /home/jaycee/Projects/Email-Marketing/vendor/laravel/framework/src/Illuminate/Filesystem/Filesystem.php(123): require('...')
#11 /home/jaycee/Projects/Email-Marketing/vendor/laravel/framework/src/Illuminate/Filesystem/Filesystem.php(124): Illuminate\\Filesystem\\Filesystem::Illuminate\\Filesystem\\{closure}()
#12 /home/jaycee/Projects/Email-Marketing/vendor/laravel/framework/src/Illuminate/View/Engines/PhpEngine.php(57): Illuminate\\Filesystem\\Filesystem->getRequire()
#13 /home/jaycee/Projects/Email-Marketing/vendor/laravel/framework/src/Illuminate/View/Engines/CompilerEngine.php(76): Illuminate\\View\\Engines\\PhpEngine->evaluatePath()
#14 /home/jaycee/Projects/Email-Marketing/vendor/laravel/framework/src/Illuminate/View/View.php(208): Illuminate\\View\\Engines\\CompilerEngine->get()
#15 /home/jaycee/Projects/Email-Marketing/vendor/laravel/framework/src/Illuminate/View/View.php(191): Illuminate\\View\\View->getContents()
#16 /home/jaycee/Projects/Email-Marketing/vendor/laravel/framework/src/Illuminate/View/View.php(160): Illuminate\\View\\View->renderContents()
#17 /home/jaycee/Projects/Email-Marketing/vendor/laravel/framework/src/Illuminate/View/Concerns/ManagesComponents.php(103): Illuminate\\View\\View->render()
#18 /home/jaycee/Projects/Email-Marketing/storage/framework/views/720adf2da904dab03a2c05cfcacb81a0.php(370): Illuminate\\View\\Factory->renderComponent()
#19 /home/jaycee/Projects/Email-Marketing/vendor/laravel/framework/src/Illuminate/Filesystem/Filesystem.php(123): require('...')
#20 /home/jaycee/Projects/Email-Marketing/vendor/laravel/framework/src/Illuminate/Filesystem/Filesystem.php(124): Illuminate\\Filesystem\\Filesystem::Illuminate\\Filesystem\\{closure}()
#21 /home/jaycee/Projects/Email-Marketing/vendor/laravel/framework/src/Illuminate/View/Engines/PhpEngine.php(57): Illuminate\\Filesystem\\Filesystem->getRequire()
#22 /home/jaycee/Projects/Email-Marketing/vendor/laravel/framework/src/Illuminate/View/Engines/CompilerEngine.php(76): Illuminate\\View\\Engines\\PhpEngine->evaluatePath()
#23 /home/jaycee/Projects/Email-Marketing/vendor/laravel/framework/src/Illuminate/View/View.php(208): Illuminate\\View\\Engines\\CompilerEngine->get()
#24 /home/jaycee/Projects/Email-Marketing/vendor/laravel/framework/src/Illuminate/View/View.php(191): Illuminate\\View\\View->getContents()
#25 /home/jaycee/Projects/Email-Marketing/vendor/laravel/framework/src/Illuminate/View/View.php(160): Illuminate\\View\\View->renderContents()
#26 /home/jaycee/Projects/Email-Marketing/vendor/laravel/framework/src/Illuminate/Http/Response.php(78): Illuminate\\View\\View->render()
#27 /home/jaycee/Projects/Email-Marketing/vendor/laravel/framework/src/Illuminate/Http/Response.php(34): Illuminate\\Http\\Response->setContent()
#28 /home/jaycee/Projects/Email-Marketing/vendor/laravel/framework/src/Illuminate/Routing/Router.php(939): Illuminate\\Http\\Response->__construct()
#29 /home/jaycee/Projects/Email-Marketing/vendor/laravel/framework/src/Illuminate/Routing/Router.php(906): Illuminate\\Routing\\Router::toResponse()
#30 /home/jaycee/Projects/Email-Marketing/vendor/laravel/framework/src/Illuminate/Routing/Router.php(821): Illuminate\\Routing\\Router->prepareResponse()
#31 /home/jaycee/Projects/Email-Marketing/vendor/laravel/framework/src/Illuminate/Pipeline/Pipeline.php(180): Illuminate\\Routing\\Router->Illuminate\\Routing\\{closure}()
#32 /home/jaycee/Projects/Email-Marketing/vendor/laravel/framework/src/Illuminate/Routing/Middleware/SubstituteBindings.php(50): Illuminate\\Pipeline\\Pipeline->Illuminate\\Pipeline\\{closure}()
#33 /home/jaycee/Projects/Email-Marketing/vendor/laravel/framework/src/Illuminate/Pipeline/Pipeline.php(219): Illuminate\\Routing\\Middleware\\SubstituteBindings->handle()
#34 /home/jaycee/Projects/Email-Marketing/vendor/laravel/framework/src/Illuminate/Foundation/Http/Middleware/VerifyCsrfToken.php(87): Illuminate\\Pipeline\\Pipeline->Illuminate\\Pipeline\\{closure}()
#35 /home/jaycee/Projects/Email-Marketing/vendor/laravel/framework/src/Illuminate/Pipeline/Pipeline.php(219): Illuminate\\Foundation\\Http\\Middleware\\VerifyCsrfToken->handle()
#36 /home/jaycee/Projects/Email-Marketing/vendor/laravel/framework/src/Illuminate/View/Middleware/ShareErrorsFromSession.php(48): Illuminate\\Pipeline\\Pipeline->Illuminate\\Pipeline\\{closure}()
#37 /home/jaycee/Projects/Email-Marketing/vendor/laravel/framework/src/Illuminate/Pipeline/Pipeline.php(219): Illuminate\\View\\Middleware\\ShareErrorsFromSession->handle()
#38 /home/jaycee/Projects/Email-Marketing/vendor/laravel/framework/src/Illuminate/Session/Middleware/StartSession.php(120): Illuminate\\Pipeline\\Pipeline->Illuminate\\Pipeline\\{closure}()
#39 /home/jaycee/Projects/Email-Marketing/vendor/laravel/framework/src/Illuminate/Session/Middleware/StartSession.php(63): Illuminate\\Session\\Middleware\\StartSession->handleStatefulRequest()
#40 /home/jaycee/Projects/Email-Marketing/vendor/laravel/framework/src/Illuminate/Pipeline/Pipeline.php(219): Illuminate\\Session\\Middleware\\StartSession->handle()
#41 /home/jaycee/Projects/Email-Marketing/vendor/laravel/framework/src/Illuminate/Cookie/Middleware/AddQueuedCookiesToResponse.php(36): Illuminate\\Pipeline\\Pipeline->Illuminate\\Pipeline\\{closure}()
#42 /home/jaycee/Projects/Email-Marketing/vendor/laravel/framework/src/Illuminate/Pipeline/Pipeline.php(219): Illuminate\\Cookie\\Middleware\\AddQueuedCookiesToResponse->handle()
#43 /home/jaycee/Projects/Email-Marketing/vendor/laravel/framework/src/Illuminate/Cookie/Middleware/EncryptCookies.php(74): Illuminate\\Pipeline\\Pipeline->Illuminate\\Pipeline\\{closure}()
#44 /home/jaycee/Projects/Email-Marketing/vendor/laravel/framework/src/Illuminate/Pipeline/Pipeline.php(219): Illuminate\\Cookie\\Middleware\\EncryptCookies->handle()
#45 /home/jaycee/Projects/Email-Marketing/vendor/laravel/framework/src/Illuminate/Pipeline/Pipeline.php(137): Illuminate\\Pipeline\\Pipeline->Illuminate\\Pipeline\\{closure}()
#46 /home/jaycee/Projects/Email-Marketing/vendor/laravel/framework/src/Illuminate/Routing/Router.php(821): Illuminate\\Pipeline\\Pipeline->then()
#47 /home/jaycee/Projects/Email-Marketing/vendor/laravel/framework/src/Illuminate/Routing/Router.php(800): Illuminate\\Routing\\Router->runRouteWithinStack()
#48 /home/jaycee/Projects/Email-Marketing/vendor/laravel/framework/src/Illuminate/Routing/Router.php(764): Illuminate\\Routing\\Router->runRoute()
#49 /home/jaycee/Projects/Email-Marketing/vendor/laravel/framework/src/Illuminate/Routing/Router.php(753): Illuminate\\Routing\\Router->dispatchToRoute()
#50 /home/jaycee/Projects/Email-Marketing/vendor/laravel/framework/src/Illuminate/Foundation/Http/Kernel.php(200): Illuminate\\Routing\\Router->dispatch()
#51 /home/jaycee/Projects/Email-Marketing/vendor/laravel/framework/src/Illuminate/Pipeline/Pipeline.php(180): Illuminate\\Foundation\\Http\\Kernel->Illuminate\\Foundation\\Http\\{closure}()
#52 /home/jaycee/Projects/Email-Marketing/vendor/laravel/framework/src/Illuminate/Foundation/Http/Middleware/TransformsRequest.php(21): Illuminate\\Pipeline\\Pipeline->Illuminate\\Pipeline\\{closure}()
#53 /home/jaycee/Projects/Email-Marketing/vendor/laravel/framework/src/Illuminate/Foundation/Http/Middleware/ConvertEmptyStringsToNull.php(31): Illuminate\\Foundation\\Http\\Middleware\\TransformsRequest->handle()
#54 /home/jaycee/Projects/Email-Marketing/vendor/laravel/framework/src/Illuminate/Pipeline/Pipeline.php(219): Illuminate\\Foundation\\Http\\Middleware\\ConvertEmptyStringsToNull->handle()
#55 /home/jaycee/Projects/Email-Marketing/vendor/laravel/framework/src/Illuminate/Foundation/Http/Middleware/TransformsRequest.php(21): Illuminate\\Pipeline\\Pipeline->Illuminate\\Pipeline\\{closure}()
#56 /home/jaycee/Projects/Email-Marketing/vendor/laravel/framework/src/Illuminate/Foundation/Http/Middleware/TrimStrings.php(51): Illuminate\\Foundation\\Http\\Middleware\\TransformsRequest->handle()
#57 /home/jaycee/Projects/Email-Marketing/vendor/laravel/framework/src/Illuminate/Pipeline/Pipeline.php(219): Illuminate\\Foundation\\Http\\Middleware\\TrimStrings->handle()
#58 /home/jaycee/Projects/Email-Marketing/vendor/laravel/framework/src/Illuminate/Http/Middleware/ValidatePostSize.php(27): Illuminate\\Pipeline\\Pipeline->Illuminate\\Pipeline\\{closure}()
#59 /home/jaycee/Projects/Email-Marketing/vendor/laravel/framework/src/Illuminate/Pipeline/Pipeline.php(219): Illuminate\\Http\\Middleware\\ValidatePostSize->handle()
#60 /home/jaycee/Projects/Email-Marketing/vendor/laravel/framework/src/Illuminate/Foundation/Http/Middleware/PreventRequestsDuringMaintenance.php(109): Illuminate\\Pipeline\\Pipeline->Illuminate\\Pipeline\\{closure}()
#61 /home/jaycee/Projects/Email-Marketing/vendor/laravel/framework/src/Illuminate/Pipeline/Pipeline.php(219): Illuminate\\Foundation\\Http\\Middleware\\PreventRequestsDuringMaintenance->handle()
#62 /home/jaycee/Projects/Email-Marketing/vendor/laravel/framework/src/Illuminate/Http/Middleware/HandleCors.php(48): Illuminate\\Pipeline\\Pipeline->Illuminate\\Pipeline\\{closure}()
#63 /home/jaycee/Projects/Email-Marketing/vendor/laravel/framework/src/Illuminate/Pipeline/Pipeline.php(219): Illuminate\\Http\\Middleware\\HandleCors->handle()
#64 /home/jaycee/Projects/Email-Marketing/vendor/laravel/framework/src/Illuminate/Http/Middleware/TrustProxies.php(58): Illuminate\\Pipeline\\Pipeline->Illuminate\\Pipeline\\{closure}()
#65 /home/jaycee/Projects/Email-Marketing/vendor/laravel/framework/src/Illuminate/Pipeline/Pipeline.php(219): Illuminate\\Http\\Middleware\\TrustProxies->handle()
#66 /home/jaycee/Projects/Email-Marketing/vendor/laravel/framework/src/Illuminate/Foundation/Http/Middleware/InvokeDeferredCallbacks.php(22): Illuminate\\Pipeline\\Pipeline->Illuminate\\Pipeline\\{closure}()
#67 /home/jaycee/Projects/Email-Marketing/vendor/laravel/framework/src/Illuminate/Pipeline/Pipeline.php(219): Illuminate\\Foundation\\Http\\Middleware\\InvokeDeferredCallbacks->handle()
#68 /home/jaycee/Projects/Email-Marketing/vendor/laravel/framework/src/Illuminate/Http/Middleware/ValidatePathEncoding.php(26): Illuminate\\Pipeline\\Pipeline->Illuminate\\Pipeline\\{closure}()
#69 /home/jaycee/Projects/Email-Marketing/vendor/laravel/framework/src/Illuminate/Pipeline/Pipeline.php(219): Illuminate\\Http\\Middleware\\ValidatePathEncoding->handle()
#70 /home/jaycee/Projects/Email-Marketing/vendor/laravel/framework/src/Illuminate/Pipeline/Pipeline.php(137): Illuminate\\Pipeline\\Pipeline->Illuminate\\Pipeline\\{closure}()
#71 /home/jaycee/Projects/Email-Marketing/vendor/laravel/framework/src/Illuminate/Foundation/Http/Kernel.php(175): Illuminate\\Pipeline\\Pipeline->then()
#72 /home/jaycee/Projects/Email-Marketing/vendor/laravel/framework/src/Illuminate/Foundation/Http/Kernel.php(144): Illuminate\\Foundation\\Http\\Kernel->sendRequestThroughRouter()
#73 /home/jaycee/Projects/Email-Marketing/vendor/laravel/framework/src/Illuminate/Foundation/Application.php(1220): Illuminate\\Foundation\\Http\\Kernel->handle()
#74 /home/jaycee/Projects/Email-Marketing/public/index.php(20): Illuminate\\Foundation\\Application->handleRequest()
#75 /home/jaycee/Projects/Email-Marketing/vendor/laravel/framework/src/Illuminate/Foundation/resources/server.php(23): require_once('...')
#76 {main}
"} 
[2026-06-25 07:31:09] local.ERROR: The process "'/usr/bin/php8.3' 'artisan' 'queue:work' '--once' '--name=default' '--queue=default' '--backoff=0' '--memory=128' '--sleep=3' '--tries=1'" exceeded the timeout of 60 seconds. {"exception":"[object] (Symfony\\Component\\Process\\Exception\\ProcessTimedOutException(code: 0): The process \"'/usr/bin/php8.3' 'artisan' 'queue:work' '--once' '--name=default' '--queue=default' '--backoff=0' '--memory=128' '--sleep=3' '--tries=1'\" exceeded the timeout of 60 seconds. at /home/jaycee/Projects/Email-Marketing/vendor/symfony/process/Process.php:1181)
[stacktrace]
#0 /home/jaycee/Projects/Email-Marketing/vendor/symfony/process/Process.php(450): Symfony\\Component\\Process\\Process->checkTimeout()
#1 /home/jaycee/Projects/Email-Marketing/vendor/symfony/process/Process.php(251): Symfony\\Component\\Process\\Process->wait()
#2 /home/jaycee/Projects/Email-Marketing/vendor/laravel/framework/src/Illuminate/Queue/Listener.php(180): Symfony\\Component\\Process\\Process->run()
#3 /home/jaycee/Projects/Email-Marketing/vendor/laravel/framework/src/Illuminate/Queue/Listener.php(91): Illuminate\\Queue\\Listener->runProcess()
#4 /home/jaycee/Projects/Email-Marketing/vendor/laravel/framework/src/Illuminate/Queue/Console/ListenCommand.php(74): Illuminate\\Queue\\Listener->listen()
#5 /home/jaycee/Projects/Email-Marketing/vendor/laravel/framework/src/Illuminate/Container/BoundMethod.php(36): Illuminate\\Queue\\Console\\ListenCommand->handle()
#6 /home/jaycee/Projects/Email-Marketing/vendor/laravel/framework/src/Illuminate/Container/Util.php(43): Illuminate\\Container\\BoundMethod::Illuminate\\Container\\{closure}()
#7 /home/jaycee/Projects/Email-Marketing/vendor/laravel/framework/src/Illuminate/Container/BoundMethod.php(96): Illuminate\\Container\\Util::unwrapIfClosure()
#8 /home/jaycee/Projects/Email-Marketing/vendor/laravel/framework/src/Illuminate/Container/BoundMethod.php(35): Illuminate\\Container\\BoundMethod::callBoundMethod()
#9 /home/jaycee/Projects/Email-Marketing/vendor/laravel/framework/src/Illuminate/Container/Container.php(836): Illuminate\\Container\\BoundMethod::call()
#10 /home/jaycee/Projects/Email-Marketing/vendor/laravel/framework/src/Illuminate/Console/Command.php(211): Illuminate\\Container\\Container->call()
#11 /home/jaycee/Projects/Email-Marketing/vendor/symfony/console/Command/Command.php(318): Illuminate\\Console\\Command->execute()
#12 /home/jaycee/Projects/Email-Marketing/vendor/laravel/framework/src/Illuminate/Console/Command.php(180): Symfony\\Component\\Console\\Command\\Command->run()
#13 /home/jaycee/Projects/Email-Marketing/vendor/symfony/console/Application.php(1110): Illuminate\\Console\\Command->run()
#14 /home/jaycee/Projects/Email-Marketing/vendor/symfony/console/Application.php(359): Symfony\\Component\\Console\\Application->doRunCommand()
#15 /home/jaycee/Projects/Email-Marketing/vendor/symfony/console/Application.php(194): Symfony\\Component\\Console\\Application->doRun()
#16 /home/jaycee/Projects/Email-Marketing/vendor/laravel/framework/src/Illuminate/Foundation/Console/Kernel.php(197): Symfony\\Component\\Console\\Application->run()
#17 /home/jaycee/Projects/Email-Marketing/vendor/laravel/framework/src/Illuminate/Foundation/Application.php(1235): Illuminate\\Foundation\\Console\\Kernel->handle()
#18 /home/jaycee/Projects/Email-Marketing/artisan(16): Illuminate\\Foundation\\Application->handleCommand()
#19 {main}
"} 
[2026-06-25 09:53:21] testing.ERROR: could not find driver (Connection: sqlite, SQL: select count(*) as aggregate from "contacts") (View: /home/jaycee/Projects/Email-Marketing/resources/views/dashboard/index.blade.php) {"exception":"[object] (Illuminate\\View\\ViewException(code: 0): could not find driver (Connection: sqlite, SQL: select count(*) as aggregate from \"contacts\") (View: /home/jaycee/Projects/Email-Marketing/resources/views/dashboard/index.blade.php) at /home/jaycee/Projects/Email-Marketing/vendor/laravel/framework/src/Illuminate/Database/Connection.php:824)
[stacktrace]
#0 /home/jaycee/Projects/Email-Marketing/vendor/laravel/framework/src/Illuminate/View/Engines/PhpEngine.php(59): Illuminate\\View\\Engines\\CompilerEngine->handleViewException()
#1 /home/jaycee/Projects/Email-Marketing/vendor/laravel/framework/src/Illuminate/View/Engines/CompilerEngine.php(76): Illuminate\\View\\Engines\\PhpEngine->evaluatePath()
#2 /home/jaycee/Projects/Email-Marketing/vendor/laravel/framework/src/Illuminate/View/View.php(208): Illuminate\\View\\Engines\\CompilerEngine->get()
#3 /home/jaycee/Projects/Email-Marketing/vendor/laravel/framework/src/Illuminate/View/View.php(191): Illuminate\\View\\View->getContents()
#4 /home/jaycee/Projects/Email-Marketing/vendor/laravel/framework/src/Illuminate/View/View.php(160): Illuminate\\View\\View->renderContents()
#5 /home/jaycee/Projects/Email-Marketing/vendor/laravel/framework/src/Illuminate/Http/Response.php(78): Illuminate\\View\\View->render()
#6 /home/jaycee/Projects/Email-Marketing/vendor/laravel/framework/src/Illuminate/Http/Response.php(34): Illuminate\\Http\\Response->setContent()
#7 /home/jaycee/Projects/Email-Marketing/vendor/laravel/framework/src/Illuminate/Routing/Router.php(939): Illuminate\\Http\\Response->__construct()
#8 /home/jaycee/Projects/Email-Marketing/vendor/laravel/framework/src/Illuminate/Routing/Router.php(906): Illuminate\\Routing\\Router::toResponse()
#9 /home/jaycee/Projects/Email-Marketing/vendor/laravel/framework/src/Illuminate/Routing/Router.php(821): Illuminate\\Routing\\Router->prepareResponse()
#10 /home/jaycee/Projects/Email-Marketing/vendor/laravel/framework/src/Illuminate/Pipeline/Pipeline.php(180): Illuminate\\Routing\\Router->Illuminate\\Routing\\{closure}()
#11 /home/jaycee/Projects/Email-Marketing/vendor/laravel/framework/src/Illuminate/Routing/Middleware/SubstituteBindings.php(50): Illuminate\\Pipeline\\Pipeline->Illuminate\\Pipeline\\{closure}()
#12 /home/jaycee/Projects/Email-Marketing/vendor/laravel/framework/src/Illuminate/Pipeline/Pipeline.php(219): Illuminate\\Routing\\Middleware\\SubstituteBindings->handle()
#13 /home/jaycee/Projects/Email-Marketing/vendor/laravel/framework/src/Illuminate/Foundation/Http/Middleware/VerifyCsrfToken.php(87): Illuminate\\Pipeline\\Pipeline->Illuminate\\Pipeline\\{closure}()
#14 /home/jaycee/Projects/Email-Marketing/vendor/laravel/framework/src/Illuminate/Pipeline/Pipeline.php(219): Illuminate\\Foundation\\Http\\Middleware\\VerifyCsrfToken->handle()
#15 /home/jaycee/Projects/Email-Marketing/vendor/laravel/framework/src/Illuminate/View/Middleware/ShareErrorsFromSession.php(48): Illuminate\\Pipeline\\Pipeline->Illuminate\\Pipeline\\{closure}()
#16 /home/jaycee/Projects/Email-Marketing/vendor/laravel/framework/src/Illuminate/Pipeline/Pipeline.php(219): Illuminate\\View\\Middleware\\ShareErrorsFromSession->handle()
#17 /home/jaycee/Projects/Email-Marketing/vendor/laravel/framework/src/Illuminate/Session/Middleware/StartSession.php(120): Illuminate\\Pipeline\\Pipeline->Illuminate\\Pipeline\\{closure}()
#18 /home/jaycee/Projects/Email-Marketing/vendor/laravel/framework/src/Illuminate/Session/Middleware/StartSession.php(63): Illuminate\\Session\\Middleware\\StartSession->handleStatefulRequest()
#19 /home/jaycee/Projects/Email-Marketing/vendor/laravel/framework/src/Illuminate/Pipeline/Pipeline.php(219): Illuminate\\Session\\Middleware\\StartSession->handle()
#20 /home/jaycee/Projects/Email-Marketing/vendor/laravel/framework/src/Illuminate/Cookie/Middleware/AddQueuedCookiesToResponse.php(36): Illuminate\\Pipeline\\Pipeline->Illuminate\\Pipeline\\{closure}()
#21 /home/jaycee/Projects/Email-Marketing/vendor/laravel/framework/src/Illuminate/Pipeline/Pipeline.php(219): Illuminate\\Cookie\\Middleware\\AddQueuedCookiesToResponse->handle()
#22 /home/jaycee/Projects/Email-Marketing/vendor/laravel/framework/src/Illuminate/Cookie/Middleware/EncryptCookies.php(74): Illuminate\\Pipeline\\Pipeline->Illuminate\\Pipeline\\{closure}()
#23 /home/jaycee/Projects/Email-Marketing/vendor/laravel/framework/src/Illuminate/Pipeline/Pipeline.php(219): Illuminate\\Cookie\\Middleware\\EncryptCookies->handle()
#24 /home/jaycee/Projects/Email-Marketing/vendor/laravel/framework/src/Illuminate/Pipeline/Pipeline.php(137): Illuminate\\Pipeline\\Pipeline->Illuminate\\Pipeline\\{closure}()
#25 /home/jaycee/Projects/Email-Marketing/vendor/laravel/framework/src/Illuminate/Routing/Router.php(821): Illuminate\\Pipeline\\Pipeline->then()
#26 /home/jaycee/Projects/Email-Marketing/vendor/laravel/framework/src/Illuminate/Routing/Router.php(800): Illuminate\\Routing\\Router->runRouteWithinStack()
#27 /home/jaycee/Projects/Email-Marketing/vendor/laravel/framework/src/Illuminate/Routing/Router.php(764): Illuminate\\Routing\\Router->runRoute()
#28 /home/jaycee/Projects/Email-Marketing/vendor/laravel/framework/src/Illuminate/Routing/Router.php(753): Illuminate\\Routing\\Router->dispatchToRoute()
#29 /home/jaycee/Projects/Email-Marketing/vendor/laravel/framework/src/Illuminate/Foundation/Http/Kernel.php(200): Illuminate\\Routing\\Router->dispatch()
#30 /home/jaycee/Projects/Email-Marketing/vendor/laravel/framework/src/Illuminate/Pipeline/Pipeline.php(180): Illuminate\\Foundation\\Http\\Kernel->Illuminate\\Foundation\\Http\\{closure}()
#31 /home/jaycee/Projects/Email-Marketing/vendor/laravel/framework/src/Illuminate/Foundation/Http/Middleware/TransformsRequest.php(21): Illuminate\\Pipeline\\Pipeline->Illuminate\\Pipeline\\{closure}()
#32 /home/jaycee/Projects/Email-Marketing/vendor/laravel/framework/src/Illuminate/Foundation/Http/Middleware/ConvertEmptyStringsToNull.php(31): Illuminate\\Foundation\\Http\\Middleware\\TransformsRequest->handle()
#33 /home/jaycee/Projects/Email-Marketing/vendor/laravel/framework/src/Illuminate/Pipeline/Pipeline.php(219): Illuminate\\Foundation\\Http\\Middleware\\ConvertEmptyStringsToNull->handle()
#34 /home/jaycee/Projects/Email-Marketing/vendor/laravel/framework/src/Illuminate/Foundation/Http/Middleware/TransformsRequest.php(21): Illuminate\\Pipeline\\Pipeline->Illuminate\\Pipeline\\{closure}()
#35 /home/jaycee/Projects/Email-Marketing/vendor/laravel/framework/src/Illuminate/Foundation/Http/Middleware/TrimStrings.php(51): Illuminate\\Foundation\\Http\\Middleware\\TransformsRequest->handle()
#36 /home/jaycee/Projects/Email-Marketing/vendor/laravel/framework/src/Illuminate/Pipeline/Pipeline.php(219): Illuminate\\Foundation\\Http\\Middleware\\TrimStrings->handle()
#37 /home/jaycee/Projects/Email-Marketing/vendor/laravel/framework/src/Illuminate/Http/Middleware/ValidatePostSize.php(27): Illuminate\\Pipeline\\Pipeline->Illuminate\\Pipeline\\{closure}()
#38 /home/jaycee/Projects/Email-Marketing/vendor/laravel/framework/src/Illuminate/Pipeline/Pipeline.php(219): Illuminate\\Http\\Middleware\\ValidatePostSize->handle()
#39 /home/jaycee/Projects/Email-Marketing/vendor/laravel/framework/src/Illuminate/Foundation/Http/Middleware/PreventRequestsDuringMaintenance.php(109): Illuminate\\Pipeline\\Pipeline->Illuminate\\Pipeline\\{closure}()
#40 /home/jaycee/Projects/Email-Marketing/vendor/laravel/framework/src/Illuminate/Pipeline/Pipeline.php(219): Illuminate\\Foundation\\Http\\Middleware\\PreventRequestsDuringMaintenance->handle()
#41 /home/jaycee/Projects/Email-Marketing/vendor/laravel/framework/src/Illuminate/Http/Middleware/HandleCors.php(48): Illuminate\\Pipeline\\Pipeline->Illuminate\\Pipeline\\{closure}()
#42 /home/jaycee/Projects/Email-Marketing/vendor/laravel/framework/src/Illuminate/Pipeline/Pipeline.php(219): Illuminate\\Http\\Middleware\\HandleCors->handle()
#43 /home/jaycee/Projects/Email-Marketing/vendor/laravel/framework/src/Illuminate/Http/Middleware/TrustProxies.php(58): Illuminate\\Pipeline\\Pipeline->Illuminate\\Pipeline\\{closure}()
#44 /home/jaycee/Projects/Email-Marketing/vendor/laravel/framework/src/Illuminate/Pipeline/Pipeline.php(219): Illuminate\\Http\\Middleware\\TrustProxies->handle()
#45 /home/jaycee/Projects/Email-Marketing/vendor/laravel/framework/src/Illuminate/Foundation/Http/Middleware/InvokeDeferredCallbacks.php(22): Illuminate\\Pipeline\\Pipeline->Illuminate\\Pipeline\\{closure}()
#46 /home/jaycee/Projects/Email-Marketing/vendor/laravel/framework/src/Illuminate/Pipeline/Pipeline.php(219): Illuminate\\Foundation\\Http\\Middleware\\InvokeDeferredCallbacks->handle()
#47 /home/jaycee/Projects/Email-Marketing/vendor/laravel/framework/src/Illuminate/Http/Middleware/ValidatePathEncoding.php(26): Illuminate\\Pipeline\\Pipeline->Illuminate\\Pipeline\\{closure}()
#48 /home/jaycee/Projects/Email-Marketing/vendor/laravel/framework/src/Illuminate/Pipeline/Pipeline.php(219): Illuminate\\Http\\Middleware\\ValidatePathEncoding->handle()
#49 /home/jaycee/Projects/Email-Marketing/vendor/laravel/framework/src/Illuminate/Pipeline/Pipeline.php(137): Illuminate\\Pipeline\\Pipeline->Illuminate\\Pipeline\\{closure}()
#50 /home/jaycee/Projects/Email-Marketing/vendor/laravel/framework/src/Illuminate/Foundation/Http/Kernel.php(175): Illuminate\\Pipeline\\Pipeline->then()
#51 /home/jaycee/Projects/Email-Marketing/vendor/laravel/framework/src/Illuminate/Foundation/Http/Kernel.php(144): Illuminate\\Foundation\\Http\\Kernel->sendRequestThroughRouter()
#52 /home/jaycee/Projects/Email-Marketing/vendor/laravel/framework/src/Illuminate/Foundation/Testing/Concerns/MakesHttpRequests.php(607): Illuminate\\Foundation\\Http\\Kernel->handle()
#53 /home/jaycee/Projects/Email-Marketing/vendor/laravel/framework/src/Illuminate/Foundation/Testing/Concerns/MakesHttpRequests.php(368): Illuminate\\Foundation\\Testing\\TestCase->call()
#54 /home/jaycee/Projects/Email-Marketing/tests/Feature/ExampleTest.php(15): Illuminate\\Foundation\\Testing\\TestCase->get()
#55 /home/jaycee/Projects/Email-Marketing/vendor/phpunit/phpunit/src/Framework/TestCase.php(1657): Tests\\Feature\\ExampleTest->test_the_application_returns_a_successful_response()
#56 /home/jaycee/Projects/Email-Marketing/vendor/phpunit/phpunit/src/Framework/TestCase.php(515): PHPUnit\\Framework\\TestCase->runTest()
#57 /home/jaycee/Projects/Email-Marketing/vendor/phpunit/phpunit/src/Framework/TestRunner/TestRunner.php(87): PHPUnit\\Framework\\TestCase->runBare()
#58 /home/jaycee/Projects/Email-Marketing/vendor/phpunit/phpunit/src/Framework/TestCase.php(361): PHPUnit\\Framework\\TestRunner->run()
#59 /home/jaycee/Projects/Email-Marketing/vendor/phpunit/phpunit/src/Framework/TestSuite.php(369): PHPUnit\\Framework\\TestCase->run()
#60 /home/jaycee/Projects/Email-Marketing/vendor/phpunit/phpunit/src/Framework/TestSuite.php(369): PHPUnit\\Framework\\TestSuite->run()
#61 /home/jaycee/Projects/Email-Marketing/vendor/phpunit/phpunit/src/Framework/TestSuite.php(369): PHPUnit\\Framework\\TestSuite->run()
#62 /home/jaycee/Projects/Email-Marketing/vendor/phpunit/phpunit/src/TextUI/TestRunner.php(64): PHPUnit\\Framework\\TestSuite->run()
#63 /home/jaycee/Projects/Email-Marketing/vendor/phpunit/phpunit/src/TextUI/Application.php(211): PHPUnit\\TextUI\\TestRunner->run()
#64 /home/jaycee/Projects/Email-Marketing/vendor/phpunit/phpunit/phpunit(104): PHPUnit\\TextUI\\Application->run()
#65 {main}

[previous exception] [object] (Illuminate\\Database\\QueryException(code: 0): could not find driver (Connection: sqlite, SQL: select count(*) as aggregate from \"contacts\") at /home/jaycee/Projects/Email-Marketing/vendor/laravel/framework/src/Illuminate/Database/Connection.php:824)
[stacktrace]
#0 /home/jaycee/Projects/Email-Marketing/vendor/laravel/framework/src/Illuminate/Database/Connection.php(778): Illuminate\\Database\\Connection->runQueryCallback()
#1 /home/jaycee/Projects/Email-Marketing/vendor/laravel/framework/src/Illuminate/Database/Connection.php(397): Illuminate\\Database\\Connection->run()
#2 /home/jaycee/Projects/Email-Marketing/vendor/laravel/framework/src/Illuminate/Database/Query/Builder.php(3188): Illuminate\\Database\\Connection->select()
#3 /home/jaycee/Projects/Email-Marketing/vendor/laravel/framework/src/Illuminate/Database/Query/Builder.php(3173): Illuminate\\Database\\Query\\Builder->runSelect()
#4 /home/jaycee/Projects/Email-Marketing/vendor/laravel/framework/src/Illuminate/Database/Query/Builder.php(3763): Illuminate\\Database\\Query\\Builder->Illuminate\\Database\\Query\\{closure}()
#5 /home/jaycee/Projects/Email-Marketing/vendor/laravel/framework/src/Illuminate/Database/Query/Builder.php(3172): Illuminate\\Database\\Query\\Builder->onceWithColumns()
#6 /home/jaycee/Projects/Email-Marketing/vendor/laravel/framework/src/Illuminate/Database/Query/Builder.php(3687): Illuminate\\Database\\Query\\Builder->get()
#7 /home/jaycee/Projects/Email-Marketing/vendor/laravel/framework/src/Illuminate/Database/Query/Builder.php(3615): Illuminate\\Database\\Query\\Builder->aggregate()
#8 /home/jaycee/Projects/Email-Marketing/vendor/laravel/framework/src/Illuminate/Database/Eloquent/Builder.php(2235): Illuminate\\Database\\Query\\Builder->count()
#9 /home/jaycee/Projects/Email-Marketing/vendor/laravel/framework/src/Illuminate/Support/Traits/ForwardsCalls.php(23): Illuminate\\Database\\Eloquent\\Builder->__call()
#10 /home/jaycee/Projects/Email-Marketing/vendor/laravel/framework/src/Illuminate/Database/Eloquent/Model.php(2540): Illuminate\\Database\\Eloquent\\Model->forwardCallTo()
#11 /home/jaycee/Projects/Email-Marketing/vendor/laravel/framework/src/Illuminate/Database/Eloquent/Model.php(2556): Illuminate\\Database\\Eloquent\\Model->__call()
#12 /home/jaycee/Projects/Email-Marketing/storage/framework/views/8027ed9dbd2b683bb4c0ce73f53c9a8f.php(13): Illuminate\\Database\\Eloquent\\Model::__callStatic()
#13 /home/jaycee/Projects/Email-Marketing/vendor/laravel/framework/src/Illuminate/Filesystem/Filesystem.php(123): require('...')
#14 /home/jaycee/Projects/Email-Marketing/vendor/laravel/framework/src/Illuminate/Filesystem/Filesystem.php(124): Illuminate\\Filesystem\\Filesystem::Illuminate\\Filesystem\\{closure}()
#15 /home/jaycee/Projects/Email-Marketing/vendor/laravel/framework/src/Illuminate/View/Engines/PhpEngine.php(57): Illuminate\\Filesystem\\Filesystem->getRequire()
#16 /home/jaycee/Projects/Email-Marketing/vendor/laravel/framework/src/Illuminate/View/Engines/CompilerEngine.php(76): Illuminate\\View\\Engines\\PhpEngine->evaluatePath()
#17 /home/jaycee/Projects/Email-Marketing/vendor/laravel/framework/src/Illuminate/View/View.php(208): Illuminate\\View\\Engines\\CompilerEngine->get()
#18 /home/jaycee/Projects/Email-Marketing/vendor/laravel/framework/src/Illuminate/View/View.php(191): Illuminate\\View\\View->getContents()
#19 /home/jaycee/Projects/Email-Marketing/vendor/laravel/framework/src/Illuminate/View/View.php(160): Illuminate\\View\\View->renderContents()
#20 /home/jaycee/Projects/Email-Marketing/vendor/laravel/framework/src/Illuminate/Http/Response.php(78): Illuminate\\View\\View->render()
#21 /home/jaycee/Projects/Email-Marketing/vendor/laravel/framework/src/Illuminate/Http/Response.php(34): Illuminate\\Http\\Response->setContent()
#22 /home/jaycee/Projects/Email-Marketing/vendor/laravel/framework/src/Illuminate/Routing/Router.php(939): Illuminate\\Http\\Response->__construct()
#23 /home/jaycee/Projects/Email-Marketing/vendor/laravel/framework/src/Illuminate/Routing/Router.php(906): Illuminate\\Routing\\Router::toResponse()
#24 /home/jaycee/Projects/Email-Marketing/vendor/laravel/framework/src/Illuminate/Routing/Router.php(821): Illuminate\\Routing\\Router->prepareResponse()
#25 /home/jaycee/Projects/Email-Marketing/vendor/laravel/framework/src/Illuminate/Pipeline/Pipeline.php(180): Illuminate\\Routing\\Router->Illuminate\\Routing\\{closure}()
#26 /home/jaycee/Projects/Email-Marketing/vendor/laravel/framework/src/Illuminate/Routing/Middleware/SubstituteBindings.php(50): Illuminate\\Pipeline\\Pipeline->Illuminate\\Pipeline\\{closure}()
#27 /home/jaycee/Projects/Email-Marketing/vendor/laravel/framework/src/Illuminate/Pipeline/Pipeline.php(219): Illuminate\\Routing\\Middleware\\SubstituteBindings->handle()
#28 /home/jaycee/Projects/Email-Marketing/vendor/laravel/framework/src/Illuminate/Foundation/Http/Middleware/VerifyCsrfToken.php(87): Illuminate\\Pipeline\\Pipeline->Illuminate\\Pipeline\\{closure}()
#29 /home/jaycee/Projects/Email-Marketing/vendor/laravel/framework/src/Illuminate/Pipeline/Pipeline.php(219): Illuminate\\Foundation\\Http\\Middleware\\VerifyCsrfToken->handle()
#30 /home/jaycee/Projects/Email-Marketing/vendor/laravel/framework/src/Illuminate/View/Middleware/ShareErrorsFromSession.php(48): Illuminate\\Pipeline\\Pipeline->Illuminate\\Pipeline\\{closure}()
#31 /home/jaycee/Projects/Email-Marketing/vendor/laravel/framework/src/Illuminate/Pipeline/Pipeline.php(219): Illuminate\\View\\Middleware\\ShareErrorsFromSession->handle()
#32 /home/jaycee/Projects/Email-Marketing/vendor/laravel/framework/src/Illuminate/Session/Middleware/StartSession.php(120): Illuminate\\Pipeline\\Pipeline->Illuminate\\Pipeline\\{closure}()
#33 /home/jaycee/Projects/Email-Marketing/vendor/laravel/framework/src/Illuminate/Session/Middleware/StartSession.php(63): Illuminate\\Session\\Middleware\\StartSession->handleStatefulRequest()
#34 /home/jaycee/Projects/Email-Marketing/vendor/laravel/framework/src/Illuminate/Pipeline/Pipeline.php(219): Illuminate\\Session\\Middleware\\StartSession->handle()
#35 /home/jaycee/Projects/Email-Marketing/vendor/laravel/framework/src/Illuminate/Cookie/Middleware/AddQueuedCookiesToResponse.php(36): Illuminate\\Pipeline\\Pipeline->Illuminate\\Pipeline\\{closure}()
#36 /home/jaycee/Projects/Email-Marketing/vendor/laravel/framework/src/Illuminate/Pipeline/Pipeline.php(219): Illuminate\\Cookie\\Middleware\\AddQueuedCookiesToResponse->handle()
#37 /home/jaycee/Projects/Email-Marketing/vendor/laravel/framework/src/Illuminate/Cookie/Middleware/EncryptCookies.php(74): Illuminate\\Pipeline\\Pipeline->Illuminate\\Pipeline\\{closure}()
#38 /home/jaycee/Projects/Email-Marketing/vendor/laravel/framework/src/Illuminate/Pipeline/Pipeline.php(219): Illuminate\\Cookie\\Middleware\\EncryptCookies->handle()
#39 /home/jaycee/Projects/Email-Marketing/vendor/laravel/framework/src/Illuminate/Pipeline/Pipeline.php(137): Illuminate\\Pipeline\\Pipeline->Illuminate\\Pipeline\\{closure}()
#40 /home/jaycee/Projects/Email-Marketing/vendor/laravel/framework/src/Illuminate/Routing/Router.php(821): Illuminate\\Pipeline\\Pipeline->then()
#41 /home/jaycee/Projects/Email-Marketing/vendor/laravel/framework/src/Illuminate/Routing/Router.php(800): Illuminate\\Routing\\Router->runRouteWithinStack()
#42 /home/jaycee/Projects/Email-Marketing/vendor/laravel/framework/src/Illuminate/Routing/Router.php(764): Illuminate\\Routing\\Router->runRoute()
#43 /home/jaycee/Projects/Email-Marketing/vendor/laravel/framework/src/Illuminate/Routing/Router.php(753): Illuminate\\Routing\\Router->dispatchToRoute()
#44 /home/jaycee/Projects/Email-Marketing/vendor/laravel/framework/src/Illuminate/Foundation/Http/Kernel.php(200): Illuminate\\Routing\\Router->dispatch()
#45 /home/jaycee/Projects/Email-Marketing/vendor/laravel/framework/src/Illuminate/Pipeline/Pipeline.php(180): Illuminate\\Foundation\\Http\\Kernel->Illuminate\\Foundation\\Http\\{closure}()
#46 /home/jaycee/Projects/Email-Marketing/vendor/laravel/framework/src/Illuminate/Foundation/Http/Middleware/TransformsRequest.php(21): Illuminate\\Pipeline\\Pipeline->Illuminate\\Pipeline\\{closure}()
#47 /home/jaycee/Projects/Email-Marketing/vendor/laravel/framework/src/Illuminate/Foundation/Http/Middleware/ConvertEmptyStringsToNull.php(31): Illuminate\\Foundation\\Http\\Middleware\\TransformsRequest->handle()
#48 /home/jaycee/Projects/Email-Marketing/vendor/laravel/framework/src/Illuminate/Pipeline/Pipeline.php(219): Illuminate\\Foundation\\Http\\Middleware\\ConvertEmptyStringsToNull->handle()
#49 /home/jaycee/Projects/Email-Marketing/vendor/laravel/framework/src/Illuminate/Foundation/Http/Middleware/TransformsRequest.php(21): Illuminate\\Pipeline\\Pipeline->Illuminate\\Pipeline\\{closure}()
#50 /home/jaycee/Projects/Email-Marketing/vendor/laravel/framework/src/Illuminate/Foundation/Http/Middleware/TrimStrings.php(51): Illuminate\\Foundation\\Http\\Middleware\\TransformsRequest->handle()
#51 /home/jaycee/Projects/Email-Marketing/vendor/laravel/framework/src/Illuminate/Pipeline/Pipeline.php(219): Illuminate\\Foundation\\Http\\Middleware\\TrimStrings->handle()
#52 /home/jaycee/Projects/Email-Marketing/vendor/laravel/framework/src/Illuminate/Http/Middleware/ValidatePostSize.php(27): Illuminate\\Pipeline\\Pipeline->Illuminate\\Pipeline\\{closure}()
#53 /home/jaycee/Projects/Email-Marketing/vendor/laravel/framework/src/Illuminate/Pipeline/Pipeline.php(219): Illuminate\\Http\\Middleware\\ValidatePostSize->handle()
#54 /home/jaycee/Projects/Email-Marketing/vendor/laravel/framework/src/Illuminate/Foundation/Http/Middleware/PreventRequestsDuringMaintenance.php(109): Illuminate\\Pipeline\\Pipeline->Illuminate\\Pipeline\\{closure}()
#55 /home/jaycee/Projects/Email-Marketing/vendor/laravel/framework/src/Illuminate/Pipeline/Pipeline.php(219): Illuminate\\Foundation\\Http\\Middleware\\PreventRequestsDuringMaintenance->handle()
#56 /home/jaycee/Projects/Email-Marketing/vendor/laravel/framework/src/Illuminate/Http/Middleware/HandleCors.php(48): Illuminate\\Pipeline\\Pipeline->Illuminate\\Pipeline\\{closure}()
#57 /home/jaycee/Projects/Email-Marketing/vendor/laravel/framework/src/Illuminate/Pipeline/Pipeline.php(219): Illuminate\\Http\\Middleware\\HandleCors->handle()
#58 /home/jaycee/Projects/Email-Marketing/vendor/laravel/framework/src/Illuminate/Http/Middleware/TrustProxies.php(58): Illuminate\\Pipeline\\Pipeline->Illuminate\\Pipeline\\{closure}()
#59 /home/jaycee/Projects/Email-Marketing/vendor/laravel/framework/src/Illuminate/Pipeline/Pipeline.php(219): Illuminate\\Http\\Middleware\\TrustProxies->handle()
#60 /home/jaycee/Projects/Email-Marketing/vendor/laravel/framework/src/Illuminate/Foundation/Http/Middleware/InvokeDeferredCallbacks.php(22): Illuminate\\Pipeline\\Pipeline->Illuminate\\Pipeline\\{closure}()
#61 /home/jaycee/Projects/Email-Marketing/vendor/laravel/framework/src/Illuminate/Pipeline/Pipeline.php(219): Illuminate\\Foundation\\Http\\Middleware\\InvokeDeferredCallbacks->handle()
#62 /home/jaycee/Projects/Email-Marketing/vendor/laravel/framework/src/Illuminate/Http/Middleware/ValidatePathEncoding.php(26): Illuminate\\Pipeline\\Pipeline->Illuminate\\Pipeline\\{closure}()
#63 /home/jaycee/Projects/Email-Marketing/vendor/laravel/framework/src/Illuminate/Pipeline/Pipeline.php(219): Illuminate\\Http\\Middleware\\ValidatePathEncoding->handle()
#64 /home/jaycee/Projects/Email-Marketing/vendor/laravel/framework/src/Illuminate/Pipeline/Pipeline.php(137): Illuminate\\Pipeline\\Pipeline->Illuminate\\Pipeline\\{closure}()
#65 /home/jaycee/Projects/Email-Marketing/vendor/laravel/framework/src/Illuminate/Foundation/Http/Kernel.php(175): Illuminate\\Pipeline\\Pipeline->then()
#66 /home/jaycee/Projects/Email-Marketing/vendor/laravel/framework/src/Illuminate/Foundation/Http/Kernel.php(144): Illuminate\\Foundation\\Http\\Kernel->sendRequestThroughRouter()
#67 /home/jaycee/Projects/Email-Marketing/vendor/laravel/framework/src/Illuminate/Foundation/Testing/Concerns/MakesHttpRequests.php(607): Illuminate\\Foundation\\Http\\Kernel->handle()
#68 /home/jaycee/Projects/Email-Marketing/vendor/laravel/framework/src/Illuminate/Foundation/Testing/Concerns/MakesHttpRequests.php(368): Illuminate\\Foundation\\Testing\\TestCase->call()
#69 /home/jaycee/Projects/Email-Marketing/tests/Feature/ExampleTest.php(15): Illuminate\\Foundation\\Testing\\TestCase->get()
#70 /home/jaycee/Projects/Email-Marketing/vendor/phpunit/phpunit/src/Framework/TestCase.php(1657): Tests\\Feature\\ExampleTest->test_the_application_returns_a_successful_response()
#71 /home/jaycee/Projects/Email-Marketing/vendor/phpunit/phpunit/src/Framework/TestCase.php(515): PHPUnit\\Framework\\TestCase->runTest()
#72 /home/jaycee/Projects/Email-Marketing/vendor/phpunit/phpunit/src/Framework/TestRunner/TestRunner.php(87): PHPUnit\\Framework\\TestCase->runBare()
#73 /home/jaycee/Projects/Email-Marketing/vendor/phpunit/phpunit/src/Framework/TestCase.php(361): PHPUnit\\Framework\\TestRunner->run()
#74 /home/jaycee/Projects/Email-Marketing/vendor/phpunit/phpunit/src/Framework/TestSuite.php(369): PHPUnit\\Framework\\TestCase->run()
#75 /home/jaycee/Projects/Email-Marketing/vendor/phpunit/phpunit/src/Framework/TestSuite.php(369): PHPUnit\\Framework\\TestSuite->run()
#76 /home/jaycee/Projects/Email-Marketing/vendor/phpunit/phpunit/src/Framework/TestSuite.php(369): PHPUnit\\Framework\\TestSuite->run()
#77 /home/jaycee/Projects/Email-Marketing/vendor/phpunit/phpunit/src/TextUI/TestRunner.php(64): PHPUnit\\Framework\\TestSuite->run()
#78 /home/jaycee/Projects/Email-Marketing/vendor/phpunit/phpunit/src/TextUI/Application.php(211): PHPUnit\\TextUI\\TestRunner->run()
#79 /home/jaycee/Projects/Email-Marketing/vendor/phpunit/phpunit/phpunit(104): PHPUnit\\TextUI\\Application->run()
#80 {main}

[previous exception] [object] (PDOException(code: 0): could not find driver at /home/jaycee/Projects/Email-Marketing/vendor/laravel/framework/src/Illuminate/Database/Connectors/Connector.php:66)
[stacktrace]
#0 /home/jaycee/Projects/Email-Marketing/vendor/laravel/framework/src/Illuminate/Database/Connectors/Connector.php(66): PDO->__construct()
#1 /home/jaycee/Projects/Email-Marketing/vendor/laravel/framework/src/Illuminate/Database/Connectors/Connector.php(44): Illuminate\\Database\\Connectors\\Connector->createPdoConnection()
#2 /home/jaycee/Projects/Email-Marketing/vendor/laravel/framework/src/Illuminate/Database/Connectors/SQLiteConnector.php(21): Illuminate\\Database\\Connectors\\Connector->createConnection()
#3 /home/jaycee/Projects/Email-Marketing/vendor/laravel/framework/src/Illuminate/Database/Connectors/ConnectionFactory.php(223): Illuminate\\Database\\Connectors\\SQLiteConnector->connect()
#4 [internal function]: Illuminate\\Database\\Connectors\\ConnectionFactory->Illuminate\\Database\\Connectors\\{closure}()
#5 /home/jaycee/Projects/Email-Marketing/vendor/laravel/framework/src/Illuminate/Database/Connection.php(1230): call_user_func()
#6 /home/jaycee/Projects/Email-Marketing/vendor/laravel/framework/src/Illuminate/Database/Connection.php(1266): Illuminate\\Database\\Connection->getPdo()
#7 /home/jaycee/Projects/Email-Marketing/vendor/laravel/framework/src/Illuminate/Database/Connection.php(511): Illuminate\\Database\\Connection->getReadPdo()
#8 /home/jaycee/Projects/Email-Marketing/vendor/laravel/framework/src/Illuminate/Database/Connection.php(406): Illuminate\\Database\\Connection->getPdoForSelect()
#9 /home/jaycee/Projects/Email-Marketing/vendor/laravel/framework/src/Illuminate/Database/Connection.php(811): Illuminate\\Database\\Connection->Illuminate\\Database\\{closure}()
#10 /home/jaycee/Projects/Email-Marketing/vendor/laravel/framework/src/Illuminate/Database/Connection.php(778): Illuminate\\Database\\Connection->runQueryCallback()
#11 /home/jaycee/Projects/Email-Marketing/vendor/laravel/framework/src/Illuminate/Database/Connection.php(397): Illuminate\\Database\\Connection->run()
#12 /home/jaycee/Projects/Email-Marketing/vendor/laravel/framework/src/Illuminate/Database/Query/Builder.php(3188): Illuminate\\Database\\Connection->select()
#13 /home/jaycee/Projects/Email-Marketing/vendor/laravel/framework/src/Illuminate/Database/Query/Builder.php(3173): Illuminate\\Database\\Query\\Builder->runSelect()
#14 /home/jaycee/Projects/Email-Marketing/vendor/laravel/framework/src/Illuminate/Database/Query/Builder.php(3763): Illuminate\\Database\\Query\\Builder->Illuminate\\Database\\Query\\{closure}()
#15 /home/jaycee/Projects/Email-Marketing/vendor/laravel/framework/src/Illuminate/Database/Query/Builder.php(3172): Illuminate\\Database\\Query\\Builder->onceWithColumns()
#16 /home/jaycee/Projects/Email-Marketing/vendor/laravel/framework/src/Illuminate/Database/Query/Builder.php(3687): Illuminate\\Database\\Query\\Builder->get()
#17 /home/jaycee/Projects/Email-Marketing/vendor/laravel/framework/src/Illuminate/Database/Query/Builder.php(3615): Illuminate\\Database\\Query\\Builder->aggregate()
#18 /home/jaycee/Projects/Email-Marketing/vendor/laravel/framework/src/Illuminate/Database/Eloquent/Builder.php(2235): Illuminate\\Database\\Query\\Builder->count()
#19 /home/jaycee/Projects/Email-Marketing/vendor/laravel/framework/src/Illuminate/Support/Traits/ForwardsCalls.php(23): Illuminate\\Database\\Eloquent\\Builder->__call()
#20 /home/jaycee/Projects/Email-Marketing/vendor/laravel/framework/src/Illuminate/Database/Eloquent/Model.php(2540): Illuminate\\Database\\Eloquent\\Model->forwardCallTo()
#21 /home/jaycee/Projects/Email-Marketing/vendor/laravel/framework/src/Illuminate/Database/Eloquent/Model.php(2556): Illuminate\\Database\\Eloquent\\Model->__call()
#22 /home/jaycee/Projects/Email-Marketing/storage/framework/views/8027ed9dbd2b683bb4c0ce73f53c9a8f.php(13): Illuminate\\Database\\Eloquent\\Model::__callStatic()
#23 /home/jaycee/Projects/Email-Marketing/vendor/laravel/framework/src/Illuminate/Filesystem/Filesystem.php(123): require('...')
#24 /home/jaycee/Projects/Email-Marketing/vendor/laravel/framework/src/Illuminate/Filesystem/Filesystem.php(124): Illuminate\\Filesystem\\Filesystem::Illuminate\\Filesystem\\{closure}()
#25 /home/jaycee/Projects/Email-Marketing/vendor/laravel/framework/src/Illuminate/View/Engines/PhpEngine.php(57): Illuminate\\Filesystem\\Filesystem->getRequire()
#26 /home/jaycee/Projects/Email-Marketing/vendor/laravel/framework/src/Illuminate/View/Engines/CompilerEngine.php(76): Illuminate\\View\\Engines\\PhpEngine->evaluatePath()
#27 /home/jaycee/Projects/Email-Marketing/vendor/laravel/framework/src/Illuminate/View/View.php(208): Illuminate\\View\\Engines\\CompilerEngine->get()
#28 /home/jaycee/Projects/Email-Marketing/vendor/laravel/framework/src/Illuminate/View/View.php(191): Illuminate\\View\\View->getContents()
#29 /home/jaycee/Projects/Email-Marketing/vendor/laravel/framework/src/Illuminate/View/View.php(160): Illuminate\\View\\View->renderContents()
#30 /home/jaycee/Projects/Email-Marketing/vendor/laravel/framework/src/Illuminate/Http/Response.php(78): Illuminate\\View\\View->render()
#31 /home/jaycee/Projects/Email-Marketing/vendor/laravel/framework/src/Illuminate/Http/Response.php(34): Illuminate\\Http\\Response->setContent()
#32 /home/jaycee/Projects/Email-Marketing/vendor/laravel/framework/src/Illuminate/Routing/Router.php(939): Illuminate\\Http\\Response->__construct()
#33 /home/jaycee/Projects/Email-Marketing/vendor/laravel/framework/src/Illuminate/Routing/Router.php(906): Illuminate\\Routing\\Router::toResponse()
#34 /home/jaycee/Projects/Email-Marketing/vendor/laravel/framework/src/Illuminate/Routing/Router.php(821): Illuminate\\Routing\\Router->prepareResponse()
#35 /home/jaycee/Projects/Email-Marketing/vendor/laravel/framework/src/Illuminate/Pipeline/Pipeline.php(180): Illuminate\\Routing\\Router->Illuminate\\Routing\\{closure}()
#36 /home/jaycee/Projects/Email-Marketing/vendor/laravel/framework/src/Illuminate/Routing/Middleware/SubstituteBindings.php(50): Illuminate\\Pipeline\\Pipeline->Illuminate\\Pipeline\\{closure}()
#37 /home/jaycee/Projects/Email-Marketing/vendor/laravel/framework/src/Illuminate/Pipeline/Pipeline.php(219): Illuminate\\Routing\\Middleware\\SubstituteBindings->handle()
#38 /home/jaycee/Projects/Email-Marketing/vendor/laravel/framework/src/Illuminate/Foundation/Http/Middleware/VerifyCsrfToken.php(87): Illuminate\\Pipeline\\Pipeline->Illuminate\\Pipeline\\{closure}()
#39 /home/jaycee/Projects/Email-Marketing/vendor/laravel/framework/src/Illuminate/Pipeline/Pipeline.php(219): Illuminate\\Foundation\\Http\\Middleware\\VerifyCsrfToken->handle()
#40 /home/jaycee/Projects/Email-Marketing/vendor/laravel/framework/src/Illuminate/View/Middleware/ShareErrorsFromSession.php(48): Illuminate\\Pipeline\\Pipeline->Illuminate\\Pipeline\\{closure}()
#41 /home/jaycee/Projects/Email-Marketing/vendor/laravel/framework/src/Illuminate/Pipeline/Pipeline.php(219): Illuminate\\View\\Middleware\\ShareErrorsFromSession->handle()
#42 /home/jaycee/Projects/Email-Marketing/vendor/laravel/framework/src/Illuminate/Session/Middleware/StartSession.php(120): Illuminate\\Pipeline\\Pipeline->Illuminate\\Pipeline\\{closure}()
#43 /home/jaycee/Projects/Email-Marketing/vendor/laravel/framework/src/Illuminate/Session/Middleware/StartSession.php(63): Illuminate\\Session\\Middleware\\StartSession->handleStatefulRequest()
#44 /home/jaycee/Projects/Email-Marketing/vendor/laravel/framework/src/Illuminate/Pipeline/Pipeline.php(219): Illuminate\\Session\\Middleware\\StartSession->handle()
#45 /home/jaycee/Projects/Email-Marketing/vendor/laravel/framework/src/Illuminate/Cookie/Middleware/AddQueuedCookiesToResponse.php(36): Illuminate\\Pipeline\\Pipeline->Illuminate\\Pipeline\\{closure}()
#46 /home/jaycee/Projects/Email-Marketing/vendor/laravel/framework/src/Illuminate/Pipeline/Pipeline.php(219): Illuminate\\Cookie\\Middleware\\AddQueuedCookiesToResponse->handle()
#47 /home/jaycee/Projects/Email-Marketing/vendor/laravel/framework/src/Illuminate/Cookie/Middleware/EncryptCookies.php(74): Illuminate\\Pipeline\\Pipeline->Illuminate\\Pipeline\\{closure}()
#48 /home/jaycee/Projects/Email-Marketing/vendor/laravel/framework/src/Illuminate/Pipeline/Pipeline.php(219): Illuminate\\Cookie\\Middleware\\EncryptCookies->handle()
#49 /home/jaycee/Projects/Email-Marketing/vendor/laravel/framework/src/Illuminate/Pipeline/Pipeline.php(137): Illuminate\\Pipeline\\Pipeline->Illuminate\\Pipeline\\{closure}()
#50 /home/jaycee/Projects/Email-Marketing/vendor/laravel/framework/src/Illuminate/Routing/Router.php(821): Illuminate\\Pipeline\\Pipeline->then()
#51 /home/jaycee/Projects/Email-Marketing/vendor/laravel/framework/src/Illuminate/Routing/Router.php(800): Illuminate\\Routing\\Router->runRouteWithinStack()
#52 /home/jaycee/Projects/Email-Marketing/vendor/laravel/framework/src/Illuminate/Routing/Router.php(764): Illuminate\\Routing\\Router->runRoute()
#53 /home/jaycee/Projects/Email-Marketing/vendor/laravel/framework/src/Illuminate/Routing/Router.php(753): Illuminate\\Routing\\Router->dispatchToRoute()
#54 /home/jaycee/Projects/Email-Marketing/vendor/laravel/framework/src/Illuminate/Foundation/Http/Kernel.php(200): Illuminate\\Routing\\Router->dispatch()
#55 /home/jaycee/Projects/Email-Marketing/vendor/laravel/framework/src/Illuminate/Pipeline/Pipeline.php(180): Illuminate\\Foundation\\Http\\Kernel->Illuminate\\Foundation\\Http\\{closure}()
#56 /home/jaycee/Projects/Email-Marketing/vendor/laravel/framework/src/Illuminate/Foundation/Http/Middleware/TransformsRequest.php(21): Illuminate\\Pipeline\\Pipeline->Illuminate\\Pipeline\\{closure}()
#57 /home/jaycee/Projects/Email-Marketing/vendor/laravel/framework/src/Illuminate/Foundation/Http/Middleware/ConvertEmptyStringsToNull.php(31): Illuminate\\Foundation\\Http\\Middleware\\TransformsRequest->handle()
#58 /home/jaycee/Projects/Email-Marketing/vendor/laravel/framework/src/Illuminate/Pipeline/Pipeline.php(219): Illuminate\\Foundation\\Http\\Middleware\\ConvertEmptyStringsToNull->handle()
#59 /home/jaycee/Projects/Email-Marketing/vendor/laravel/framework/src/Illuminate/Foundation/Http/Middleware/TransformsRequest.php(21): Illuminate\\Pipeline\\Pipeline->Illuminate\\Pipeline\\{closure}()
#60 /home/jaycee/Projects/Email-Marketing/vendor/laravel/framework/src/Illuminate/Foundation/Http/Middleware/TrimStrings.php(51): Illuminate\\Foundation\\Http\\Middleware\\TransformsRequest->handle()
#61 /home/jaycee/Projects/Email-Marketing/vendor/laravel/framework/src/Illuminate/Pipeline/Pipeline.php(219): Illuminate\\Foundation\\Http\\Middleware\\TrimStrings->handle()
#62 /home/jaycee/Projects/Email-Marketing/vendor/laravel/framework/src/Illuminate/Http/Middleware/ValidatePostSize.php(27): Illuminate\\Pipeline\\Pipeline->Illuminate\\Pipeline\\{closure}()
#63 /home/jaycee/Projects/Email-Marketing/vendor/laravel/framework/src/Illuminate/Pipeline/Pipeline.php(219): Illuminate\\Http\\Middleware\\ValidatePostSize->handle()
#64 /home/jaycee/Projects/Email-Marketing/vendor/laravel/framework/src/Illuminate/Foundation/Http/Middleware/PreventRequestsDuringMaintenance.php(109): Illuminate\\Pipeline\\Pipeline->Illuminate\\Pipeline\\{closure}()
#65 /home/jaycee/Projects/Email-Marketing/vendor/laravel/framework/src/Illuminate/Pipeline/Pipeline.php(219): Illuminate\\Foundation\\Http\\Middleware\\PreventRequestsDuringMaintenance->handle()
#66 /home/jaycee/Projects/Email-Marketing/vendor/laravel/framework/src/Illuminate/Http/Middleware/HandleCors.php(48): Illuminate\\Pipeline\\Pipeline->Illuminate\\Pipeline\\{closure}()
#67 /home/jaycee/Projects/Email-Marketing/vendor/laravel/framework/src/Illuminate/Pipeline/Pipeline.php(219): Illuminate\\Http\\Middleware\\HandleCors->handle()
#68 /home/jaycee/Projects/Email-Marketing/vendor/laravel/framework/src/Illuminate/Http/Middleware/TrustProxies.php(58): Illuminate\\Pipeline\\Pipeline->Illuminate\\Pipeline\\{closure}()
#69 /home/jaycee/Projects/Email-Marketing/vendor/laravel/framework/src/Illuminate/Pipeline/Pipeline.php(219): Illuminate\\Http\\Middleware\\TrustProxies->handle()
#70 /home/jaycee/Projects/Email-Marketing/vendor/laravel/framework/src/Illuminate/Foundation/Http/Middleware/InvokeDeferredCallbacks.php(22): Illuminate\\Pipeline\\Pipeline->Illuminate\\Pipeline\\{closure}()
#71 /home/jaycee/Projects/Email-Marketing/vendor/laravel/framework/src/Illuminate/Pipeline/Pipeline.php(219): Illuminate\\Foundation\\Http\\Middleware\\InvokeDeferredCallbacks->handle()
#72 /home/jaycee/Projects/Email-Marketing/vendor/laravel/framework/src/Illuminate/Http/Middleware/ValidatePathEncoding.php(26): Illuminate\\Pipeline\\Pipeline->Illuminate\\Pipeline\\{closure}()
#73 /home/jaycee/Projects/Email-Marketing/vendor/laravel/framework/src/Illuminate/Pipeline/Pipeline.php(219): Illuminate\\Http\\Middleware\\ValidatePathEncoding->handle()
#74 /home/jaycee/Projects/Email-Marketing/vendor/laravel/framework/src/Illuminate/Pipeline/Pipeline.php(137): Illuminate\\Pipeline\\Pipeline->Illuminate\\Pipeline\\{closure}()
#75 /home/jaycee/Projects/Email-Marketing/vendor/laravel/framework/src/Illuminate/Foundation/Http/Kernel.php(175): Illuminate\\Pipeline\\Pipeline->then()
#76 /home/jaycee/Projects/Email-Marketing/vendor/laravel/framework/src/Illuminate/Foundation/Http/Kernel.php(144): Illuminate\\Foundation\\Http\\Kernel->sendRequestThroughRouter()
#77 /home/jaycee/Projects/Email-Marketing/vendor/laravel/framework/src/Illuminate/Foundation/Testing/Concerns/MakesHttpRequests.php(607): Illuminate\\Foundation\\Http\\Kernel->handle()
#78 /home/jaycee/Projects/Email-Marketing/vendor/laravel/framework/src/Illuminate/Foundation/Testing/Concerns/MakesHttpRequests.php(368): Illuminate\\Foundation\\Testing\\TestCase->call()
#79 /home/jaycee/Projects/Email-Marketing/tests/Feature/ExampleTest.php(15): Illuminate\\Foundation\\Testing\\TestCase->get()
#80 /home/jaycee/Projects/Email-Marketing/vendor/phpunit/phpunit/src/Framework/TestCase.php(1657): Tests\\Feature\\ExampleTest->test_the_application_returns_a_successful_response()
#81 /home/jaycee/Projects/Email-Marketing/vendor/phpunit/phpunit/src/Framework/TestCase.php(515): PHPUnit\\Framework\\TestCase->runTest()
#82 /home/jaycee/Projects/Email-Marketing/vendor/phpunit/phpunit/src/Framework/TestRunner/TestRunner.php(87): PHPUnit\\Framework\\TestCase->runBare()
#83 /home/jaycee/Projects/Email-Marketing/vendor/phpunit/phpunit/src/Framework/TestCase.php(361): PHPUnit\\Framework\\TestRunner->run()
#84 /home/jaycee/Projects/Email-Marketing/vendor/phpunit/phpunit/src/Framework/TestSuite.php(369): PHPUnit\\Framework\\TestCase->run()
#85 /home/jaycee/Projects/Email-Marketing/vendor/phpunit/phpunit/src/Framework/TestSuite.php(369): PHPUnit\\Framework\\TestSuite->run()
#86 /home/jaycee/Projects/Email-Marketing/vendor/phpunit/phpunit/src/Framework/TestSuite.php(369): PHPUnit\\Framework\\TestSuite->run()
#87 /home/jaycee/Projects/Email-Marketing/vendor/phpunit/phpunit/src/TextUI/TestRunner.php(64): PHPUnit\\Framework\\TestSuite->run()
#88 /home/jaycee/Projects/Email-Marketing/vendor/phpunit/phpunit/src/TextUI/Application.php(211): PHPUnit\\TextUI\\TestRunner->run()
#89 /home/jaycee/Projects/Email-Marketing/vendor/phpunit/phpunit/phpunit(104): PHPUnit\\TextUI\\Application->run()
#90 {main}
"} 
[2026-06-25 15:16:11] local.ERROR: SQLSTATE[23000]: Integrity constraint violation: 1048 Column 'source_id' cannot be null (Connection: mysql, SQL: insert into `messages` (`source_id`, `sender_name`, `sender_email`, `subject`, `body`, `contact_id`, `source_type`, `updated_at`, `created_at`) values (?, Jane Doe, jane@example.com, Test, Hello from the test, ?, email_marketing, 2026-06-25 15:16:11, 2026-06-25 15:16:11)) {"exception":"[object] (Illuminate\\Database\\QueryException(code: 23000): SQLSTATE[23000]: Integrity constraint violation: 1048 Column 'source_id' cannot be null (Connection: mysql, SQL: insert into `messages` (`source_id`, `sender_name`, `sender_email`, `subject`, `body`, `contact_id`, `source_type`, `updated_at`, `created_at`) values (?, Jane Doe, jane@example.com, Test, Hello from the test, ?, email_marketing, 2026-06-25 15:16:11, 2026-06-25 15:16:11)) at /home/jaycee/Projects/Email-Marketing/vendor/laravel/framework/src/Illuminate/Database/Connection.php:824)
[stacktrace]
#0 /home/jaycee/Projects/Email-Marketing/vendor/laravel/framework/src/Illuminate/Database/Connection.php(778): Illuminate\\Database\\Connection->runQueryCallback()
#1 /home/jaycee/Projects/Email-Marketing/vendor/laravel/framework/src/Illuminate/Database/MySqlConnection.php(42): Illuminate\\Database\\Connection->run()
#2 /home/jaycee/Projects/Email-Marketing/vendor/laravel/framework/src/Illuminate/Database/Query/Processors/MySqlProcessor.php(35): Illuminate\\Database\\MySqlConnection->insert()
#3 /home/jaycee/Projects/Email-Marketing/vendor/laravel/framework/src/Illuminate/Database/Query/Builder.php(3853): Illuminate\\Database\\Query\\Processors\\MySqlProcessor->processInsertGetId()
#4 /home/jaycee/Projects/Email-Marketing/vendor/laravel/framework/src/Illuminate/Database/Eloquent/Builder.php(2235): Illuminate\\Database\\Query\\Builder->insertGetId()
#5 /home/jaycee/Projects/Email-Marketing/vendor/laravel/framework/src/Illuminate/Database/Eloquent/Model.php(1436): Illuminate\\Database\\Eloquent\\Builder->__call()
#6 /home/jaycee/Projects/Email-Marketing/vendor/laravel/framework/src/Illuminate/Database/Eloquent/Model.php(1401): Illuminate\\Database\\Eloquent\\Model->insertAndSetId()
#7 /home/jaycee/Projects/Email-Marketing/vendor/laravel/framework/src/Illuminate/Database/Eloquent/Model.php(1240): Illuminate\\Database\\Eloquent\\Model->performInsert()
#8 /home/jaycee/Projects/Email-Marketing/vendor/laravel/framework/src/Illuminate/Database/Eloquent/Builder.php(1219): Illuminate\\Database\\Eloquent\\Model->save()
#9 /home/jaycee/Projects/Email-Marketing/vendor/laravel/framework/src/Illuminate/Support/helpers.php(390): Illuminate\\Database\\Eloquent\\Builder->Illuminate\\Database\\Eloquent\\{closure}()
#10 /home/jaycee/Projects/Email-Marketing/vendor/laravel/framework/src/Illuminate/Database/Eloquent/Builder.php(1218): tap()
#11 /home/jaycee/Projects/Email-Marketing/vendor/laravel/framework/src/Illuminate/Support/Traits/ForwardsCalls.php(23): Illuminate\\Database\\Eloquent\\Builder->create()
#12 /home/jaycee/Projects/Email-Marketing/vendor/laravel/framework/src/Illuminate/Database/Eloquent/Model.php(2540): Illuminate\\Database\\Eloquent\\Model->forwardCallTo()
#13 /home/jaycee/Projects/Email-Marketing/vendor/laravel/framework/src/Illuminate/Database/Eloquent/Model.php(2556): Illuminate\\Database\\Eloquent\\Model->__call()
#14 /home/jaycee/Projects/Email-Marketing/app/Http/Controllers/MailgunWebhookController.php(32): Illuminate\\Database\\Eloquent\\Model::__callStatic()
#15 /home/jaycee/Projects/Email-Marketing/vendor/laravel/framework/src/Illuminate/Routing/ControllerDispatcher.php(46): App\\Http\\Controllers\\MailgunWebhookController->inbound()
#16 /home/jaycee/Projects/Email-Marketing/vendor/laravel/framework/src/Illuminate/Routing/Route.php(265): Illuminate\\Routing\\ControllerDispatcher->dispatch()
#17 /home/jaycee/Projects/Email-Marketing/vendor/laravel/framework/src/Illuminate/Routing/Route.php(211): Illuminate\\Routing\\Route->runController()
#18 /home/jaycee/Projects/Email-Marketing/vendor/laravel/framework/src/Illuminate/Routing/Router.php(822): Illuminate\\Routing\\Route->run()
#19 /home/jaycee/Projects/Email-Marketing/vendor/laravel/framework/src/Illuminate/Pipeline/Pipeline.php(180): Illuminate\\Routing\\Router->Illuminate\\Routing\\{closure}()
#20 /home/jaycee/Projects/Email-Marketing/vendor/laravel/framework/src/Illuminate/Routing/Middleware/SubstituteBindings.php(50): Illuminate\\Pipeline\\Pipeline->Illuminate\\Pipeline\\{closure}()
#21 /home/jaycee/Projects/Email-Marketing/vendor/laravel/framework/src/Illuminate/Pipeline/Pipeline.php(219): Illuminate\\Routing\\Middleware\\SubstituteBindings->handle()
#22 /home/jaycee/Projects/Email-Marketing/vendor/laravel/framework/src/Illuminate/Foundation/Http/Middleware/VerifyCsrfToken.php(87): Illuminate\\Pipeline\\Pipeline->Illuminate\\Pipeline\\{closure}()
#23 /home/jaycee/Projects/Email-Marketing/vendor/laravel/framework/src/Illuminate/Pipeline/Pipeline.php(219): Illuminate\\Foundation\\Http\\Middleware\\VerifyCsrfToken->handle()
#24 /home/jaycee/Projects/Email-Marketing/vendor/laravel/framework/src/Illuminate/View/Middleware/ShareErrorsFromSession.php(48): Illuminate\\Pipeline\\Pipeline->Illuminate\\Pipeline\\{closure}()
#25 /home/jaycee/Projects/Email-Marketing/vendor/laravel/framework/src/Illuminate/Pipeline/Pipeline.php(219): Illuminate\\View\\Middleware\\ShareErrorsFromSession->handle()
#26 /home/jaycee/Projects/Email-Marketing/vendor/laravel/framework/src/Illuminate/Session/Middleware/StartSession.php(120): Illuminate\\Pipeline\\Pipeline->Illuminate\\Pipeline\\{closure}()
#27 /home/jaycee/Projects/Email-Marketing/vendor/laravel/framework/src/Illuminate/Session/Middleware/StartSession.php(63): Illuminate\\Session\\Middleware\\StartSession->handleStatefulRequest()
#28 /home/jaycee/Projects/Email-Marketing/vendor/laravel/framework/src/Illuminate/Pipeline/Pipeline.php(219): Illuminate\\Session\\Middleware\\StartSession->handle()
#29 /home/jaycee/Projects/Email-Marketing/vendor/laravel/framework/src/Illuminate/Cookie/Middleware/AddQueuedCookiesToResponse.php(36): Illuminate\\Pipeline\\Pipeline->Illuminate\\Pipeline\\{closure}()
#30 /home/jaycee/Projects/Email-Marketing/vendor/laravel/framework/src/Illuminate/Pipeline/Pipeline.php(219): Illuminate\\Cookie\\Middleware\\AddQueuedCookiesToResponse->handle()
#31 /home/jaycee/Projects/Email-Marketing/vendor/laravel/framework/src/Illuminate/Cookie/Middleware/EncryptCookies.php(74): Illuminate\\Pipeline\\Pipeline->Illuminate\\Pipeline\\{closure}()
#32 /home/jaycee/Projects/Email-Marketing/vendor/laravel/framework/src/Illuminate/Pipeline/Pipeline.php(219): Illuminate\\Cookie\\Middleware\\EncryptCookies->handle()
#33 /home/jaycee/Projects/Email-Marketing/vendor/laravel/framework/src/Illuminate/Pipeline/Pipeline.php(137): Illuminate\\Pipeline\\Pipeline->Illuminate\\Pipeline\\{closure}()
#34 /home/jaycee/Projects/Email-Marketing/vendor/laravel/framework/src/Illuminate/Routing/Router.php(821): Illuminate\\Pipeline\\Pipeline->then()
#35 /home/jaycee/Projects/Email-Marketing/vendor/laravel/framework/src/Illuminate/Routing/Router.php(800): Illuminate\\Routing\\Router->runRouteWithinStack()
#36 /home/jaycee/Projects/Email-Marketing/vendor/laravel/framework/src/Illuminate/Routing/Router.php(764): Illuminate\\Routing\\Router->runRoute()
#37 /home/jaycee/Projects/Email-Marketing/vendor/laravel/framework/src/Illuminate/Routing/Router.php(753): Illuminate\\Routing\\Router->dispatchToRoute()
#38 /home/jaycee/Projects/Email-Marketing/vendor/laravel/framework/src/Illuminate/Foundation/Http/Kernel.php(200): Illuminate\\Routing\\Router->dispatch()
#39 /home/jaycee/Projects/Email-Marketing/vendor/laravel/framework/src/Illuminate/Pipeline/Pipeline.php(180): Illuminate\\Foundation\\Http\\Kernel->Illuminate\\Foundation\\Http\\{closure}()
#40 /home/jaycee/Projects/Email-Marketing/vendor/laravel/framework/src/Illuminate/Foundation/Http/Middleware/TransformsRequest.php(21): Illuminate\\Pipeline\\Pipeline->Illuminate\\Pipeline\\{closure}()
#41 /home/jaycee/Projects/Email-Marketing/vendor/laravel/framework/src/Illuminate/Foundation/Http/Middleware/ConvertEmptyStringsToNull.php(31): Illuminate\\Foundation\\Http\\Middleware\\TransformsRequest->handle()
#42 /home/jaycee/Projects/Email-Marketing/vendor/laravel/framework/src/Illuminate/Pipeline/Pipeline.php(219): Illuminate\\Foundation\\Http\\Middleware\\ConvertEmptyStringsToNull->handle()
#43 /home/jaycee/Projects/Email-Marketing/vendor/laravel/framework/src/Illuminate/Foundation/Http/Middleware/TransformsRequest.php(21): Illuminate\\Pipeline\\Pipeline->Illuminate\\Pipeline\\{closure}()
#44 /home/jaycee/Projects/Email-Marketing/vendor/laravel/framework/src/Illuminate/Foundation/Http/Middleware/TrimStrings.php(51): Illuminate\\Foundation\\Http\\Middleware\\TransformsRequest->handle()
#45 /home/jaycee/Projects/Email-Marketing/vendor/laravel/framework/src/Illuminate/Pipeline/Pipeline.php(219): Illuminate\\Foundation\\Http\\Middleware\\TrimStrings->handle()
#46 /home/jaycee/Projects/Email-Marketing/vendor/laravel/framework/src/Illuminate/Http/Middleware/ValidatePostSize.php(27): Illuminate\\Pipeline\\Pipeline->Illuminate\\Pipeline\\{closure}()
#47 /home/jaycee/Projects/Email-Marketing/vendor/laravel/framework/src/Illuminate/Pipeline/Pipeline.php(219): Illuminate\\Http\\Middleware\\ValidatePostSize->handle()
#48 /home/jaycee/Projects/Email-Marketing/vendor/laravel/framework/src/Illuminate/Foundation/Http/Middleware/PreventRequestsDuringMaintenance.php(109): Illuminate\\Pipeline\\Pipeline->Illuminate\\Pipeline\\{closure}()
#49 /home/jaycee/Projects/Email-Marketing/vendor/laravel/framework/src/Illuminate/Pipeline/Pipeline.php(219): Illuminate\\Foundation\\Http\\Middleware\\PreventRequestsDuringMaintenance->handle()
#50 /home/jaycee/Projects/Email-Marketing/vendor/laravel/framework/src/Illuminate/Http/Middleware/HandleCors.php(48): Illuminate\\Pipeline\\Pipeline->Illuminate\\Pipeline\\{closure}()
#51 /home/jaycee/Projects/Email-Marketing/vendor/laravel/framework/src/Illuminate/Pipeline/Pipeline.php(219): Illuminate\\Http\\Middleware\\HandleCors->handle()
#52 /home/jaycee/Projects/Email-Marketing/vendor/laravel/framework/src/Illuminate/Http/Middleware/TrustProxies.php(58): Illuminate\\Pipeline\\Pipeline->Illuminate\\Pipeline\\{closure}()
#53 /home/jaycee/Projects/Email-Marketing/vendor/laravel/framework/src/Illuminate/Pipeline/Pipeline.php(219): Illuminate\\Http\\Middleware\\TrustProxies->handle()
#54 /home/jaycee/Projects/Email-Marketing/vendor/laravel/framework/src/Illuminate/Foundation/Http/Middleware/InvokeDeferredCallbacks.php(22): Illuminate\\Pipeline\\Pipeline->Illuminate\\Pipeline\\{closure}()
#55 /home/jaycee/Projects/Email-Marketing/vendor/laravel/framework/src/Illuminate/Pipeline/Pipeline.php(219): Illuminate\\Foundation\\Http\\Middleware\\InvokeDeferredCallbacks->handle()
#56 /home/jaycee/Projects/Email-Marketing/vendor/laravel/framework/src/Illuminate/Http/Middleware/ValidatePathEncoding.php(26): Illuminate\\Pipeline\\Pipeline->Illuminate\\Pipeline\\{closure}()
#57 /home/jaycee/Projects/Email-Marketing/vendor/laravel/framework/src/Illuminate/Pipeline/Pipeline.php(219): Illuminate\\Http\\Middleware\\ValidatePathEncoding->handle()
#58 /home/jaycee/Projects/Email-Marketing/vendor/laravel/framework/src/Illuminate/Pipeline/Pipeline.php(137): Illuminate\\Pipeline\\Pipeline->Illuminate\\Pipeline\\{closure}()
#59 /home/jaycee/Projects/Email-Marketing/vendor/laravel/framework/src/Illuminate/Foundation/Http/Kernel.php(175): Illuminate\\Pipeline\\Pipeline->then()
#60 /home/jaycee/Projects/Email-Marketing/vendor/laravel/framework/src/Illuminate/Foundation/Http/Kernel.php(144): Illuminate\\Foundation\\Http\\Kernel->sendRequestThroughRouter()
#61 /home/jaycee/Projects/Email-Marketing/vendor/laravel/framework/src/Illuminate/Foundation/Application.php(1220): Illuminate\\Foundation\\Http\\Kernel->handle()
#62 /home/jaycee/Projects/Email-Marketing/public/index.php(20): Illuminate\\Foundation\\Application->handleRequest()
#63 /home/jaycee/Projects/Email-Marketing/vendor/laravel/framework/src/Illuminate/Foundation/resources/server.php(23): require_once('...')
#64 {main}

[previous exception] [object] (PDOException(code: 23000): SQLSTATE[23000]: Integrity constraint violation: 1048 Column 'source_id' cannot be null at /home/jaycee/Projects/Email-Marketing/vendor/laravel/framework/src/Illuminate/Database/MySqlConnection.php:53)
[stacktrace]
#0 /home/jaycee/Projects/Email-Marketing/vendor/laravel/framework/src/Illuminate/Database/MySqlConnection.php(53): PDOStatement->execute()
#1 /home/jaycee/Projects/Email-Marketing/vendor/laravel/framework/src/Illuminate/Database/Connection.php(811): Illuminate\\Database\\MySqlConnection->Illuminate\\Database\\{closure}()
#2 /home/jaycee/Projects/Email-Marketing/vendor/laravel/framework/src/Illuminate/Database/Connection.php(778): Illuminate\\Database\\Connection->runQueryCallback()
#3 /home/jaycee/Projects/Email-Marketing/vendor/laravel/framework/src/Illuminate/Database/MySqlConnection.php(42): Illuminate\\Database\\Connection->run()
#4 /home/jaycee/Projects/Email-Marketing/vendor/laravel/framework/src/Illuminate/Database/Query/Processors/MySqlProcessor.php(35): Illuminate\\Database\\MySqlConnection->insert()
#5 /home/jaycee/Projects/Email-Marketing/vendor/laravel/framework/src/Illuminate/Database/Query/Builder.php(3853): Illuminate\\Database\\Query\\Processors\\MySqlProcessor->processInsertGetId()
#6 /home/jaycee/Projects/Email-Marketing/vendor/laravel/framework/src/Illuminate/Database/Eloquent/Builder.php(2235): Illuminate\\Database\\Query\\Builder->insertGetId()
#7 /home/jaycee/Projects/Email-Marketing/vendor/laravel/framework/src/Illuminate/Database/Eloquent/Model.php(1436): Illuminate\\Database\\Eloquent\\Builder->__call()
#8 /home/jaycee/Projects/Email-Marketing/vendor/laravel/framework/src/Illuminate/Database/Eloquent/Model.php(1401): Illuminate\\Database\\Eloquent\\Model->insertAndSetId()
#9 /home/jaycee/Projects/Email-Marketing/vendor/laravel/framework/src/Illuminate/Database/Eloquent/Model.php(1240): Illuminate\\Database\\Eloquent\\Model->performInsert()
#10 /home/jaycee/Projects/Email-Marketing/vendor/laravel/framework/src/Illuminate/Database/Eloquent/Builder.php(1219): Illuminate\\Database\\Eloquent\\Model->save()
#11 /home/jaycee/Projects/Email-Marketing/vendor/laravel/framework/src/Illuminate/Support/helpers.php(390): Illuminate\\Database\\Eloquent\\Builder->Illuminate\\Database\\Eloquent\\{closure}()
#12 /home/jaycee/Projects/Email-Marketing/vendor/laravel/framework/src/Illuminate/Database/Eloquent/Builder.php(1218): tap()
#13 /home/jaycee/Projects/Email-Marketing/vendor/laravel/framework/src/Illuminate/Support/Traits/ForwardsCalls.php(23): Illuminate\\Database\\Eloquent\\Builder->create()
#14 /home/jaycee/Projects/Email-Marketing/vendor/laravel/framework/src/Illuminate/Database/Eloquent/Model.php(2540): Illuminate\\Database\\Eloquent\\Model->forwardCallTo()
#15 /home/jaycee/Projects/Email-Marketing/vendor/laravel/framework/src/Illuminate/Database/Eloquent/Model.php(2556): Illuminate\\Database\\Eloquent\\Model->__call()
#16 /home/jaycee/Projects/Email-Marketing/app/Http/Controllers/MailgunWebhookController.php(32): Illuminate\\Database\\Eloquent\\Model::__callStatic()
#17 /home/jaycee/Projects/Email-Marketing/vendor/laravel/framework/src/Illuminate/Routing/ControllerDispatcher.php(46): App\\Http\\Controllers\\MailgunWebhookController->inbound()
#18 /home/jaycee/Projects/Email-Marketing/vendor/laravel/framework/src/Illuminate/Routing/Route.php(265): Illuminate\\Routing\\ControllerDispatcher->dispatch()
#19 /home/jaycee/Projects/Email-Marketing/vendor/laravel/framework/src/Illuminate/Routing/Route.php(211): Illuminate\\Routing\\Route->runController()
#20 /home/jaycee/Projects/Email-Marketing/vendor/laravel/framework/src/Illuminate/Routing/Router.php(822): Illuminate\\Routing\\Route->run()
#21 /home/jaycee/Projects/Email-Marketing/vendor/laravel/framework/src/Illuminate/Pipeline/Pipeline.php(180): Illuminate\\Routing\\Router->Illuminate\\Routing\\{closure}()
#22 /home/jaycee/Projects/Email-Marketing/vendor/laravel/framework/src/Illuminate/Routing/Middleware/SubstituteBindings.php(50): Illuminate\\Pipeline\\Pipeline->Illuminate\\Pipeline\\{closure}()
#23 /home/jaycee/Projects/Email-Marketing/vendor/laravel/framework/src/Illuminate/Pipeline/Pipeline.php(219): Illuminate\\Routing\\Middleware\\SubstituteBindings->handle()
#24 /home/jaycee/Projects/Email-Marketing/vendor/laravel/framework/src/Illuminate/Foundation/Http/Middleware/VerifyCsrfToken.php(87): Illuminate\\Pipeline\\Pipeline->Illuminate\\Pipeline\\{closure}()
#25 /home/jaycee/Projects/Email-Marketing/vendor/laravel/framework/src/Illuminate/Pipeline/Pipeline.php(219): Illuminate\\Foundation\\Http\\Middleware\\VerifyCsrfToken->handle()
#26 /home/jaycee/Projects/Email-Marketing/vendor/laravel/framework/src/Illuminate/View/Middleware/ShareErrorsFromSession.php(48): Illuminate\\Pipeline\\Pipeline->Illuminate\\Pipeline\\{closure}()
#27 /home/jaycee/Projects/Email-Marketing/vendor/laravel/framework/src/Illuminate/Pipeline/Pipeline.php(219): Illuminate\\View\\Middleware\\ShareErrorsFromSession->handle()
#28 /home/jaycee/Projects/Email-Marketing/vendor/laravel/framework/src/Illuminate/Session/Middleware/StartSession.php(120): Illuminate\\Pipeline\\Pipeline->Illuminate\\Pipeline\\{closure}()
#29 /home/jaycee/Projects/Email-Marketing/vendor/laravel/framework/src/Illuminate/Session/Middleware/StartSession.php(63): Illuminate\\Session\\Middleware\\StartSession->handleStatefulRequest()
#30 /home/jaycee/Projects/Email-Marketing/vendor/laravel/framework/src/Illuminate/Pipeline/Pipeline.php(219): Illuminate\\Session\\Middleware\\StartSession->handle()
#31 /home/jaycee/Projects/Email-Marketing/vendor/laravel/framework/src/Illuminate/Cookie/Middleware/AddQueuedCookiesToResponse.php(36): Illuminate\\Pipeline\\Pipeline->Illuminate\\Pipeline\\{closure}()
#32 /home/jaycee/Projects/Email-Marketing/vendor/laravel/framework/src/Illuminate/Pipeline/Pipeline.php(219): Illuminate\\Cookie\\Middleware\\AddQueuedCookiesToResponse->handle()
#33 /home/jaycee/Projects/Email-Marketing/vendor/laravel/framework/src/Illuminate/Cookie/Middleware/EncryptCookies.php(74): Illuminate\\Pipeline\\Pipeline->Illuminate\\Pipeline\\{closure}()
#34 /home/jaycee/Projects/Email-Marketing/vendor/laravel/framework/src/Illuminate/Pipeline/Pipeline.php(219): Illuminate\\Cookie\\Middleware\\EncryptCookies->handle()
#35 /home/jaycee/Projects/Email-Marketing/vendor/laravel/framework/src/Illuminate/Pipeline/Pipeline.php(137): Illuminate\\Pipeline\\Pipeline->Illuminate\\Pipeline\\{closure}()
#36 /home/jaycee/Projects/Email-Marketing/vendor/laravel/framework/src/Illuminate/Routing/Router.php(821): Illuminate\\Pipeline\\Pipeline->then()
#37 /home/jaycee/Projects/Email-Marketing/vendor/laravel/framework/src/Illuminate/Routing/Router.php(800): Illuminate\\Routing\\Router->runRouteWithinStack()
#38 /home/jaycee/Projects/Email-Marketing/vendor/laravel/framework/src/Illuminate/Routing/Router.php(764): Illuminate\\Routing\\Router->runRoute()
#39 /home/jaycee/Projects/Email-Marketing/vendor/laravel/framework/src/Illuminate/Routing/Router.php(753): Illuminate\\Routing\\Router->dispatchToRoute()
#40 /home/jaycee/Projects/Email-Marketing/vendor/laravel/framework/src/Illuminate/Foundation/Http/Kernel.php(200): Illuminate\\Routing\\Router->dispatch()
#41 /home/jaycee/Projects/Email-Marketing/vendor/laravel/framework/src/Illuminate/Pipeline/Pipeline.php(180): Illuminate\\Foundation\\Http\\Kernel->Illuminate\\Foundation\\Http\\{closure}()
#42 /home/jaycee/Projects/Email-Marketing/vendor/laravel/framework/src/Illuminate/Foundation/Http/Middleware/TransformsRequest.php(21): Illuminate\\Pipeline\\Pipeline->Illuminate\\Pipeline\\{closure}()
#43 /home/jaycee/Projects/Email-Marketing/vendor/laravel/framework/src/Illuminate/Foundation/Http/Middleware/ConvertEmptyStringsToNull.php(31): Illuminate\\Foundation\\Http\\Middleware\\TransformsRequest->handle()
#44 /home/jaycee/Projects/Email-Marketing/vendor/laravel/framework/src/Illuminate/Pipeline/Pipeline.php(219): Illuminate\\Foundation\\Http\\Middleware\\ConvertEmptyStringsToNull->handle()
#45 /home/jaycee/Projects/Email-Marketing/vendor/laravel/framework/src/Illuminate/Foundation/Http/Middleware/TransformsRequest.php(21): Illuminate\\Pipeline\\Pipeline->Illuminate\\Pipeline\\{closure}()
#46 /home/jaycee/Projects/Email-Marketing/vendor/laravel/framework/src/Illuminate/Foundation/Http/Middleware/TrimStrings.php(51): Illuminate\\Foundation\\Http\\Middleware\\TransformsRequest->handle()
#47 /home/jaycee/Projects/Email-Marketing/vendor/laravel/framework/src/Illuminate/Pipeline/Pipeline.php(219): Illuminate\\Foundation\\Http\\Middleware\\TrimStrings->handle()
#48 /home/jaycee/Projects/Email-Marketing/vendor/laravel/framework/src/Illuminate/Http/Middleware/ValidatePostSize.php(27): Illuminate\\Pipeline\\Pipeline->Illuminate\\Pipeline\\{closure}()
#49 /home/jaycee/Projects/Email-Marketing/vendor/laravel/framework/src/Illuminate/Pipeline/Pipeline.php(219): Illuminate\\Http\\Middleware\\ValidatePostSize->handle()
#50 /home/jaycee/Projects/Email-Marketing/vendor/laravel/framework/src/Illuminate/Foundation/Http/Middleware/PreventRequestsDuringMaintenance.php(109): Illuminate\\Pipeline\\Pipeline->Illuminate\\Pipeline\\{closure}()
#51 /home/jaycee/Projects/Email-Marketing/vendor/laravel/framework/src/Illuminate/Pipeline/Pipeline.php(219): Illuminate\\Foundation\\Http\\Middleware\\PreventRequestsDuringMaintenance->handle()
#52 /home/jaycee/Projects/Email-Marketing/vendor/laravel/framework/src/Illuminate/Http/Middleware/HandleCors.php(48): Illuminate\\Pipeline\\Pipeline->Illuminate\\Pipeline\\{closure}()
#53 /home/jaycee/Projects/Email-Marketing/vendor/laravel/framework/src/Illuminate/Pipeline/Pipeline.php(219): Illuminate\\Http\\Middleware\\HandleCors->handle()
#54 /home/jaycee/Projects/Email-Marketing/vendor/laravel/framework/src/Illuminate/Http/Middleware/TrustProxies.php(58): Illuminate\\Pipeline\\Pipeline->Illuminate\\Pipeline\\{closure}()
#55 /home/jaycee/Projects/Email-Marketing/vendor/laravel/framework/src/Illuminate/Pipeline/Pipeline.php(219): Illuminate\\Http\\Middleware\\TrustProxies->handle()
#56 /home/jaycee/Projects/Email-Marketing/vendor/laravel/framework/src/Illuminate/Foundation/Http/Middleware/InvokeDeferredCallbacks.php(22): Illuminate\\Pipeline\\Pipeline->Illuminate\\Pipeline\\{closure}()
#57 /home/jaycee/Projects/Email-Marketing/vendor/laravel/framework/src/Illuminate/Pipeline/Pipeline.php(219): Illuminate\\Foundation\\Http\\Middleware\\InvokeDeferredCallbacks->handle()
#58 /home/jaycee/Projects/Email-Marketing/vendor/laravel/framework/src/Illuminate/Http/Middleware/ValidatePathEncoding.php(26): Illuminate\\Pipeline\\Pipeline->Illuminate\\Pipeline\\{closure}()
#59 /home/jaycee/Projects/Email-Marketing/vendor/laravel/framework/src/Illuminate/Pipeline/Pipeline.php(219): Illuminate\\Http\\Middleware\\ValidatePathEncoding->handle()
#60 /home/jaycee/Projects/Email-Marketing/vendor/laravel/framework/src/Illuminate/Pipeline/Pipeline.php(137): Illuminate\\Pipeline\\Pipeline->Illuminate\\Pipeline\\{closure}()
#61 /home/jaycee/Projects/Email-Marketing/vendor/laravel/framework/src/Illuminate/Foundation/Http/Kernel.php(175): Illuminate\\Pipeline\\Pipeline->then()
#62 /home/jaycee/Projects/Email-Marketing/vendor/laravel/framework/src/Illuminate/Foundation/Http/Kernel.php(144): Illuminate\\Foundation\\Http\\Kernel->sendRequestThroughRouter()
#63 /home/jaycee/Projects/Email-Marketing/vendor/laravel/framework/src/Illuminate/Foundation/Application.php(1220): Illuminate\\Foundation\\Http\\Kernel->handle()
#64 /home/jaycee/Projects/Email-Marketing/public/index.php(20): Illuminate\\Foundation\\Application->handleRequest()
#65 /home/jaycee/Projects/Email-Marketing/vendor/laravel/framework/src/Illuminate/Foundation/resources/server.php(23): require_once('...')
#66 {main}
"} 
[2026-06-25 15:16:11] local.ERROR: Syntax error {"exception":"[object] (JsonException(code: 4): Syntax error at /home/jaycee/Projects/Email-Marketing/vendor/laravel/pail/src/ValueObjects/MessageLogged.php:30)
[stacktrace]
#0 /home/jaycee/Projects/Email-Marketing/vendor/laravel/pail/src/ValueObjects/MessageLogged.php(30): json_decode()
#1 /home/jaycee/Projects/Email-Marketing/vendor/laravel/pail/src/ProcessFactory.php(42): Laravel\\Pail\\ValueObjects\\MessageLogged::fromJson()
#2 [internal function]: Laravel\\Pail\\ProcessFactory->Laravel\\Pail\\{closure}()
#3 /home/jaycee/Projects/Email-Marketing/vendor/laravel/framework/src/Illuminate/Collections/Arr.php(778): array_map()
#4 /home/jaycee/Projects/Email-Marketing/vendor/laravel/framework/src/Illuminate/Collections/Collection.php(814): Illuminate\\Support\\Arr::map()
#5 /home/jaycee/Projects/Email-Marketing/vendor/laravel/pail/src/ProcessFactory.php(42): Illuminate\\Support\\Collection->map()
#6 /home/jaycee/Projects/Email-Marketing/vendor/symfony/process/Process.php(1311): Laravel\\Pail\\ProcessFactory->Laravel\\Pail\\{closure}()
#7 /home/jaycee/Projects/Email-Marketing/vendor/symfony/process/Process.php(1411): Symfony\\Component\\Process\\Process->Symfony\\Component\\Process\\{closure}()
#8 /home/jaycee/Projects/Email-Marketing/vendor/symfony/process/Process.php(452): Symfony\\Component\\Process\\Process->readPipes()
#9 /home/jaycee/Projects/Email-Marketing/vendor/symfony/process/Process.php(251): Symfony\\Component\\Process\\Process->wait()
#10 /home/jaycee/Projects/Email-Marketing/vendor/laravel/framework/src/Illuminate/Support/HigherOrderTapProxy.php(33): Symfony\\Component\\Process\\Process->run()
#11 /home/jaycee/Projects/Email-Marketing/vendor/laravel/framework/src/Illuminate/Process/PendingProcess.php(258): Illuminate\\Support\\HigherOrderTapProxy->__call()
#12 /home/jaycee/Projects/Email-Marketing/vendor/laravel/pail/src/ProcessFactory.php(24): Illuminate\\Process\\PendingProcess->run()
#13 /home/jaycee/Projects/Email-Marketing/vendor/laravel/pail/src/Console/Commands/PailCommand.php(86): Laravel\\Pail\\ProcessFactory->run()
#14 /home/jaycee/Projects/Email-Marketing/vendor/laravel/framework/src/Illuminate/Container/BoundMethod.php(36): Laravel\\Pail\\Console\\Commands\\PailCommand->handle()
#15 /home/jaycee/Projects/Email-Marketing/vendor/laravel/framework/src/Illuminate/Container/Util.php(43): Illuminate\\Container\\BoundMethod::Illuminate\\Container\\{closure}()
#16 /home/jaycee/Projects/Email-Marketing/vendor/laravel/framework/src/Illuminate/Container/BoundMethod.php(96): Illuminate\\Container\\Util::unwrapIfClosure()
#17 /home/jaycee/Projects/Email-Marketing/vendor/laravel/framework/src/Illuminate/Container/BoundMethod.php(35): Illuminate\\Container\\BoundMethod::callBoundMethod()
#18 /home/jaycee/Projects/Email-Marketing/vendor/laravel/framework/src/Illuminate/Container/Container.php(836): Illuminate\\Container\\BoundMethod::call()
#19 /home/jaycee/Projects/Email-Marketing/vendor/laravel/framework/src/Illuminate/Console/Command.php(211): Illuminate\\Container\\Container->call()
#20 /home/jaycee/Projects/Email-Marketing/vendor/symfony/console/Command/Command.php(318): Illuminate\\Console\\Command->execute()
#21 /home/jaycee/Projects/Email-Marketing/vendor/laravel/framework/src/Illuminate/Console/Command.php(180): Symfony\\Component\\Console\\Command\\Command->run()
#22 /home/jaycee/Projects/Email-Marketing/vendor/symfony/console/Application.php(1110): Illuminate\\Console\\Command->run()
#23 /home/jaycee/Projects/Email-Marketing/vendor/symfony/console/Application.php(359): Symfony\\Component\\Console\\Application->doRunCommand()
#24 /home/jaycee/Projects/Email-Marketing/vendor/symfony/console/Application.php(194): Symfony\\Component\\Console\\Application->doRun()
#25 /home/jaycee/Projects/Email-Marketing/vendor/laravel/framework/src/Illuminate/Foundation/Console/Kernel.php(197): Symfony\\Component\\Console\\Application->run()
#26 /home/jaycee/Projects/Email-Marketing/vendor/laravel/framework/src/Illuminate/Foundation/Application.php(1235): Illuminate\\Foundation\\Console\\Kernel->handle()
#27 /home/jaycee/Projects/Email-Marketing/artisan(16): Illuminate\\Foundation\\Application->handleCommand()
#28 {main}
"} 
[2026-06-25 15:22:39] local.ERROR: SQLSTATE[23000]: Integrity constraint violation: 1048 Column 'source_id' cannot be null (Connection: mysql, SQL: insert into `messages` (`source_id`, `sender_name`, `sender_email`, `subject`, `body`, `contact_id`, `source_type`, `updated_at`, `created_at`) values (?, Jane Doe, jane@example.com, Test, Hello world, ?, email_marketing, 2026-06-25 15:22:39, 2026-06-25 15:22:39)) {"exception":"[object] (Illuminate\\Database\\QueryException(code: 23000): SQLSTATE[23000]: Integrity constraint violation: 1048 Column 'source_id' cannot be null (Connection: mysql, SQL: insert into `messages` (`source_id`, `sender_name`, `sender_email`, `subject`, `body`, `contact_id`, `source_type`, `updated_at`, `created_at`) values (?, Jane Doe, jane@example.com, Test, Hello world, ?, email_marketing, 2026-06-25 15:22:39, 2026-06-25 15:22:39)) at /home/jaycee/Projects/Email-Marketing/vendor/laravel/framework/src/Illuminate/Database/Connection.php:824)
[stacktrace]
#0 /home/jaycee/Projects/Email-Marketing/vendor/laravel/framework/src/Illuminate/Database/Connection.php(778): Illuminate\\Database\\Connection->runQueryCallback()
#1 /home/jaycee/Projects/Email-Marketing/vendor/laravel/framework/src/Illuminate/Database/MySqlConnection.php(42): Illuminate\\Database\\Connection->run()
#2 /home/jaycee/Projects/Email-Marketing/vendor/laravel/framework/src/Illuminate/Database/Query/Processors/MySqlProcessor.php(35): Illuminate\\Database\\MySqlConnection->insert()
#3 /home/jaycee/Projects/Email-Marketing/vendor/laravel/framework/src/Illuminate/Database/Query/Builder.php(3853): Illuminate\\Database\\Query\\Processors\\MySqlProcessor->processInsertGetId()
#4 /home/jaycee/Projects/Email-Marketing/vendor/laravel/framework/src/Illuminate/Database/Eloquent/Builder.php(2235): Illuminate\\Database\\Query\\Builder->insertGetId()
#5 /home/jaycee/Projects/Email-Marketing/vendor/laravel/framework/src/Illuminate/Database/Eloquent/Model.php(1436): Illuminate\\Database\\Eloquent\\Builder->__call()
#6 /home/jaycee/Projects/Email-Marketing/vendor/laravel/framework/src/Illuminate/Database/Eloquent/Model.php(1401): Illuminate\\Database\\Eloquent\\Model->insertAndSetId()
#7 /home/jaycee/Projects/Email-Marketing/vendor/laravel/framework/src/Illuminate/Database/Eloquent/Model.php(1240): Illuminate\\Database\\Eloquent\\Model->performInsert()
#8 /home/jaycee/Projects/Email-Marketing/vendor/laravel/framework/src/Illuminate/Database/Eloquent/Builder.php(1219): Illuminate\\Database\\Eloquent\\Model->save()
#9 /home/jaycee/Projects/Email-Marketing/vendor/laravel/framework/src/Illuminate/Support/helpers.php(390): Illuminate\\Database\\Eloquent\\Builder->Illuminate\\Database\\Eloquent\\{closure}()
#10 /home/jaycee/Projects/Email-Marketing/vendor/laravel/framework/src/Illuminate/Database/Eloquent/Builder.php(1218): tap()
#11 /home/jaycee/Projects/Email-Marketing/vendor/laravel/framework/src/Illuminate/Support/Traits/ForwardsCalls.php(23): Illuminate\\Database\\Eloquent\\Builder->create()
#12 /home/jaycee/Projects/Email-Marketing/vendor/laravel/framework/src/Illuminate/Database/Eloquent/Model.php(2540): Illuminate\\Database\\Eloquent\\Model->forwardCallTo()
#13 /home/jaycee/Projects/Email-Marketing/vendor/laravel/framework/src/Illuminate/Database/Eloquent/Model.php(2556): Illuminate\\Database\\Eloquent\\Model->__call()
#14 /home/jaycee/Projects/Email-Marketing/app/Http/Controllers/MailgunWebhookController.php(32): Illuminate\\Database\\Eloquent\\Model::__callStatic()
#15 /home/jaycee/Projects/Email-Marketing/vendor/laravel/framework/src/Illuminate/Routing/ControllerDispatcher.php(46): App\\Http\\Controllers\\MailgunWebhookController->inbound()
#16 /home/jaycee/Projects/Email-Marketing/vendor/laravel/framework/src/Illuminate/Routing/Route.php(265): Illuminate\\Routing\\ControllerDispatcher->dispatch()
#17 /home/jaycee/Projects/Email-Marketing/vendor/laravel/framework/src/Illuminate/Routing/Route.php(211): Illuminate\\Routing\\Route->runController()
#18 /home/jaycee/Projects/Email-Marketing/vendor/laravel/framework/src/Illuminate/Routing/Router.php(822): Illuminate\\Routing\\Route->run()
#19 /home/jaycee/Projects/Email-Marketing/vendor/laravel/framework/src/Illuminate/Pipeline/Pipeline.php(180): Illuminate\\Routing\\Router->Illuminate\\Routing\\{closure}()
#20 /home/jaycee/Projects/Email-Marketing/vendor/laravel/framework/src/Illuminate/Routing/Middleware/SubstituteBindings.php(50): Illuminate\\Pipeline\\Pipeline->Illuminate\\Pipeline\\{closure}()
#21 /home/jaycee/Projects/Email-Marketing/vendor/laravel/framework/src/Illuminate/Pipeline/Pipeline.php(219): Illuminate\\Routing\\Middleware\\SubstituteBindings->handle()
#22 /home/jaycee/Projects/Email-Marketing/vendor/laravel/framework/src/Illuminate/Foundation/Http/Middleware/VerifyCsrfToken.php(87): Illuminate\\Pipeline\\Pipeline->Illuminate\\Pipeline\\{closure}()
#23 /home/jaycee/Projects/Email-Marketing/vendor/laravel/framework/src/Illuminate/Pipeline/Pipeline.php(219): Illuminate\\Foundation\\Http\\Middleware\\VerifyCsrfToken->handle()
#24 /home/jaycee/Projects/Email-Marketing/vendor/laravel/framework/src/Illuminate/View/Middleware/ShareErrorsFromSession.php(48): Illuminate\\Pipeline\\Pipeline->Illuminate\\Pipeline\\{closure}()
#25 /home/jaycee/Projects/Email-Marketing/vendor/laravel/framework/src/Illuminate/Pipeline/Pipeline.php(219): Illuminate\\View\\Middleware\\ShareErrorsFromSession->handle()
#26 /home/jaycee/Projects/Email-Marketing/vendor/laravel/framework/src/Illuminate/Session/Middleware/StartSession.php(120): Illuminate\\Pipeline\\Pipeline->Illuminate\\Pipeline\\{closure}()
#27 /home/jaycee/Projects/Email-Marketing/vendor/laravel/framework/src/Illuminate/Session/Middleware/StartSession.php(63): Illuminate\\Session\\Middleware\\StartSession->handleStatefulRequest()
#28 /home/jaycee/Projects/Email-Marketing/vendor/laravel/framework/src/Illuminate/Pipeline/Pipeline.php(219): Illuminate\\Session\\Middleware\\StartSession->handle()
#29 /home/jaycee/Projects/Email-Marketing/vendor/laravel/framework/src/Illuminate/Cookie/Middleware/AddQueuedCookiesToResponse.php(36): Illuminate\\Pipeline\\Pipeline->Illuminate\\Pipeline\\{closure}()
#30 /home/jaycee/Projects/Email-Marketing/vendor/laravel/framework/src/Illuminate/Pipeline/Pipeline.php(219): Illuminate\\Cookie\\Middleware\\AddQueuedCookiesToResponse->handle()
#31 /home/jaycee/Projects/Email-Marketing/vendor/laravel/framework/src/Illuminate/Cookie/Middleware/EncryptCookies.php(74): Illuminate\\Pipeline\\Pipeline->Illuminate\\Pipeline\\{closure}()
#32 /home/jaycee/Projects/Email-Marketing/vendor/laravel/framework/src/Illuminate/Pipeline/Pipeline.php(219): Illuminate\\Cookie\\Middleware\\EncryptCookies->handle()
#33 /home/jaycee/Projects/Email-Marketing/vendor/laravel/framework/src/Illuminate/Pipeline/Pipeline.php(137): Illuminate\\Pipeline\\Pipeline->Illuminate\\Pipeline\\{closure}()
#34 /home/jaycee/Projects/Email-Marketing/vendor/laravel/framework/src/Illuminate/Routing/Router.php(821): Illuminate\\Pipeline\\Pipeline->then()
#35 /home/jaycee/Projects/Email-Marketing/vendor/laravel/framework/src/Illuminate/Routing/Router.php(800): Illuminate\\Routing\\Router->runRouteWithinStack()
#36 /home/jaycee/Projects/Email-Marketing/vendor/laravel/framework/src/Illuminate/Routing/Router.php(764): Illuminate\\Routing\\Router->runRoute()
#37 /home/jaycee/Projects/Email-Marketing/vendor/laravel/framework/src/Illuminate/Routing/Router.php(753): Illuminate\\Routing\\Router->dispatchToRoute()
#38 /home/jaycee/Projects/Email-Marketing/vendor/laravel/framework/src/Illuminate/Foundation/Http/Kernel.php(200): Illuminate\\Routing\\Router->dispatch()
#39 /home/jaycee/Projects/Email-Marketing/vendor/laravel/framework/src/Illuminate/Pipeline/Pipeline.php(180): Illuminate\\Foundation\\Http\\Kernel->Illuminate\\Foundation\\Http\\{closure}()
#40 /home/jaycee/Projects/Email-Marketing/vendor/laravel/framework/src/Illuminate/Foundation/Http/Middleware/TransformsRequest.php(21): Illuminate\\Pipeline\\Pipeline->Illuminate\\Pipeline\\{closure}()
#41 /home/jaycee/Projects/Email-Marketing/vendor/laravel/framework/src/Illuminate/Foundation/Http/Middleware/ConvertEmptyStringsToNull.php(31): Illuminate\\Foundation\\Http\\Middleware\\TransformsRequest->handle()
#42 /home/jaycee/Projects/Email-Marketing/vendor/laravel/framework/src/Illuminate/Pipeline/Pipeline.php(219): Illuminate\\Foundation\\Http\\Middleware\\ConvertEmptyStringsToNull->handle()
#43 /home/jaycee/Projects/Email-Marketing/vendor/laravel/framework/src/Illuminate/Foundation/Http/Middleware/TransformsRequest.php(21): Illuminate\\Pipeline\\Pipeline->Illuminate\\Pipeline\\{closure}()
#44 /home/jaycee/Projects/Email-Marketing/vendor/laravel/framework/src/Illuminate/Foundation/Http/Middleware/TrimStrings.php(51): Illuminate\\Foundation\\Http\\Middleware\\TransformsRequest->handle()
#45 /home/jaycee/Projects/Email-Marketing/vendor/laravel/framework/src/Illuminate/Pipeline/Pipeline.php(219): Illuminate\\Foundation\\Http\\Middleware\\TrimStrings->handle()
#46 /home/jaycee/Projects/Email-Marketing/vendor/laravel/framework/src/Illuminate/Http/Middleware/ValidatePostSize.php(27): Illuminate\\Pipeline\\Pipeline->Illuminate\\Pipeline\\{closure}()
#47 /home/jaycee/Projects/Email-Marketing/vendor/laravel/framework/src/Illuminate/Pipeline/Pipeline.php(219): Illuminate\\Http\\Middleware\\ValidatePostSize->handle()
#48 /home/jaycee/Projects/Email-Marketing/vendor/laravel/framework/src/Illuminate/Foundation/Http/Middleware/PreventRequestsDuringMaintenance.php(109): Illuminate\\Pipeline\\Pipeline->Illuminate\\Pipeline\\{closure}()
#49 /home/jaycee/Projects/Email-Marketing/vendor/laravel/framework/src/Illuminate/Pipeline/Pipeline.php(219): Illuminate\\Foundation\\Http\\Middleware\\PreventRequestsDuringMaintenance->handle()
#50 /home/jaycee/Projects/Email-Marketing/vendor/laravel/framework/src/Illuminate/Http/Middleware/HandleCors.php(48): Illuminate\\Pipeline\\Pipeline->Illuminate\\Pipeline\\{closure}()
#51 /home/jaycee/Projects/Email-Marketing/vendor/laravel/framework/src/Illuminate/Pipeline/Pipeline.php(219): Illuminate\\Http\\Middleware\\HandleCors->handle()
#52 /home/jaycee/Projects/Email-Marketing/vendor/laravel/framework/src/Illuminate/Http/Middleware/TrustProxies.php(58): Illuminate\\Pipeline\\Pipeline->Illuminate\\Pipeline\\{closure}()
#53 /home/jaycee/Projects/Email-Marketing/vendor/laravel/framework/src/Illuminate/Pipeline/Pipeline.php(219): Illuminate\\Http\\Middleware\\TrustProxies->handle()
#54 /home/jaycee/Projects/Email-Marketing/vendor/laravel/framework/src/Illuminate/Foundation/Http/Middleware/InvokeDeferredCallbacks.php(22): Illuminate\\Pipeline\\Pipeline->Illuminate\\Pipeline\\{closure}()
#55 /home/jaycee/Projects/Email-Marketing/vendor/laravel/framework/src/Illuminate/Pipeline/Pipeline.php(219): Illuminate\\Foundation\\Http\\Middleware\\InvokeDeferredCallbacks->handle()
#56 /home/jaycee/Projects/Email-Marketing/vendor/laravel/framework/src/Illuminate/Http/Middleware/ValidatePathEncoding.php(26): Illuminate\\Pipeline\\Pipeline->Illuminate\\Pipeline\\{closure}()
#57 /home/jaycee/Projects/Email-Marketing/vendor/laravel/framework/src/Illuminate/Pipeline/Pipeline.php(219): Illuminate\\Http\\Middleware\\ValidatePathEncoding->handle()
#58 /home/jaycee/Projects/Email-Marketing/vendor/laravel/framework/src/Illuminate/Pipeline/Pipeline.php(137): Illuminate\\Pipeline\\Pipeline->Illuminate\\Pipeline\\{closure}()
#59 /home/jaycee/Projects/Email-Marketing/vendor/laravel/framework/src/Illuminate/Foundation/Http/Kernel.php(175): Illuminate\\Pipeline\\Pipeline->then()
#60 /home/jaycee/Projects/Email-Marketing/vendor/laravel/framework/src/Illuminate/Foundation/Http/Kernel.php(144): Illuminate\\Foundation\\Http\\Kernel->sendRequestThroughRouter()
#61 /home/jaycee/Projects/Email-Marketing/vendor/laravel/framework/src/Illuminate/Foundation/Application.php(1220): Illuminate\\Foundation\\Http\\Kernel->handle()
#62 /home/jaycee/Projects/Email-Marketing/public/index.php(20): Illuminate\\Foundation\\Application->handleRequest()
#63 /home/jaycee/Projects/Email-Marketing/vendor/laravel/framework/src/Illuminate/Foundation/resources/server.php(23): require_once('...')
#64 {main}

[previous exception] [object] (PDOException(code: 23000): SQLSTATE[23000]: Integrity constraint violation: 1048 Column 'source_id' cannot be null at /home/jaycee/Projects/Email-Marketing/vendor/laravel/framework/src/Illuminate/Database/MySqlConnection.php:53)
[stacktrace]
#0 /home/jaycee/Projects/Email-Marketing/vendor/laravel/framework/src/Illuminate/Database/MySqlConnection.php(53): PDOStatement->execute()
#1 /home/jaycee/Projects/Email-Marketing/vendor/laravel/framework/src/Illuminate/Database/Connection.php(811): Illuminate\\Database\\MySqlConnection->Illuminate\\Database\\{closure}()
#2 /home/jaycee/Projects/Email-Marketing/vendor/laravel/framework/src/Illuminate/Database/Connection.php(778): Illuminate\\Database\\Connection->runQueryCallback()
#3 /home/jaycee/Projects/Email-Marketing/vendor/laravel/framework/src/Illuminate/Database/MySqlConnection.php(42): Illuminate\\Database\\Connection->run()
#4 /home/jaycee/Projects/Email-Marketing/vendor/laravel/framework/src/Illuminate/Database/Query/Processors/MySqlProcessor.php(35): Illuminate\\Database\\MySqlConnection->insert()
#5 /home/jaycee/Projects/Email-Marketing/vendor/laravel/framework/src/Illuminate/Database/Query/Builder.php(3853): Illuminate\\Database\\Query\\Processors\\MySqlProcessor->processInsertGetId()
#6 /home/jaycee/Projects/Email-Marketing/vendor/laravel/framework/src/Illuminate/Database/Eloquent/Builder.php(2235): Illuminate\\Database\\Query\\Builder->insertGetId()
#7 /home/jaycee/Projects/Email-Marketing/vendor/laravel/framework/src/Illuminate/Database/Eloquent/Model.php(1436): Illuminate\\Database\\Eloquent\\Builder->__call()
#8 /home/jaycee/Projects/Email-Marketing/vendor/laravel/framework/src/Illuminate/Database/Eloquent/Model.php(1401): Illuminate\\Database\\Eloquent\\Model->insertAndSetId()
#9 /home/jaycee/Projects/Email-Marketing/vendor/laravel/framework/src/Illuminate/Database/Eloquent/Model.php(1240): Illuminate\\Database\\Eloquent\\Model->performInsert()
#10 /home/jaycee/Projects/Email-Marketing/vendor/laravel/framework/src/Illuminate/Database/Eloquent/Builder.php(1219): Illuminate\\Database\\Eloquent\\Model->save()
#11 /home/jaycee/Projects/Email-Marketing/vendor/laravel/framework/src/Illuminate/Support/helpers.php(390): Illuminate\\Database\\Eloquent\\Builder->Illuminate\\Database\\Eloquent\\{closure}()
#12 /home/jaycee/Projects/Email-Marketing/vendor/laravel/framework/src/Illuminate/Database/Eloquent/Builder.php(1218): tap()
#13 /home/jaycee/Projects/Email-Marketing/vendor/laravel/framework/src/Illuminate/Support/Traits/ForwardsCalls.php(23): Illuminate\\Database\\Eloquent\\Builder->create()
#14 /home/jaycee/Projects/Email-Marketing/vendor/laravel/framework/src/Illuminate/Database/Eloquent/Model.php(2540): Illuminate\\Database\\Eloquent\\Model->forwardCallTo()
#15 /home/jaycee/Projects/Email-Marketing/vendor/laravel/framework/src/Illuminate/Database/Eloquent/Model.php(2556): Illuminate\\Database\\Eloquent\\Model->__call()
#16 /home/jaycee/Projects/Email-Marketing/app/Http/Controllers/MailgunWebhookController.php(32): Illuminate\\Database\\Eloquent\\Model::__callStatic()
#17 /home/jaycee/Projects/Email-Marketing/vendor/laravel/framework/src/Illuminate/Routing/ControllerDispatcher.php(46): App\\Http\\Controllers\\MailgunWebhookController->inbound()
#18 /home/jaycee/Projects/Email-Marketing/vendor/laravel/framework/src/Illuminate/Routing/Route.php(265): Illuminate\\Routing\\ControllerDispatcher->dispatch()
#19 /home/jaycee/Projects/Email-Marketing/vendor/laravel/framework/src/Illuminate/Routing/Route.php(211): Illuminate\\Routing\\Route->runController()
#20 /home/jaycee/Projects/Email-Marketing/vendor/laravel/framework/src/Illuminate/Routing/Router.php(822): Illuminate\\Routing\\Route->run()
#21 /home/jaycee/Projects/Email-Marketing/vendor/laravel/framework/src/Illuminate/Pipeline/Pipeline.php(180): Illuminate\\Routing\\Router->Illuminate\\Routing\\{closure}()
#22 /home/jaycee/Projects/Email-Marketing/vendor/laravel/framework/src/Illuminate/Routing/Middleware/SubstituteBindings.php(50): Illuminate\\Pipeline\\Pipeline->Illuminate\\Pipeline\\{closure}()
#23 /home/jaycee/Projects/Email-Marketing/vendor/laravel/framework/src/Illuminate/Pipeline/Pipeline.php(219): Illuminate\\Routing\\Middleware\\SubstituteBindings->handle()
#24 /home/jaycee/Projects/Email-Marketing/vendor/laravel/framework/src/Illuminate/Foundation/Http/Middleware/VerifyCsrfToken.php(87): Illuminate\\Pipeline\\Pipeline->Illuminate\\Pipeline\\{closure}()
#25 /home/jaycee/Projects/Email-Marketing/vendor/laravel/framework/src/Illuminate/Pipeline/Pipeline.php(219): Illuminate\\Foundation\\Http\\Middleware\\VerifyCsrfToken->handle()
#26 /home/jaycee/Projects/Email-Marketing/vendor/laravel/framework/src/Illuminate/View/Middleware/ShareErrorsFromSession.php(48): Illuminate\\Pipeline\\Pipeline->Illuminate\\Pipeline\\{closure}()
#27 /home/jaycee/Projects/Email-Marketing/vendor/laravel/framework/src/Illuminate/Pipeline/Pipeline.php(219): Illuminate\\View\\Middleware\\ShareErrorsFromSession->handle()
#28 /home/jaycee/Projects/Email-Marketing/vendor/laravel/framework/src/Illuminate/Session/Middleware/StartSession.php(120): Illuminate\\Pipeline\\Pipeline->Illuminate\\Pipeline\\{closure}()
#29 /home/jaycee/Projects/Email-Marketing/vendor/laravel/framework/src/Illuminate/Session/Middleware/StartSession.php(63): Illuminate\\Session\\Middleware\\StartSession->handleStatefulRequest()
#30 /home/jaycee/Projects/Email-Marketing/vendor/laravel/framework/src/Illuminate/Pipeline/Pipeline.php(219): Illuminate\\Session\\Middleware\\StartSession->handle()
#31 /home/jaycee/Projects/Email-Marketing/vendor/laravel/framework/src/Illuminate/Cookie/Middleware/AddQueuedCookiesToResponse.php(36): Illuminate\\Pipeline\\Pipeline->Illuminate\\Pipeline\\{closure}()
#32 /home/jaycee/Projects/Email-Marketing/vendor/laravel/framework/src/Illuminate/Pipeline/Pipeline.php(219): Illuminate\\Cookie\\Middleware\\AddQueuedCookiesToResponse->handle()
#33 /home/jaycee/Projects/Email-Marketing/vendor/laravel/framework/src/Illuminate/Cookie/Middleware/EncryptCookies.php(74): Illuminate\\Pipeline\\Pipeline->Illuminate\\Pipeline\\{closure}()
#34 /home/jaycee/Projects/Email-Marketing/vendor/laravel/framework/src/Illuminate/Pipeline/Pipeline.php(219): Illuminate\\Cookie\\Middleware\\EncryptCookies->handle()
#35 /home/jaycee/Projects/Email-Marketing/vendor/laravel/framework/src/Illuminate/Pipeline/Pipeline.php(137): Illuminate\\Pipeline\\Pipeline->Illuminate\\Pipeline\\{closure}()
#36 /home/jaycee/Projects/Email-Marketing/vendor/laravel/framework/src/Illuminate/Routing/Router.php(821): Illuminate\\Pipeline\\Pipeline->then()
#37 /home/jaycee/Projects/Email-Marketing/vendor/laravel/framework/src/Illuminate/Routing/Router.php(800): Illuminate\\Routing\\Router->runRouteWithinStack()
#38 /home/jaycee/Projects/Email-Marketing/vendor/laravel/framework/src/Illuminate/Routing/Router.php(764): Illuminate\\Routing\\Router->runRoute()
#39 /home/jaycee/Projects/Email-Marketing/vendor/laravel/framework/src/Illuminate/Routing/Router.php(753): Illuminate\\Routing\\Router->dispatchToRoute()
#40 /home/jaycee/Projects/Email-Marketing/vendor/laravel/framework/src/Illuminate/Foundation/Http/Kernel.php(200): Illuminate\\Routing\\Router->dispatch()
#41 /home/jaycee/Projects/Email-Marketing/vendor/laravel/framework/src/Illuminate/Pipeline/Pipeline.php(180): Illuminate\\Foundation\\Http\\Kernel->Illuminate\\Foundation\\Http\\{closure}()
#42 /home/jaycee/Projects/Email-Marketing/vendor/laravel/framework/src/Illuminate/Foundation/Http/Middleware/TransformsRequest.php(21): Illuminate\\Pipeline\\Pipeline->Illuminate\\Pipeline\\{closure}()
#43 /home/jaycee/Projects/Email-Marketing/vendor/laravel/framework/src/Illuminate/Foundation/Http/Middleware/ConvertEmptyStringsToNull.php(31): Illuminate\\Foundation\\Http\\Middleware\\TransformsRequest->handle()
#44 /home/jaycee/Projects/Email-Marketing/vendor/laravel/framework/src/Illuminate/Pipeline/Pipeline.php(219): Illuminate\\Foundation\\Http\\Middleware\\ConvertEmptyStringsToNull->handle()
#45 /home/jaycee/Projects/Email-Marketing/vendor/laravel/framework/src/Illuminate/Foundation/Http/Middleware/TransformsRequest.php(21): Illuminate\\Pipeline\\Pipeline->Illuminate\\Pipeline\\{closure}()
#46 /home/jaycee/Projects/Email-Marketing/vendor/laravel/framework/src/Illuminate/Foundation/Http/Middleware/TrimStrings.php(51): Illuminate\\Foundation\\Http\\Middleware\\TransformsRequest->handle()
#47 /home/jaycee/Projects/Email-Marketing/vendor/laravel/framework/src/Illuminate/Pipeline/Pipeline.php(219): Illuminate\\Foundation\\Http\\Middleware\\TrimStrings->handle()
#48 /home/jaycee/Projects/Email-Marketing/vendor/laravel/framework/src/Illuminate/Http/Middleware/ValidatePostSize.php(27): Illuminate\\Pipeline\\Pipeline->Illuminate\\Pipeline\\{closure}()
#49 /home/jaycee/Projects/Email-Marketing/vendor/laravel/framework/src/Illuminate/Pipeline/Pipeline.php(219): Illuminate\\Http\\Middleware\\ValidatePostSize->handle()
#50 /home/jaycee/Projects/Email-Marketing/vendor/laravel/framework/src/Illuminate/Foundation/Http/Middleware/PreventRequestsDuringMaintenance.php(109): Illuminate\\Pipeline\\Pipeline->Illuminate\\Pipeline\\{closure}()
#51 /home/jaycee/Projects/Email-Marketing/vendor/laravel/framework/src/Illuminate/Pipeline/Pipeline.php(219): Illuminate\\Foundation\\Http\\Middleware\\PreventRequestsDuringMaintenance->handle()
#52 /home/jaycee/Projects/Email-Marketing/vendor/laravel/framework/src/Illuminate/Http/Middleware/HandleCors.php(48): Illuminate\\Pipeline\\Pipeline->Illuminate\\Pipeline\\{closure}()
#53 /home/jaycee/Projects/Email-Marketing/vendor/laravel/framework/src/Illuminate/Pipeline/Pipeline.php(219): Illuminate\\Http\\Middleware\\HandleCors->handle()
#54 /home/jaycee/Projects/Email-Marketing/vendor/laravel/framework/src/Illuminate/Http/Middleware/TrustProxies.php(58): Illuminate\\Pipeline\\Pipeline->Illuminate\\Pipeline\\{closure}()
#55 /home/jaycee/Projects/Email-Marketing/vendor/laravel/framework/src/Illuminate/Pipeline/Pipeline.php(219): Illuminate\\Http\\Middleware\\TrustProxies->handle()
#56 /home/jaycee/Projects/Email-Marketing/vendor/laravel/framework/src/Illuminate/Foundation/Http/Middleware/InvokeDeferredCallbacks.php(22): Illuminate\\Pipeline\\Pipeline->Illuminate\\Pipeline\\{closure}()
#57 /home/jaycee/Projects/Email-Marketing/vendor/laravel/framework/src/Illuminate/Pipeline/Pipeline.php(219): Illuminate\\Foundation\\Http\\Middleware\\InvokeDeferredCallbacks->handle()
#58 /home/jaycee/Projects/Email-Marketing/vendor/laravel/framework/src/Illuminate/Http/Middleware/ValidatePathEncoding.php(26): Illuminate\\Pipeline\\Pipeline->Illuminate\\Pipeline\\{closure}()
#59 /home/jaycee/Projects/Email-Marketing/vendor/laravel/framework/src/Illuminate/Pipeline/Pipeline.php(219): Illuminate\\Http\\Middleware\\ValidatePathEncoding->handle()
#60 /home/jaycee/Projects/Email-Marketing/vendor/laravel/framework/src/Illuminate/Pipeline/Pipeline.php(137): Illuminate\\Pipeline\\Pipeline->Illuminate\\Pipeline\\{closure}()
#61 /home/jaycee/Projects/Email-Marketing/vendor/laravel/framework/src/Illuminate/Foundation/Http/Kernel.php(175): Illuminate\\Pipeline\\Pipeline->then()
#62 /home/jaycee/Projects/Email-Marketing/vendor/laravel/framework/src/Illuminate/Foundation/Http/Kernel.php(144): Illuminate\\Foundation\\Http\\Kernel->sendRequestThroughRouter()
#63 /home/jaycee/Projects/Email-Marketing/vendor/laravel/framework/src/Illuminate/Foundation/Application.php(1220): Illuminate\\Foundation\\Http\\Kernel->handle()
#64 /home/jaycee/Projects/Email-Marketing/public/index.php(20): Illuminate\\Foundation\\Application->handleRequest()
#65 /home/jaycee/Projects/Email-Marketing/vendor/laravel/framework/src/Illuminate/Foundation/resources/server.php(23): require_once('...')
#66 {main}
"} 
[2026-06-25 15:22:47] local.ERROR: SQLSTATE[23000]: Integrity constraint violation: 1048 Column 'source_id' cannot be null (Connection: mysql, SQL: insert into `messages` (`source_id`, `sender_name`, `sender_email`, `subject`, `body`, `contact_id`, `source_type`, `updated_at`, `created_at`) values (?, Jane Doe, jane@example.com, Test, Hello world, ?, email_marketing, 2026-06-25 15:22:47, 2026-06-25 15:22:47)) {"exception":"[object] (Illuminate\\Database\\QueryException(code: 23000): SQLSTATE[23000]: Integrity constraint violation: 1048 Column 'source_id' cannot be null (Connection: mysql, SQL: insert into `messages` (`source_id`, `sender_name`, `sender_email`, `subject`, `body`, `contact_id`, `source_type`, `updated_at`, `created_at`) values (?, Jane Doe, jane@example.com, Test, Hello world, ?, email_marketing, 2026-06-25 15:22:47, 2026-06-25 15:22:47)) at /home/jaycee/Projects/Email-Marketing/vendor/laravel/framework/src/Illuminate/Database/Connection.php:824)
[stacktrace]
#0 /home/jaycee/Projects/Email-Marketing/vendor/laravel/framework/src/Illuminate/Database/Connection.php(778): Illuminate\\Database\\Connection->runQueryCallback()
#1 /home/jaycee/Projects/Email-Marketing/vendor/laravel/framework/src/Illuminate/Database/MySqlConnection.php(42): Illuminate\\Database\\Connection->run()
#2 /home/jaycee/Projects/Email-Marketing/vendor/laravel/framework/src/Illuminate/Database/Query/Processors/MySqlProcessor.php(35): Illuminate\\Database\\MySqlConnection->insert()
#3 /home/jaycee/Projects/Email-Marketing/vendor/laravel/framework/src/Illuminate/Database/Query/Builder.php(3853): Illuminate\\Database\\Query\\Processors\\MySqlProcessor->processInsertGetId()
#4 /home/jaycee/Projects/Email-Marketing/vendor/laravel/framework/src/Illuminate/Database/Eloquent/Builder.php(2235): Illuminate\\Database\\Query\\Builder->insertGetId()
#5 /home/jaycee/Projects/Email-Marketing/vendor/laravel/framework/src/Illuminate/Database/Eloquent/Model.php(1436): Illuminate\\Database\\Eloquent\\Builder->__call()
#6 /home/jaycee/Projects/Email-Marketing/vendor/laravel/framework/src/Illuminate/Database/Eloquent/Model.php(1401): Illuminate\\Database\\Eloquent\\Model->insertAndSetId()
#7 /home/jaycee/Projects/Email-Marketing/vendor/laravel/framework/src/Illuminate/Database/Eloquent/Model.php(1240): Illuminate\\Database\\Eloquent\\Model->performInsert()
#8 /home/jaycee/Projects/Email-Marketing/vendor/laravel/framework/src/Illuminate/Database/Eloquent/Builder.php(1219): Illuminate\\Database\\Eloquent\\Model->save()
#9 /home/jaycee/Projects/Email-Marketing/vendor/laravel/framework/src/Illuminate/Support/helpers.php(390): Illuminate\\Database\\Eloquent\\Builder->Illuminate\\Database\\Eloquent\\{closure}()
#10 /home/jaycee/Projects/Email-Marketing/vendor/laravel/framework/src/Illuminate/Database/Eloquent/Builder.php(1218): tap()
#11 /home/jaycee/Projects/Email-Marketing/vendor/laravel/framework/src/Illuminate/Support/Traits/ForwardsCalls.php(23): Illuminate\\Database\\Eloquent\\Builder->create()
#12 /home/jaycee/Projects/Email-Marketing/vendor/laravel/framework/src/Illuminate/Database/Eloquent/Model.php(2540): Illuminate\\Database\\Eloquent\\Model->forwardCallTo()
#13 /home/jaycee/Projects/Email-Marketing/vendor/laravel/framework/src/Illuminate/Database/Eloquent/Model.php(2556): Illuminate\\Database\\Eloquent\\Model->__call()
#14 /home/jaycee/Projects/Email-Marketing/app/Http/Controllers/MailgunWebhookController.php(32): Illuminate\\Database\\Eloquent\\Model::__callStatic()
#15 /home/jaycee/Projects/Email-Marketing/vendor/laravel/framework/src/Illuminate/Routing/ControllerDispatcher.php(46): App\\Http\\Controllers\\MailgunWebhookController->inbound()
#16 /home/jaycee/Projects/Email-Marketing/vendor/laravel/framework/src/Illuminate/Routing/Route.php(265): Illuminate\\Routing\\ControllerDispatcher->dispatch()
#17 /home/jaycee/Projects/Email-Marketing/vendor/laravel/framework/src/Illuminate/Routing/Route.php(211): Illuminate\\Routing\\Route->runController()
#18 /home/jaycee/Projects/Email-Marketing/vendor/laravel/framework/src/Illuminate/Routing/Router.php(822): Illuminate\\Routing\\Route->run()
#19 /home/jaycee/Projects/Email-Marketing/vendor/laravel/framework/src/Illuminate/Pipeline/Pipeline.php(180): Illuminate\\Routing\\Router->Illuminate\\Routing\\{closure}()
#20 /home/jaycee/Projects/Email-Marketing/vendor/laravel/framework/src/Illuminate/Routing/Middleware/SubstituteBindings.php(50): Illuminate\\Pipeline\\Pipeline->Illuminate\\Pipeline\\{closure}()
#21 /home/jaycee/Projects/Email-Marketing/vendor/laravel/framework/src/Illuminate/Pipeline/Pipeline.php(219): Illuminate\\Routing\\Middleware\\SubstituteBindings->handle()
#22 /home/jaycee/Projects/Email-Marketing/vendor/laravel/framework/src/Illuminate/Foundation/Http/Middleware/VerifyCsrfToken.php(87): Illuminate\\Pipeline\\Pipeline->Illuminate\\Pipeline\\{closure}()
#23 /home/jaycee/Projects/Email-Marketing/vendor/laravel/framework/src/Illuminate/Pipeline/Pipeline.php(219): Illuminate\\Foundation\\Http\\Middleware\\VerifyCsrfToken->handle()
#24 /home/jaycee/Projects/Email-Marketing/vendor/laravel/framework/src/Illuminate/View/Middleware/ShareErrorsFromSession.php(48): Illuminate\\Pipeline\\Pipeline->Illuminate\\Pipeline\\{closure}()
#25 /home/jaycee/Projects/Email-Marketing/vendor/laravel/framework/src/Illuminate/Pipeline/Pipeline.php(219): Illuminate\\View\\Middleware\\ShareErrorsFromSession->handle()
#26 /home/jaycee/Projects/Email-Marketing/vendor/laravel/framework/src/Illuminate/Session/Middleware/StartSession.php(120): Illuminate\\Pipeline\\Pipeline->Illuminate\\Pipeline\\{closure}()
#27 /home/jaycee/Projects/Email-Marketing/vendor/laravel/framework/src/Illuminate/Session/Middleware/StartSession.php(63): Illuminate\\Session\\Middleware\\StartSession->handleStatefulRequest()
#28 /home/jaycee/Projects/Email-Marketing/vendor/laravel/framework/src/Illuminate/Pipeline/Pipeline.php(219): Illuminate\\Session\\Middleware\\StartSession->handle()
#29 /home/jaycee/Projects/Email-Marketing/vendor/laravel/framework/src/Illuminate/Cookie/Middleware/AddQueuedCookiesToResponse.php(36): Illuminate\\Pipeline\\Pipeline->Illuminate\\Pipeline\\{closure}()
#30 /home/jaycee/Projects/Email-Marketing/vendor/laravel/framework/src/Illuminate/Pipeline/Pipeline.php(219): Illuminate\\Cookie\\Middleware\\AddQueuedCookiesToResponse->handle()
#31 /home/jaycee/Projects/Email-Marketing/vendor/laravel/framework/src/Illuminate/Cookie/Middleware/EncryptCookies.php(74): Illuminate\\Pipeline\\Pipeline->Illuminate\\Pipeline\\{closure}()
#32 /home/jaycee/Projects/Email-Marketing/vendor/laravel/framework/src/Illuminate/Pipeline/Pipeline.php(219): Illuminate\\Cookie\\Middleware\\EncryptCookies->handle()
#33 /home/jaycee/Projects/Email-Marketing/vendor/laravel/framework/src/Illuminate/Pipeline/Pipeline.php(137): Illuminate\\Pipeline\\Pipeline->Illuminate\\Pipeline\\{closure}()
#34 /home/jaycee/Projects/Email-Marketing/vendor/laravel/framework/src/Illuminate/Routing/Router.php(821): Illuminate\\Pipeline\\Pipeline->then()
#35 /home/jaycee/Projects/Email-Marketing/vendor/laravel/framework/src/Illuminate/Routing/Router.php(800): Illuminate\\Routing\\Router->runRouteWithinStack()
#36 /home/jaycee/Projects/Email-Marketing/vendor/laravel/framework/src/Illuminate/Routing/Router.php(764): Illuminate\\Routing\\Router->runRoute()
#37 /home/jaycee/Projects/Email-Marketing/vendor/laravel/framework/src/Illuminate/Routing/Router.php(753): Illuminate\\Routing\\Router->dispatchToRoute()
#38 /home/jaycee/Projects/Email-Marketing/vendor/laravel/framework/src/Illuminate/Foundation/Http/Kernel.php(200): Illuminate\\Routing\\Router->dispatch()
#39 /home/jaycee/Projects/Email-Marketing/vendor/laravel/framework/src/Illuminate/Pipeline/Pipeline.php(180): Illuminate\\Foundation\\Http\\Kernel->Illuminate\\Foundation\\Http\\{closure}()
#40 /home/jaycee/Projects/Email-Marketing/vendor/laravel/framework/src/Illuminate/Foundation/Http/Middleware/TransformsRequest.php(21): Illuminate\\Pipeline\\Pipeline->Illuminate\\Pipeline\\{closure}()
#41 /home/jaycee/Projects/Email-Marketing/vendor/laravel/framework/src/Illuminate/Foundation/Http/Middleware/ConvertEmptyStringsToNull.php(31): Illuminate\\Foundation\\Http\\Middleware\\TransformsRequest->handle()
#42 /home/jaycee/Projects/Email-Marketing/vendor/laravel/framework/src/Illuminate/Pipeline/Pipeline.php(219): Illuminate\\Foundation\\Http\\Middleware\\ConvertEmptyStringsToNull->handle()
#43 /home/jaycee/Projects/Email-Marketing/vendor/laravel/framework/src/Illuminate/Foundation/Http/Middleware/TransformsRequest.php(21): Illuminate\\Pipeline\\Pipeline->Illuminate\\Pipeline\\{closure}()
#44 /home/jaycee/Projects/Email-Marketing/vendor/laravel/framework/src/Illuminate/Foundation/Http/Middleware/TrimStrings.php(51): Illuminate\\Foundation\\Http\\Middleware\\TransformsRequest->handle()
#45 /home/jaycee/Projects/Email-Marketing/vendor/laravel/framework/src/Illuminate/Pipeline/Pipeline.php(219): Illuminate\\Foundation\\Http\\Middleware\\TrimStrings->handle()
#46 /home/jaycee/Projects/Email-Marketing/vendor/laravel/framework/src/Illuminate/Http/Middleware/ValidatePostSize.php(27): Illuminate\\Pipeline\\Pipeline->Illuminate\\Pipeline\\{closure}()
#47 /home/jaycee/Projects/Email-Marketing/vendor/laravel/framework/src/Illuminate/Pipeline/Pipeline.php(219): Illuminate\\Http\\Middleware\\ValidatePostSize->handle()
#48 /home/jaycee/Projects/Email-Marketing/vendor/laravel/framework/src/Illuminate/Foundation/Http/Middleware/PreventRequestsDuringMaintenance.php(109): Illuminate\\Pipeline\\Pipeline->Illuminate\\Pipeline\\{closure}()
#49 /home/jaycee/Projects/Email-Marketing/vendor/laravel/framework/src/Illuminate/Pipeline/Pipeline.php(219): Illuminate\\Foundation\\Http\\Middleware\\PreventRequestsDuringMaintenance->handle()
#50 /home/jaycee/Projects/Email-Marketing/vendor/laravel/framework/src/Illuminate/Http/Middleware/HandleCors.php(48): Illuminate\\Pipeline\\Pipeline->Illuminate\\Pipeline\\{closure}()
#51 /home/jaycee/Projects/Email-Marketing/vendor/laravel/framework/src/Illuminate/Pipeline/Pipeline.php(219): Illuminate\\Http\\Middleware\\HandleCors->handle()
#52 /home/jaycee/Projects/Email-Marketing/vendor/laravel/framework/src/Illuminate/Http/Middleware/TrustProxies.php(58): Illuminate\\Pipeline\\Pipeline->Illuminate\\Pipeline\\{closure}()
#53 /home/jaycee/Projects/Email-Marketing/vendor/laravel/framework/src/Illuminate/Pipeline/Pipeline.php(219): Illuminate\\Http\\Middleware\\TrustProxies->handle()
#54 /home/jaycee/Projects/Email-Marketing/vendor/laravel/framework/src/Illuminate/Foundation/Http/Middleware/InvokeDeferredCallbacks.php(22): Illuminate\\Pipeline\\Pipeline->Illuminate\\Pipeline\\{closure}()
#55 /home/jaycee/Projects/Email-Marketing/vendor/laravel/framework/src/Illuminate/Pipeline/Pipeline.php(219): Illuminate\\Foundation\\Http\\Middleware\\InvokeDeferredCallbacks->handle()
#56 /home/jaycee/Projects/Email-Marketing/vendor/laravel/framework/src/Illuminate/Http/Middleware/ValidatePathEncoding.php(26): Illuminate\\Pipeline\\Pipeline->Illuminate\\Pipeline\\{closure}()
#57 /home/jaycee/Projects/Email-Marketing/vendor/laravel/framework/src/Illuminate/Pipeline/Pipeline.php(219): Illuminate\\Http\\Middleware\\ValidatePathEncoding->handle()
#58 /home/jaycee/Projects/Email-Marketing/vendor/laravel/framework/src/Illuminate/Pipeline/Pipeline.php(137): Illuminate\\Pipeline\\Pipeline->Illuminate\\Pipeline\\{closure}()
#59 /home/jaycee/Projects/Email-Marketing/vendor/laravel/framework/src/Illuminate/Foundation/Http/Kernel.php(175): Illuminate\\Pipeline\\Pipeline->then()
#60 /home/jaycee/Projects/Email-Marketing/vendor/laravel/framework/src/Illuminate/Foundation/Http/Kernel.php(144): Illuminate\\Foundation\\Http\\Kernel->sendRequestThroughRouter()
#61 /home/jaycee/Projects/Email-Marketing/vendor/laravel/framework/src/Illuminate/Foundation/Application.php(1220): Illuminate\\Foundation\\Http\\Kernel->handle()
#62 /home/jaycee/Projects/Email-Marketing/public/index.php(20): Illuminate\\Foundation\\Application->handleRequest()
#63 /home/jaycee/Projects/Email-Marketing/vendor/laravel/framework/src/Illuminate/Foundation/resources/server.php(23): require_once('...')
#64 {main}

[previous exception] [object] (PDOException(code: 23000): SQLSTATE[23000]: Integrity constraint violation: 1048 Column 'source_id' cannot be null at /home/jaycee/Projects/Email-Marketing/vendor/laravel/framework/src/Illuminate/Database/MySqlConnection.php:53)
[stacktrace]
#0 /home/jaycee/Projects/Email-Marketing/vendor/laravel/framework/src/Illuminate/Database/MySqlConnection.php(53): PDOStatement->execute()
#1 /home/jaycee/Projects/Email-Marketing/vendor/laravel/framework/src/Illuminate/Database/Connection.php(811): Illuminate\\Database\\MySqlConnection->Illuminate\\Database\\{closure}()
#2 /home/jaycee/Projects/Email-Marketing/vendor/laravel/framework/src/Illuminate/Database/Connection.php(778): Illuminate\\Database\\Connection->runQueryCallback()
#3 /home/jaycee/Projects/Email-Marketing/vendor/laravel/framework/src/Illuminate/Database/MySqlConnection.php(42): Illuminate\\Database\\Connection->run()
#4 /home/jaycee/Projects/Email-Marketing/vendor/laravel/framework/src/Illuminate/Database/Query/Processors/MySqlProcessor.php(35): Illuminate\\Database\\MySqlConnection->insert()
#5 /home/jaycee/Projects/Email-Marketing/vendor/laravel/framework/src/Illuminate/Database/Query/Builder.php(3853): Illuminate\\Database\\Query\\Processors\\MySqlProcessor->processInsertGetId()
#6 /home/jaycee/Projects/Email-Marketing/vendor/laravel/framework/src/Illuminate/Database/Eloquent/Builder.php(2235): Illuminate\\Database\\Query\\Builder->insertGetId()
#7 /home/jaycee/Projects/Email-Marketing/vendor/laravel/framework/src/Illuminate/Database/Eloquent/Model.php(1436): Illuminate\\Database\\Eloquent\\Builder->__call()
#8 /home/jaycee/Projects/Email-Marketing/vendor/laravel/framework/src/Illuminate/Database/Eloquent/Model.php(1401): Illuminate\\Database\\Eloquent\\Model->insertAndSetId()
#9 /home/jaycee/Projects/Email-Marketing/vendor/laravel/framework/src/Illuminate/Database/Eloquent/Model.php(1240): Illuminate\\Database\\Eloquent\\Model->performInsert()
#10 /home/jaycee/Projects/Email-Marketing/vendor/laravel/framework/src/Illuminate/Database/Eloquent/Builder.php(1219): Illuminate\\Database\\Eloquent\\Model->save()
#11 /home/jaycee/Projects/Email-Marketing/vendor/laravel/framework/src/Illuminate/Support/helpers.php(390): Illuminate\\Database\\Eloquent\\Builder->Illuminate\\Database\\Eloquent\\{closure}()
#12 /home/jaycee/Projects/Email-Marketing/vendor/laravel/framework/src/Illuminate/Database/Eloquent/Builder.php(1218): tap()
#13 /home/jaycee/Projects/Email-Marketing/vendor/laravel/framework/src/Illuminate/Support/Traits/ForwardsCalls.php(23): Illuminate\\Database\\Eloquent\\Builder->create()
#14 /home/jaycee/Projects/Email-Marketing/vendor/laravel/framework/src/Illuminate/Database/Eloquent/Model.php(2540): Illuminate\\Database\\Eloquent\\Model->forwardCallTo()
#15 /home/jaycee/Projects/Email-Marketing/vendor/laravel/framework/src/Illuminate/Database/Eloquent/Model.php(2556): Illuminate\\Database\\Eloquent\\Model->__call()
#16 /home/jaycee/Projects/Email-Marketing/app/Http/Controllers/MailgunWebhookController.php(32): Illuminate\\Database\\Eloquent\\Model::__callStatic()
#17 /home/jaycee/Projects/Email-Marketing/vendor/laravel/framework/src/Illuminate/Routing/ControllerDispatcher.php(46): App\\Http\\Controllers\\MailgunWebhookController->inbound()
#18 /home/jaycee/Projects/Email-Marketing/vendor/laravel/framework/src/Illuminate/Routing/Route.php(265): Illuminate\\Routing\\ControllerDispatcher->dispatch()
#19 /home/jaycee/Projects/Email-Marketing/vendor/laravel/framework/src/Illuminate/Routing/Route.php(211): Illuminate\\Routing\\Route->runController()
#20 /home/jaycee/Projects/Email-Marketing/vendor/laravel/framework/src/Illuminate/Routing/Router.php(822): Illuminate\\Routing\\Route->run()
#21 /home/jaycee/Projects/Email-Marketing/vendor/laravel/framework/src/Illuminate/Pipeline/Pipeline.php(180): Illuminate\\Routing\\Router->Illuminate\\Routing\\{closure}()
#22 /home/jaycee/Projects/Email-Marketing/vendor/laravel/framework/src/Illuminate/Routing/Middleware/SubstituteBindings.php(50): Illuminate\\Pipeline\\Pipeline->Illuminate\\Pipeline\\{closure}()
#23 /home/jaycee/Projects/Email-Marketing/vendor/laravel/framework/src/Illuminate/Pipeline/Pipeline.php(219): Illuminate\\Routing\\Middleware\\SubstituteBindings->handle()
#24 /home/jaycee/Projects/Email-Marketing/vendor/laravel/framework/src/Illuminate/Foundation/Http/Middleware/VerifyCsrfToken.php(87): Illuminate\\Pipeline\\Pipeline->Illuminate\\Pipeline\\{closure}()
#25 /home/jaycee/Projects/Email-Marketing/vendor/laravel/framework/src/Illuminate/Pipeline/Pipeline.php(219): Illuminate\\Foundation\\Http\\Middleware\\VerifyCsrfToken->handle()
#26 /home/jaycee/Projects/Email-Marketing/vendor/laravel/framework/src/Illuminate/View/Middleware/ShareErrorsFromSession.php(48): Illuminate\\Pipeline\\Pipeline->Illuminate\\Pipeline\\{closure}()
#27 /home/jaycee/Projects/Email-Marketing/vendor/laravel/framework/src/Illuminate/Pipeline/Pipeline.php(219): Illuminate\\View\\Middleware\\ShareErrorsFromSession->handle()
#28 /home/jaycee/Projects/Email-Marketing/vendor/laravel/framework/src/Illuminate/Session/Middleware/StartSession.php(120): Illuminate\\Pipeline\\Pipeline->Illuminate\\Pipeline\\{closure}()
#29 /home/jaycee/Projects/Email-Marketing/vendor/laravel/framework/src/Illuminate/Session/Middleware/StartSession.php(63): Illuminate\\Session\\Middleware\\StartSession->handleStatefulRequest()
#30 /home/jaycee/Projects/Email-Marketing/vendor/laravel/framework/src/Illuminate/Pipeline/Pipeline.php(219): Illuminate\\Session\\Middleware\\StartSession->handle()
#31 /home/jaycee/Projects/Email-Marketing/vendor/laravel/framework/src/Illuminate/Cookie/Middleware/AddQueuedCookiesToResponse.php(36): Illuminate\\Pipeline\\Pipeline->Illuminate\\Pipeline\\{closure}()
#32 /home/jaycee/Projects/Email-Marketing/vendor/laravel/framework/src/Illuminate/Pipeline/Pipeline.php(219): Illuminate\\Cookie\\Middleware\\AddQueuedCookiesToResponse->handle()
#33 /home/jaycee/Projects/Email-Marketing/vendor/laravel/framework/src/Illuminate/Cookie/Middleware/EncryptCookies.php(74): Illuminate\\Pipeline\\Pipeline->Illuminate\\Pipeline\\{closure}()
#34 /home/jaycee/Projects/Email-Marketing/vendor/laravel/framework/src/Illuminate/Pipeline/Pipeline.php(219): Illuminate\\Cookie\\Middleware\\EncryptCookies->handle()
#35 /home/jaycee/Projects/Email-Marketing/vendor/laravel/framework/src/Illuminate/Pipeline/Pipeline.php(137): Illuminate\\Pipeline\\Pipeline->Illuminate\\Pipeline\\{closure}()
#36 /home/jaycee/Projects/Email-Marketing/vendor/laravel/framework/src/Illuminate/Routing/Router.php(821): Illuminate\\Pipeline\\Pipeline->then()
#37 /home/jaycee/Projects/Email-Marketing/vendor/laravel/framework/src/Illuminate/Routing/Router.php(800): Illuminate\\Routing\\Router->runRouteWithinStack()
#38 /home/jaycee/Projects/Email-Marketing/vendor/laravel/framework/src/Illuminate/Routing/Router.php(764): Illuminate\\Routing\\Router->runRoute()
#39 /home/jaycee/Projects/Email-Marketing/vendor/laravel/framework/src/Illuminate/Routing/Router.php(753): Illuminate\\Routing\\Router->dispatchToRoute()
#40 /home/jaycee/Projects/Email-Marketing/vendor/laravel/framework/src/Illuminate/Foundation/Http/Kernel.php(200): Illuminate\\Routing\\Router->dispatch()
#41 /home/jaycee/Projects/Email-Marketing/vendor/laravel/framework/src/Illuminate/Pipeline/Pipeline.php(180): Illuminate\\Foundation\\Http\\Kernel->Illuminate\\Foundation\\Http\\{closure}()
#42 /home/jaycee/Projects/Email-Marketing/vendor/laravel/framework/src/Illuminate/Foundation/Http/Middleware/TransformsRequest.php(21): Illuminate\\Pipeline\\Pipeline->Illuminate\\Pipeline\\{closure}()
#43 /home/jaycee/Projects/Email-Marketing/vendor/laravel/framework/src/Illuminate/Foundation/Http/Middleware/ConvertEmptyStringsToNull.php(31): Illuminate\\Foundation\\Http\\Middleware\\TransformsRequest->handle()
#44 /home/jaycee/Projects/Email-Marketing/vendor/laravel/framework/src/Illuminate/Pipeline/Pipeline.php(219): Illuminate\\Foundation\\Http\\Middleware\\ConvertEmptyStringsToNull->handle()
#45 /home/jaycee/Projects/Email-Marketing/vendor/laravel/framework/src/Illuminate/Foundation/Http/Middleware/TransformsRequest.php(21): Illuminate\\Pipeline\\Pipeline->Illuminate\\Pipeline\\{closure}()
#46 /home/jaycee/Projects/Email-Marketing/vendor/laravel/framework/src/Illuminate/Foundation/Http/Middleware/TrimStrings.php(51): Illuminate\\Foundation\\Http\\Middleware\\TransformsRequest->handle()
#47 /home/jaycee/Projects/Email-Marketing/vendor/laravel/framework/src/Illuminate/Pipeline/Pipeline.php(219): Illuminate\\Foundation\\Http\\Middleware\\TrimStrings->handle()
#48 /home/jaycee/Projects/Email-Marketing/vendor/laravel/framework/src/Illuminate/Http/Middleware/ValidatePostSize.php(27): Illuminate\\Pipeline\\Pipeline->Illuminate\\Pipeline\\{closure}()
#49 /home/jaycee/Projects/Email-Marketing/vendor/laravel/framework/src/Illuminate/Pipeline/Pipeline.php(219): Illuminate\\Http\\Middleware\\ValidatePostSize->handle()
#50 /home/jaycee/Projects/Email-Marketing/vendor/laravel/framework/src/Illuminate/Foundation/Http/Middleware/PreventRequestsDuringMaintenance.php(109): Illuminate\\Pipeline\\Pipeline->Illuminate\\Pipeline\\{closure}()
#51 /home/jaycee/Projects/Email-Marketing/vendor/laravel/framework/src/Illuminate/Pipeline/Pipeline.php(219): Illuminate\\Foundation\\Http\\Middleware\\PreventRequestsDuringMaintenance->handle()
#52 /home/jaycee/Projects/Email-Marketing/vendor/laravel/framework/src/Illuminate/Http/Middleware/HandleCors.php(48): Illuminate\\Pipeline\\Pipeline->Illuminate\\Pipeline\\{closure}()
#53 /home/jaycee/Projects/Email-Marketing/vendor/laravel/framework/src/Illuminate/Pipeline/Pipeline.php(219): Illuminate\\Http\\Middleware\\HandleCors->handle()
#54 /home/jaycee/Projects/Email-Marketing/vendor/laravel/framework/src/Illuminate/Http/Middleware/TrustProxies.php(58): Illuminate\\Pipeline\\Pipeline->Illuminate\\Pipeline\\{closure}()
#55 /home/jaycee/Projects/Email-Marketing/vendor/laravel/framework/src/Illuminate/Pipeline/Pipeline.php(219): Illuminate\\Http\\Middleware\\TrustProxies->handle()
#56 /home/jaycee/Projects/Email-Marketing/vendor/laravel/framework/src/Illuminate/Foundation/Http/Middleware/InvokeDeferredCallbacks.php(22): Illuminate\\Pipeline\\Pipeline->Illuminate\\Pipeline\\{closure}()
#57 /home/jaycee/Projects/Email-Marketing/vendor/laravel/framework/src/Illuminate/Pipeline/Pipeline.php(219): Illuminate\\Foundation\\Http\\Middleware\\InvokeDeferredCallbacks->handle()
#58 /home/jaycee/Projects/Email-Marketing/vendor/laravel/framework/src/Illuminate/Http/Middleware/ValidatePathEncoding.php(26): Illuminate\\Pipeline\\Pipeline->Illuminate\\Pipeline\\{closure}()
#59 /home/jaycee/Projects/Email-Marketing/vendor/laravel/framework/src/Illuminate/Pipeline/Pipeline.php(219): Illuminate\\Http\\Middleware\\ValidatePathEncoding->handle()
#60 /home/jaycee/Projects/Email-Marketing/vendor/laravel/framework/src/Illuminate/Pipeline/Pipeline.php(137): Illuminate\\Pipeline\\Pipeline->Illuminate\\Pipeline\\{closure}()
#61 /home/jaycee/Projects/Email-Marketing/vendor/laravel/framework/src/Illuminate/Foundation/Http/Kernel.php(175): Illuminate\\Pipeline\\Pipeline->then()
#62 /home/jaycee/Projects/Email-Marketing/vendor/laravel/framework/src/Illuminate/Foundation/Http/Kernel.php(144): Illuminate\\Foundation\\Http\\Kernel->sendRequestThroughRouter()
#63 /home/jaycee/Projects/Email-Marketing/vendor/laravel/framework/src/Illuminate/Foundation/Application.php(1220): Illuminate\\Foundation\\Http\\Kernel->handle()
#64 /home/jaycee/Projects/Email-Marketing/public/index.php(20): Illuminate\\Foundation\\Application->handleRequest()
#65 /home/jaycee/Projects/Email-Marketing/vendor/laravel/framework/src/Illuminate/Foundation/resources/server.php(23): require_once('...')
#66 {main}
"} 
[2026-06-25 15:22:52] local.ERROR: SQLSTATE[23000]: Integrity constraint violation: 1048 Column 'source_id' cannot be null (Connection: mysql, SQL: insert into `messages` (`source_id`, `sender_name`, `sender_email`, `subject`, `body`, `contact_id`, `source_type`, `updated_at`, `created_at`) values (?, Jane Doe, jane@example.com, Test, Hello world, ?, email_marketing, 2026-06-25 15:22:52, 2026-06-25 15:22:52)) {"exception":"[object] (Illuminate\\Database\\QueryException(code: 23000): SQLSTATE[23000]: Integrity constraint violation: 1048 Column 'source_id' cannot be null (Connection: mysql, SQL: insert into `messages` (`source_id`, `sender_name`, `sender_email`, `subject`, `body`, `contact_id`, `source_type`, `updated_at`, `created_at`) values (?, Jane Doe, jane@example.com, Test, Hello world, ?, email_marketing, 2026-06-25 15:22:52, 2026-06-25 15:22:52)) at /home/jaycee/Projects/Email-Marketing/vendor/laravel/framework/src/Illuminate/Database/Connection.php:824)
[stacktrace]
#0 /home/jaycee/Projects/Email-Marketing/vendor/laravel/framework/src/Illuminate/Database/Connection.php(778): Illuminate\\Database\\Connection->runQueryCallback()
#1 /home/jaycee/Projects/Email-Marketing/vendor/laravel/framework/src/Illuminate/Database/MySqlConnection.php(42): Illuminate\\Database\\Connection->run()
#2 /home/jaycee/Projects/Email-Marketing/vendor/laravel/framework/src/Illuminate/Database/Query/Processors/MySqlProcessor.php(35): Illuminate\\Database\\MySqlConnection->insert()
#3 /home/jaycee/Projects/Email-Marketing/vendor/laravel/framework/src/Illuminate/Database/Query/Builder.php(3853): Illuminate\\Database\\Query\\Processors\\MySqlProcessor->processInsertGetId()
#4 /home/jaycee/Projects/Email-Marketing/vendor/laravel/framework/src/Illuminate/Database/Eloquent/Builder.php(2235): Illuminate\\Database\\Query\\Builder->insertGetId()
#5 /home/jaycee/Projects/Email-Marketing/vendor/laravel/framework/src/Illuminate/Database/Eloquent/Model.php(1436): Illuminate\\Database\\Eloquent\\Builder->__call()
#6 /home/jaycee/Projects/Email-Marketing/vendor/laravel/framework/src/Illuminate/Database/Eloquent/Model.php(1401): Illuminate\\Database\\Eloquent\\Model->insertAndSetId()
#7 /home/jaycee/Projects/Email-Marketing/vendor/laravel/framework/src/Illuminate/Database/Eloquent/Model.php(1240): Illuminate\\Database\\Eloquent\\Model->performInsert()
#8 /home/jaycee/Projects/Email-Marketing/vendor/laravel/framework/src/Illuminate/Database/Eloquent/Builder.php(1219): Illuminate\\Database\\Eloquent\\Model->save()
#9 /home/jaycee/Projects/Email-Marketing/vendor/laravel/framework/src/Illuminate/Support/helpers.php(390): Illuminate\\Database\\Eloquent\\Builder->Illuminate\\Database\\Eloquent\\{closure}()
#10 /home/jaycee/Projects/Email-Marketing/vendor/laravel/framework/src/Illuminate/Database/Eloquent/Builder.php(1218): tap()
#11 /home/jaycee/Projects/Email-Marketing/vendor/laravel/framework/src/Illuminate/Support/Traits/ForwardsCalls.php(23): Illuminate\\Database\\Eloquent\\Builder->create()
#12 /home/jaycee/Projects/Email-Marketing/vendor/laravel/framework/src/Illuminate/Database/Eloquent/Model.php(2540): Illuminate\\Database\\Eloquent\\Model->forwardCallTo()
#13 /home/jaycee/Projects/Email-Marketing/vendor/laravel/framework/src/Illuminate/Database/Eloquent/Model.php(2556): Illuminate\\Database\\Eloquent\\Model->__call()
#14 /home/jaycee/Projects/Email-Marketing/app/Http/Controllers/MailgunWebhookController.php(32): Illuminate\\Database\\Eloquent\\Model::__callStatic()
#15 /home/jaycee/Projects/Email-Marketing/vendor/laravel/framework/src/Illuminate/Routing/ControllerDispatcher.php(46): App\\Http\\Controllers\\MailgunWebhookController->inbound()
#16 /home/jaycee/Projects/Email-Marketing/vendor/laravel/framework/src/Illuminate/Routing/Route.php(265): Illuminate\\Routing\\ControllerDispatcher->dispatch()
#17 /home/jaycee/Projects/Email-Marketing/vendor/laravel/framework/src/Illuminate/Routing/Route.php(211): Illuminate\\Routing\\Route->runController()
#18 /home/jaycee/Projects/Email-Marketing/vendor/laravel/framework/src/Illuminate/Routing/Router.php(822): Illuminate\\Routing\\Route->run()
#19 /home/jaycee/Projects/Email-Marketing/vendor/laravel/framework/src/Illuminate/Pipeline/Pipeline.php(180): Illuminate\\Routing\\Router->Illuminate\\Routing\\{closure}()
#20 /home/jaycee/Projects/Email-Marketing/vendor/laravel/framework/src/Illuminate/Routing/Middleware/SubstituteBindings.php(50): Illuminate\\Pipeline\\Pipeline->Illuminate\\Pipeline\\{closure}()
#21 /home/jaycee/Projects/Email-Marketing/vendor/laravel/framework/src/Illuminate/Pipeline/Pipeline.php(219): Illuminate\\Routing\\Middleware\\SubstituteBindings->handle()
#22 /home/jaycee/Projects/Email-Marketing/vendor/laravel/framework/src/Illuminate/Foundation/Http/Middleware/VerifyCsrfToken.php(87): Illuminate\\Pipeline\\Pipeline->Illuminate\\Pipeline\\{closure}()
#23 /home/jaycee/Projects/Email-Marketing/vendor/laravel/framework/src/Illuminate/Pipeline/Pipeline.php(219): Illuminate\\Foundation\\Http\\Middleware\\VerifyCsrfToken->handle()
#24 /home/jaycee/Projects/Email-Marketing/vendor/laravel/framework/src/Illuminate/View/Middleware/ShareErrorsFromSession.php(48): Illuminate\\Pipeline\\Pipeline->Illuminate\\Pipeline\\{closure}()
#25 /home/jaycee/Projects/Email-Marketing/vendor/laravel/framework/src/Illuminate/Pipeline/Pipeline.php(219): Illuminate\\View\\Middleware\\ShareErrorsFromSession->handle()
#26 /home/jaycee/Projects/Email-Marketing/vendor/laravel/framework/src/Illuminate/Session/Middleware/StartSession.php(120): Illuminate\\Pipeline\\Pipeline->Illuminate\\Pipeline\\{closure}()
#27 /home/jaycee/Projects/Email-Marketing/vendor/laravel/framework/src/Illuminate/Session/Middleware/StartSession.php(63): Illuminate\\Session\\Middleware\\StartSession->handleStatefulRequest()
#28 /home/jaycee/Projects/Email-Marketing/vendor/laravel/framework/src/Illuminate/Pipeline/Pipeline.php(219): Illuminate\\Session\\Middleware\\StartSession->handle()
#29 /home/jaycee/Projects/Email-Marketing/vendor/laravel/framework/src/Illuminate/Cookie/Middleware/AddQueuedCookiesToResponse.php(36): Illuminate\\Pipeline\\Pipeline->Illuminate\\Pipeline\\{closure}()
#30 /home/jaycee/Projects/Email-Marketing/vendor/laravel/framework/src/Illuminate/Pipeline/Pipeline.php(219): Illuminate\\Cookie\\Middleware\\AddQueuedCookiesToResponse->handle()
#31 /home/jaycee/Projects/Email-Marketing/vendor/laravel/framework/src/Illuminate/Cookie/Middleware/EncryptCookies.php(74): Illuminate\\Pipeline\\Pipeline->Illuminate\\Pipeline\\{closure}()
#32 /home/jaycee/Projects/Email-Marketing/vendor/laravel/framework/src/Illuminate/Pipeline/Pipeline.php(219): Illuminate\\Cookie\\Middleware\\EncryptCookies->handle()
#33 /home/jaycee/Projects/Email-Marketing/vendor/laravel/framework/src/Illuminate/Pipeline/Pipeline.php(137): Illuminate\\Pipeline\\Pipeline->Illuminate\\Pipeline\\{closure}()
#34 /home/jaycee/Projects/Email-Marketing/vendor/laravel/framework/src/Illuminate/Routing/Router.php(821): Illuminate\\Pipeline\\Pipeline->then()
#35 /home/jaycee/Projects/Email-Marketing/vendor/laravel/framework/src/Illuminate/Routing/Router.php(800): Illuminate\\Routing\\Router->runRouteWithinStack()
#36 /home/jaycee/Projects/Email-Marketing/vendor/laravel/framework/src/Illuminate/Routing/Router.php(764): Illuminate\\Routing\\Router->runRoute()
#37 /home/jaycee/Projects/Email-Marketing/vendor/laravel/framework/src/Illuminate/Routing/Router.php(753): Illuminate\\Routing\\Router->dispatchToRoute()
#38 /home/jaycee/Projects/Email-Marketing/vendor/laravel/framework/src/Illuminate/Foundation/Http/Kernel.php(200): Illuminate\\Routing\\Router->dispatch()
#39 /home/jaycee/Projects/Email-Marketing/vendor/laravel/framework/src/Illuminate/Pipeline/Pipeline.php(180): Illuminate\\Foundation\\Http\\Kernel->Illuminate\\Foundation\\Http\\{closure}()
#40 /home/jaycee/Projects/Email-Marketing/vendor/laravel/framework/src/Illuminate/Foundation/Http/Middleware/TransformsRequest.php(21): Illuminate\\Pipeline\\Pipeline->Illuminate\\Pipeline\\{closure}()
#41 /home/jaycee/Projects/Email-Marketing/vendor/laravel/framework/src/Illuminate/Foundation/Http/Middleware/ConvertEmptyStringsToNull.php(31): Illuminate\\Foundation\\Http\\Middleware\\TransformsRequest->handle()
#42 /home/jaycee/Projects/Email-Marketing/vendor/laravel/framework/src/Illuminate/Pipeline/Pipeline.php(219): Illuminate\\Foundation\\Http\\Middleware\\ConvertEmptyStringsToNull->handle()
#43 /home/jaycee/Projects/Email-Marketing/vendor/laravel/framework/src/Illuminate/Foundation/Http/Middleware/TransformsRequest.php(21): Illuminate\\Pipeline\\Pipeline->Illuminate\\Pipeline\\{closure}()
#44 /home/jaycee/Projects/Email-Marketing/vendor/laravel/framework/src/Illuminate/Foundation/Http/Middleware/TrimStrings.php(51): Illuminate\\Foundation\\Http\\Middleware\\TransformsRequest->handle()
#45 /home/jaycee/Projects/Email-Marketing/vendor/laravel/framework/src/Illuminate/Pipeline/Pipeline.php(219): Illuminate\\Foundation\\Http\\Middleware\\TrimStrings->handle()
#46 /home/jaycee/Projects/Email-Marketing/vendor/laravel/framework/src/Illuminate/Http/Middleware/ValidatePostSize.php(27): Illuminate\\Pipeline\\Pipeline->Illuminate\\Pipeline\\{closure}()
#47 /home/jaycee/Projects/Email-Marketing/vendor/laravel/framework/src/Illuminate/Pipeline/Pipeline.php(219): Illuminate\\Http\\Middleware\\ValidatePostSize->handle()
#48 /home/jaycee/Projects/Email-Marketing/vendor/laravel/framework/src/Illuminate/Foundation/Http/Middleware/PreventRequestsDuringMaintenance.php(109): Illuminate\\Pipeline\\Pipeline->Illuminate\\Pipeline\\{closure}()
#49 /home/jaycee/Projects/Email-Marketing/vendor/laravel/framework/src/Illuminate/Pipeline/Pipeline.php(219): Illuminate\\Foundation\\Http\\Middleware\\PreventRequestsDuringMaintenance->handle()
#50 /home/jaycee/Projects/Email-Marketing/vendor/laravel/framework/src/Illuminate/Http/Middleware/HandleCors.php(48): Illuminate\\Pipeline\\Pipeline->Illuminate\\Pipeline\\{closure}()
#51 /home/jaycee/Projects/Email-Marketing/vendor/laravel/framework/src/Illuminate/Pipeline/Pipeline.php(219): Illuminate\\Http\\Middleware\\HandleCors->handle()
#52 /home/jaycee/Projects/Email-Marketing/vendor/laravel/framework/src/Illuminate/Http/Middleware/TrustProxies.php(58): Illuminate\\Pipeline\\Pipeline->Illuminate\\Pipeline\\{closure}()
#53 /home/jaycee/Projects/Email-Marketing/vendor/laravel/framework/src/Illuminate/Pipeline/Pipeline.php(219): Illuminate\\Http\\Middleware\\TrustProxies->handle()
#54 /home/jaycee/Projects/Email-Marketing/vendor/laravel/framework/src/Illuminate/Foundation/Http/Middleware/InvokeDeferredCallbacks.php(22): Illuminate\\Pipeline\\Pipeline->Illuminate\\Pipeline\\{closure}()
#55 /home/jaycee/Projects/Email-Marketing/vendor/laravel/framework/src/Illuminate/Pipeline/Pipeline.php(219): Illuminate\\Foundation\\Http\\Middleware\\InvokeDeferredCallbacks->handle()
#56 /home/jaycee/Projects/Email-Marketing/vendor/laravel/framework/src/Illuminate/Http/Middleware/ValidatePathEncoding.php(26): Illuminate\\Pipeline\\Pipeline->Illuminate\\Pipeline\\{closure}()
#57 /home/jaycee/Projects/Email-Marketing/vendor/laravel/framework/src/Illuminate/Pipeline/Pipeline.php(219): Illuminate\\Http\\Middleware\\ValidatePathEncoding->handle()
#58 /home/jaycee/Projects/Email-Marketing/vendor/laravel/framework/src/Illuminate/Pipeline/Pipeline.php(137): Illuminate\\Pipeline\\Pipeline->Illuminate\\Pipeline\\{closure}()
#59 /home/jaycee/Projects/Email-Marketing/vendor/laravel/framework/src/Illuminate/Foundation/Http/Kernel.php(175): Illuminate\\Pipeline\\Pipeline->then()
#60 /home/jaycee/Projects/Email-Marketing/vendor/laravel/framework/src/Illuminate/Foundation/Http/Kernel.php(144): Illuminate\\Foundation\\Http\\Kernel->sendRequestThroughRouter()
#61 /home/jaycee/Projects/Email-Marketing/vendor/laravel/framework/src/Illuminate/Foundation/Application.php(1220): Illuminate\\Foundation\\Http\\Kernel->handle()
#62 /home/jaycee/Projects/Email-Marketing/public/index.php(20): Illuminate\\Foundation\\Application->handleRequest()
#63 /home/jaycee/Projects/Email-Marketing/vendor/laravel/framework/src/Illuminate/Foundation/resources/server.php(23): require_once('...')
#64 {main}

[previous exception] [object] (PDOException(code: 23000): SQLSTATE[23000]: Integrity constraint violation: 1048 Column 'source_id' cannot be null at /home/jaycee/Projects/Email-Marketing/vendor/laravel/framework/src/Illuminate/Database/MySqlConnection.php:53)
[stacktrace]
#0 /home/jaycee/Projects/Email-Marketing/vendor/laravel/framework/src/Illuminate/Database/MySqlConnection.php(53): PDOStatement->execute()
#1 /home/jaycee/Projects/Email-Marketing/vendor/laravel/framework/src/Illuminate/Database/Connection.php(811): Illuminate\\Database\\MySqlConnection->Illuminate\\Database\\{closure}()
#2 /home/jaycee/Projects/Email-Marketing/vendor/laravel/framework/src/Illuminate/Database/Connection.php(778): Illuminate\\Database\\Connection->runQueryCallback()
#3 /home/jaycee/Projects/Email-Marketing/vendor/laravel/framework/src/Illuminate/Database/MySqlConnection.php(42): Illuminate\\Database\\Connection->run()
#4 /home/jaycee/Projects/Email-Marketing/vendor/laravel/framework/src/Illuminate/Database/Query/Processors/MySqlProcessor.php(35): Illuminate\\Database\\MySqlConnection->insert()
#5 /home/jaycee/Projects/Email-Marketing/vendor/laravel/framework/src/Illuminate/Database/Query/Builder.php(3853): Illuminate\\Database\\Query\\Processors\\MySqlProcessor->processInsertGetId()
#6 /home/jaycee/Projects/Email-Marketing/vendor/laravel/framework/src/Illuminate/Database/Eloquent/Builder.php(2235): Illuminate\\Database\\Query\\Builder->insertGetId()
#7 /home/jaycee/Projects/Email-Marketing/vendor/laravel/framework/src/Illuminate/Database/Eloquent/Model.php(1436): Illuminate\\Database\\Eloquent\\Builder->__call()
#8 /home/jaycee/Projects/Email-Marketing/vendor/laravel/framework/src/Illuminate/Database/Eloquent/Model.php(1401): Illuminate\\Database\\Eloquent\\Model->insertAndSetId()
#9 /home/jaycee/Projects/Email-Marketing/vendor/laravel/framework/src/Illuminate/Database/Eloquent/Model.php(1240): Illuminate\\Database\\Eloquent\\Model->performInsert()
#10 /home/jaycee/Projects/Email-Marketing/vendor/laravel/framework/src/Illuminate/Database/Eloquent/Builder.php(1219): Illuminate\\Database\\Eloquent\\Model->save()
#11 /home/jaycee/Projects/Email-Marketing/vendor/laravel/framework/src/Illuminate/Support/helpers.php(390): Illuminate\\Database\\Eloquent\\Builder->Illuminate\\Database\\Eloquent\\{closure}()
#12 /home/jaycee/Projects/Email-Marketing/vendor/laravel/framework/src/Illuminate/Database/Eloquent/Builder.php(1218): tap()
#13 /home/jaycee/Projects/Email-Marketing/vendor/laravel/framework/src/Illuminate/Support/Traits/ForwardsCalls.php(23): Illuminate\\Database\\Eloquent\\Builder->create()
#14 /home/jaycee/Projects/Email-Marketing/vendor/laravel/framework/src/Illuminate/Database/Eloquent/Model.php(2540): Illuminate\\Database\\Eloquent\\Model->forwardCallTo()
#15 /home/jaycee/Projects/Email-Marketing/vendor/laravel/framework/src/Illuminate/Database/Eloquent/Model.php(2556): Illuminate\\Database\\Eloquent\\Model->__call()
#16 /home/jaycee/Projects/Email-Marketing/app/Http/Controllers/MailgunWebhookController.php(32): Illuminate\\Database\\Eloquent\\Model::__callStatic()
#17 /home/jaycee/Projects/Email-Marketing/vendor/laravel/framework/src/Illuminate/Routing/ControllerDispatcher.php(46): App\\Http\\Controllers\\MailgunWebhookController->inbound()
#18 /home/jaycee/Projects/Email-Marketing/vendor/laravel/framework/src/Illuminate/Routing/Route.php(265): Illuminate\\Routing\\ControllerDispatcher->dispatch()
#19 /home/jaycee/Projects/Email-Marketing/vendor/laravel/framework/src/Illuminate/Routing/Route.php(211): Illuminate\\Routing\\Route->runController()
#20 /home/jaycee/Projects/Email-Marketing/vendor/laravel/framework/src/Illuminate/Routing/Router.php(822): Illuminate\\Routing\\Route->run()
#21 /home/jaycee/Projects/Email-Marketing/vendor/laravel/framework/src/Illuminate/Pipeline/Pipeline.php(180): Illuminate\\Routing\\Router->Illuminate\\Routing\\{closure}()
#22 /home/jaycee/Projects/Email-Marketing/vendor/laravel/framework/src/Illuminate/Routing/Middleware/SubstituteBindings.php(50): Illuminate\\Pipeline\\Pipeline->Illuminate\\Pipeline\\{closure}()
#23 /home/jaycee/Projects/Email-Marketing/vendor/laravel/framework/src/Illuminate/Pipeline/Pipeline.php(219): Illuminate\\Routing\\Middleware\\SubstituteBindings->handle()
#24 /home/jaycee/Projects/Email-Marketing/vendor/laravel/framework/src/Illuminate/Foundation/Http/Middleware/VerifyCsrfToken.php(87): Illuminate\\Pipeline\\Pipeline->Illuminate\\Pipeline\\{closure}()
#25 /home/jaycee/Projects/Email-Marketing/vendor/laravel/framework/src/Illuminate/Pipeline/Pipeline.php(219): Illuminate\\Foundation\\Http\\Middleware\\VerifyCsrfToken->handle()
#26 /home/jaycee/Projects/Email-Marketing/vendor/laravel/framework/src/Illuminate/View/Middleware/ShareErrorsFromSession.php(48): Illuminate\\Pipeline\\Pipeline->Illuminate\\Pipeline\\{closure}()
#27 /home/jaycee/Projects/Email-Marketing/vendor/laravel/framework/src/Illuminate/Pipeline/Pipeline.php(219): Illuminate\\View\\Middleware\\ShareErrorsFromSession->handle()
#28 /home/jaycee/Projects/Email-Marketing/vendor/laravel/framework/src/Illuminate/Session/Middleware/StartSession.php(120): Illuminate\\Pipeline\\Pipeline->Illuminate\\Pipeline\\{closure}()
#29 /home/jaycee/Projects/Email-Marketing/vendor/laravel/framework/src/Illuminate/Session/Middleware/StartSession.php(63): Illuminate\\Session\\Middleware\\StartSession->handleStatefulRequest()
#30 /home/jaycee/Projects/Email-Marketing/vendor/laravel/framework/src/Illuminate/Pipeline/Pipeline.php(219): Illuminate\\Session\\Middleware\\StartSession->handle()
#31 /home/jaycee/Projects/Email-Marketing/vendor/laravel/framework/src/Illuminate/Cookie/Middleware/AddQueuedCookiesToResponse.php(36): Illuminate\\Pipeline\\Pipeline->Illuminate\\Pipeline\\{closure}()
#32 /home/jaycee/Projects/Email-Marketing/vendor/laravel/framework/src/Illuminate/Pipeline/Pipeline.php(219): Illuminate\\Cookie\\Middleware\\AddQueuedCookiesToResponse->handle()
#33 /home/jaycee/Projects/Email-Marketing/vendor/laravel/framework/src/Illuminate/Cookie/Middleware/EncryptCookies.php(74): Illuminate\\Pipeline\\Pipeline->Illuminate\\Pipeline\\{closure}()
#34 /home/jaycee/Projects/Email-Marketing/vendor/laravel/framework/src/Illuminate/Pipeline/Pipeline.php(219): Illuminate\\Cookie\\Middleware\\EncryptCookies->handle()
#35 /home/jaycee/Projects/Email-Marketing/vendor/laravel/framework/src/Illuminate/Pipeline/Pipeline.php(137): Illuminate\\Pipeline\\Pipeline->Illuminate\\Pipeline\\{closure}()
#36 /home/jaycee/Projects/Email-Marketing/vendor/laravel/framework/src/Illuminate/Routing/Router.php(821): Illuminate\\Pipeline\\Pipeline->then()
#37 /home/jaycee/Projects/Email-Marketing/vendor/laravel/framework/src/Illuminate/Routing/Router.php(800): Illuminate\\Routing\\Router->runRouteWithinStack()
#38 /home/jaycee/Projects/Email-Marketing/vendor/laravel/framework/src/Illuminate/Routing/Router.php(764): Illuminate\\Routing\\Router->runRoute()
#39 /home/jaycee/Projects/Email-Marketing/vendor/laravel/framework/src/Illuminate/Routing/Router.php(753): Illuminate\\Routing\\Router->dispatchToRoute()
#40 /home/jaycee/Projects/Email-Marketing/vendor/laravel/framework/src/Illuminate/Foundation/Http/Kernel.php(200): Illuminate\\Routing\\Router->dispatch()
#41 /home/jaycee/Projects/Email-Marketing/vendor/laravel/framework/src/Illuminate/Pipeline/Pipeline.php(180): Illuminate\\Foundation\\Http\\Kernel->Illuminate\\Foundation\\Http\\{closure}()
#42 /home/jaycee/Projects/Email-Marketing/vendor/laravel/framework/src/Illuminate/Foundation/Http/Middleware/TransformsRequest.php(21): Illuminate\\Pipeline\\Pipeline->Illuminate\\Pipeline\\{closure}()
#43 /home/jaycee/Projects/Email-Marketing/vendor/laravel/framework/src/Illuminate/Foundation/Http/Middleware/ConvertEmptyStringsToNull.php(31): Illuminate\\Foundation\\Http\\Middleware\\TransformsRequest->handle()
#44 /home/jaycee/Projects/Email-Marketing/vendor/laravel/framework/src/Illuminate/Pipeline/Pipeline.php(219): Illuminate\\Foundation\\Http\\Middleware\\ConvertEmptyStringsToNull->handle()
#45 /home/jaycee/Projects/Email-Marketing/vendor/laravel/framework/src/Illuminate/Foundation/Http/Middleware/TransformsRequest.php(21): Illuminate\\Pipeline\\Pipeline->Illuminate\\Pipeline\\{closure}()
#46 /home/jaycee/Projects/Email-Marketing/vendor/laravel/framework/src/Illuminate/Foundation/Http/Middleware/TrimStrings.php(51): Illuminate\\Foundation\\Http\\Middleware\\TransformsRequest->handle()
#47 /home/jaycee/Projects/Email-Marketing/vendor/laravel/framework/src/Illuminate/Pipeline/Pipeline.php(219): Illuminate\\Foundation\\Http\\Middleware\\TrimStrings->handle()
#48 /home/jaycee/Projects/Email-Marketing/vendor/laravel/framework/src/Illuminate/Http/Middleware/ValidatePostSize.php(27): Illuminate\\Pipeline\\Pipeline->Illuminate\\Pipeline\\{closure}()
#49 /home/jaycee/Projects/Email-Marketing/vendor/laravel/framework/src/Illuminate/Pipeline/Pipeline.php(219): Illuminate\\Http\\Middleware\\ValidatePostSize->handle()
#50 /home/jaycee/Projects/Email-Marketing/vendor/laravel/framework/src/Illuminate/Foundation/Http/Middleware/PreventRequestsDuringMaintenance.php(109): Illuminate\\Pipeline\\Pipeline->Illuminate\\Pipeline\\{closure}()
#51 /home/jaycee/Projects/Email-Marketing/vendor/laravel/framework/src/Illuminate/Pipeline/Pipeline.php(219): Illuminate\\Foundation\\Http\\Middleware\\PreventRequestsDuringMaintenance->handle()
#52 /home/jaycee/Projects/Email-Marketing/vendor/laravel/framework/src/Illuminate/Http/Middleware/HandleCors.php(48): Illuminate\\Pipeline\\Pipeline->Illuminate\\Pipeline\\{closure}()
#53 /home/jaycee/Projects/Email-Marketing/vendor/laravel/framework/src/Illuminate/Pipeline/Pipeline.php(219): Illuminate\\Http\\Middleware\\HandleCors->handle()
#54 /home/jaycee/Projects/Email-Marketing/vendor/laravel/framework/src/Illuminate/Http/Middleware/TrustProxies.php(58): Illuminate\\Pipeline\\Pipeline->Illuminate\\Pipeline\\{closure}()
#55 /home/jaycee/Projects/Email-Marketing/vendor/laravel/framework/src/Illuminate/Pipeline/Pipeline.php(219): Illuminate\\Http\\Middleware\\TrustProxies->handle()
#56 /home/jaycee/Projects/Email-Marketing/vendor/laravel/framework/src/Illuminate/Foundation/Http/Middleware/InvokeDeferredCallbacks.php(22): Illuminate\\Pipeline\\Pipeline->Illuminate\\Pipeline\\{closure}()
#57 /home/jaycee/Projects/Email-Marketing/vendor/laravel/framework/src/Illuminate/Pipeline/Pipeline.php(219): Illuminate\\Foundation\\Http\\Middleware\\InvokeDeferredCallbacks->handle()
#58 /home/jaycee/Projects/Email-Marketing/vendor/laravel/framework/src/Illuminate/Http/Middleware/ValidatePathEncoding.php(26): Illuminate\\Pipeline\\Pipeline->Illuminate\\Pipeline\\{closure}()
#59 /home/jaycee/Projects/Email-Marketing/vendor/laravel/framework/src/Illuminate/Pipeline/Pipeline.php(219): Illuminate\\Http\\Middleware\\ValidatePathEncoding->handle()
#60 /home/jaycee/Projects/Email-Marketing/vendor/laravel/framework/src/Illuminate/Pipeline/Pipeline.php(137): Illuminate\\Pipeline\\Pipeline->Illuminate\\Pipeline\\{closure}()
#61 /home/jaycee/Projects/Email-Marketing/vendor/laravel/framework/src/Illuminate/Foundation/Http/Kernel.php(175): Illuminate\\Pipeline\\Pipeline->then()
#62 /home/jaycee/Projects/Email-Marketing/vendor/laravel/framework/src/Illuminate/Foundation/Http/Kernel.php(144): Illuminate\\Foundation\\Http\\Kernel->sendRequestThroughRouter()
#63 /home/jaycee/Projects/Email-Marketing/vendor/laravel/framework/src/Illuminate/Foundation/Application.php(1220): Illuminate\\Foundation\\Http\\Kernel->handle()
#64 /home/jaycee/Projects/Email-Marketing/public/index.php(20): Illuminate\\Foundation\\Application->handleRequest()
#65 /home/jaycee/Projects/Email-Marketing/vendor/laravel/framework/src/Illuminate/Foundation/resources/server.php(23): require_once('...')
#66 {main}
"} 
[2026-06-25 15:24:03] local.ERROR: SQLSTATE[HY000]: General error: 1826 Duplicate foreign key constraint name 'messages_source_id_foreign' (Connection: mysql, SQL: ALTER TABLE `messages` ADD CONSTRAINT `messages_source_id_foreign` FOREIGN KEY (`source_id`) REFERENCES `sources`(`id`) ON DELETE CASCADE) {"exception":"[object] (Illuminate\\Database\\QueryException(code: HY000): SQLSTATE[HY000]: General error: 1826 Duplicate foreign key constraint name 'messages_source_id_foreign' (Connection: mysql, SQL: ALTER TABLE `messages` ADD CONSTRAINT `messages_source_id_foreign` FOREIGN KEY (`source_id`) REFERENCES `sources`(`id`) ON DELETE CASCADE) at /home/jaycee/Projects/Email-Marketing/vendor/laravel/framework/src/Illuminate/Database/Connection.php:824)
[stacktrace]
#0 /home/jaycee/Projects/Email-Marketing/vendor/laravel/framework/src/Illuminate/Database/Connection.php(778): Illuminate\\Database\\Connection->runQueryCallback()
#1 /home/jaycee/Projects/Email-Marketing/vendor/laravel/framework/src/Illuminate/Database/Connection.php(559): Illuminate\\Database\\Connection->run()
#2 /home/jaycee/Projects/Email-Marketing/vendor/laravel/framework/src/Illuminate/Database/DatabaseManager.php(489): Illuminate\\Database\\Connection->statement()
#3 /home/jaycee/Projects/Email-Marketing/vendor/laravel/framework/src/Illuminate/Support/Facades/Facade.php(363): Illuminate\\Database\\DatabaseManager->__call()
#4 /home/jaycee/Projects/Email-Marketing/database/migrations/2026_06_25_062338_add_inbound_fields_to_messages_table.php(35): Illuminate\\Support\\Facades\\Facade::__callStatic()
#5 /home/jaycee/Projects/Email-Marketing/vendor/laravel/framework/src/Illuminate/Database/Migrations/Migrator.php(514): Illuminate\\Database\\Migrations\\Migration@anonymous->down()
#6 /home/jaycee/Projects/Email-Marketing/vendor/laravel/framework/src/Illuminate/Database/Migrations/Migrator.php(439): Illuminate\\Database\\Migrations\\Migrator->runMethod()
#7 /home/jaycee/Projects/Email-Marketing/vendor/laravel/framework/src/Illuminate/Database/Migrations/Migrator.php(448): Illuminate\\Database\\Migrations\\Migrator->Illuminate\\Database\\Migrations\\{closure}()
#8 /home/jaycee/Projects/Email-Marketing/vendor/laravel/framework/src/Illuminate/Database/Migrations/Migrator.php(414): Illuminate\\Database\\Migrations\\Migrator->runMigration()
#9 /home/jaycee/Projects/Email-Marketing/vendor/laravel/framework/src/Illuminate/Console/View/Components/Task.php(41): Illuminate\\Database\\Migrations\\Migrator->Illuminate\\Database\\Migrations\\{closure}()
#10 /home/jaycee/Projects/Email-Marketing/vendor/laravel/framework/src/Illuminate/Database/Migrations/Migrator.php(809): Illuminate\\Console\\View\\Components\\Task->render()
#11 /home/jaycee/Projects/Email-Marketing/vendor/laravel/framework/src/Illuminate/Database/Migrations/Migrator.php(414): Illuminate\\Database\\Migrations\\Migrator->write()
#12 /home/jaycee/Projects/Email-Marketing/vendor/laravel/framework/src/Illuminate/Database/Migrations/Migrator.php(337): Illuminate\\Database\\Migrations\\Migrator->runDown()
#13 /home/jaycee/Projects/Email-Marketing/vendor/laravel/framework/src/Illuminate/Database/Migrations/Migrator.php(281): Illuminate\\Database\\Migrations\\Migrator->rollbackMigrations()
#14 /home/jaycee/Projects/Email-Marketing/vendor/laravel/framework/src/Illuminate/Database/Console/Migrations/RollbackCommand.php(63): Illuminate\\Database\\Migrations\\Migrator->rollback()
#15 /home/jaycee/Projects/Email-Marketing/vendor/laravel/framework/src/Illuminate/Database/Migrations/Migrator.php(666): Illuminate\\Database\\Console\\Migrations\\RollbackCommand->Illuminate\\Database\\Console\\Migrations\\{closure}()
#16 /home/jaycee/Projects/Email-Marketing/vendor/laravel/framework/src/Illuminate/Database/Console/Migrations/RollbackCommand.php(62): Illuminate\\Database\\Migrations\\Migrator->usingConnection()
#17 /home/jaycee/Projects/Email-Marketing/vendor/laravel/framework/src/Illuminate/Container/BoundMethod.php(36): Illuminate\\Database\\Console\\Migrations\\RollbackCommand->handle()
#18 /home/jaycee/Projects/Email-Marketing/vendor/laravel/framework/src/Illuminate/Container/Util.php(43): Illuminate\\Container\\BoundMethod::Illuminate\\Container\\{closure}()
#19 /home/jaycee/Projects/Email-Marketing/vendor/laravel/framework/src/Illuminate/Container/BoundMethod.php(96): Illuminate\\Container\\Util::unwrapIfClosure()
#20 /home/jaycee/Projects/Email-Marketing/vendor/laravel/framework/src/Illuminate/Container/BoundMethod.php(35): Illuminate\\Container\\BoundMethod::callBoundMethod()
#21 /home/jaycee/Projects/Email-Marketing/vendor/laravel/framework/src/Illuminate/Container/Container.php(836): Illuminate\\Container\\BoundMethod::call()
#22 /home/jaycee/Projects/Email-Marketing/vendor/laravel/framework/src/Illuminate/Console/Command.php(211): Illuminate\\Container\\Container->call()
#23 /home/jaycee/Projects/Email-Marketing/vendor/symfony/console/Command/Command.php(318): Illuminate\\Console\\Command->execute()
#24 /home/jaycee/Projects/Email-Marketing/vendor/laravel/framework/src/Illuminate/Console/Command.php(180): Symfony\\Component\\Console\\Command\\Command->run()
#25 /home/jaycee/Projects/Email-Marketing/vendor/symfony/console/Application.php(1110): Illuminate\\Console\\Command->run()
#26 /home/jaycee/Projects/Email-Marketing/vendor/symfony/console/Application.php(359): Symfony\\Component\\Console\\Application->doRunCommand()
#27 /home/jaycee/Projects/Email-Marketing/vendor/symfony/console/Application.php(194): Symfony\\Component\\Console\\Application->doRun()
#28 /home/jaycee/Projects/Email-Marketing/vendor/laravel/framework/src/Illuminate/Foundation/Console/Kernel.php(197): Symfony\\Component\\Console\\Application->run()
#29 /home/jaycee/Projects/Email-Marketing/vendor/laravel/framework/src/Illuminate/Foundation/Application.php(1235): Illuminate\\Foundation\\Console\\Kernel->handle()
#30 /home/jaycee/Projects/Email-Marketing/artisan(16): Illuminate\\Foundation\\Application->handleCommand()
#31 {main}

[previous exception] [object] (PDOException(code: HY000): SQLSTATE[HY000]: General error: 1826 Duplicate foreign key constraint name 'messages_source_id_foreign' at /home/jaycee/Projects/Email-Marketing/vendor/laravel/framework/src/Illuminate/Database/Connection.php:570)
[stacktrace]
#0 /home/jaycee/Projects/Email-Marketing/vendor/laravel/framework/src/Illuminate/Database/Connection.php(570): PDOStatement->execute()
#1 /home/jaycee/Projects/Email-Marketing/vendor/laravel/framework/src/Illuminate/Database/Connection.php(811): Illuminate\\Database\\Connection->Illuminate\\Database\\{closure}()
#2 /home/jaycee/Projects/Email-Marketing/vendor/laravel/framework/src/Illuminate/Database/Connection.php(778): Illuminate\\Database\\Connection->runQueryCallback()
#3 /home/jaycee/Projects/Email-Marketing/vendor/laravel/framework/src/Illuminate/Database/Connection.php(559): Illuminate\\Database\\Connection->run()
#4 /home/jaycee/Projects/Email-Marketing/vendor/laravel/framework/src/Illuminate/Database/DatabaseManager.php(489): Illuminate\\Database\\Connection->statement()
#5 /home/jaycee/Projects/Email-Marketing/vendor/laravel/framework/src/Illuminate/Support/Facades/Facade.php(363): Illuminate\\Database\\DatabaseManager->__call()
#6 /home/jaycee/Projects/Email-Marketing/database/migrations/2026_06_25_062338_add_inbound_fields_to_messages_table.php(35): Illuminate\\Support\\Facades\\Facade::__callStatic()
#7 /home/jaycee/Projects/Email-Marketing/vendor/laravel/framework/src/Illuminate/Database/Migrations/Migrator.php(514): Illuminate\\Database\\Migrations\\Migration@anonymous->down()
#8 /home/jaycee/Projects/Email-Marketing/vendor/laravel/framework/src/Illuminate/Database/Migrations/Migrator.php(439): Illuminate\\Database\\Migrations\\Migrator->runMethod()
#9 /home/jaycee/Projects/Email-Marketing/vendor/laravel/framework/src/Illuminate/Database/Migrations/Migrator.php(448): Illuminate\\Database\\Migrations\\Migrator->Illuminate\\Database\\Migrations\\{closure}()
#10 /home/jaycee/Projects/Email-Marketing/vendor/laravel/framework/src/Illuminate/Database/Migrations/Migrator.php(414): Illuminate\\Database\\Migrations\\Migrator->runMigration()
#11 /home/jaycee/Projects/Email-Marketing/vendor/laravel/framework/src/Illuminate/Console/View/Components/Task.php(41): Illuminate\\Database\\Migrations\\Migrator->Illuminate\\Database\\Migrations\\{closure}()
#12 /home/jaycee/Projects/Email-Marketing/vendor/laravel/framework/src/Illuminate/Database/Migrations/Migrator.php(809): Illuminate\\Console\\View\\Components\\Task->render()
#13 /home/jaycee/Projects/Email-Marketing/vendor/laravel/framework/src/Illuminate/Database/Migrations/Migrator.php(414): Illuminate\\Database\\Migrations\\Migrator->write()
#14 /home/jaycee/Projects/Email-Marketing/vendor/laravel/framework/src/Illuminate/Database/Migrations/Migrator.php(337): Illuminate\\Database\\Migrations\\Migrator->runDown()
#15 /home/jaycee/Projects/Email-Marketing/vendor/laravel/framework/src/Illuminate/Database/Migrations/Migrator.php(281): Illuminate\\Database\\Migrations\\Migrator->rollbackMigrations()
#16 /home/jaycee/Projects/Email-Marketing/vendor/laravel/framework/src/Illuminate/Database/Console/Migrations/RollbackCommand.php(63): Illuminate\\Database\\Migrations\\Migrator->rollback()
#17 /home/jaycee/Projects/Email-Marketing/vendor/laravel/framework/src/Illuminate/Database/Migrations/Migrator.php(666): Illuminate\\Database\\Console\\Migrations\\RollbackCommand->Illuminate\\Database\\Console\\Migrations\\{closure}()
#18 /home/jaycee/Projects/Email-Marketing/vendor/laravel/framework/src/Illuminate/Database/Console/Migrations/RollbackCommand.php(62): Illuminate\\Database\\Migrations\\Migrator->usingConnection()
#19 /home/jaycee/Projects/Email-Marketing/vendor/laravel/framework/src/Illuminate/Container/BoundMethod.php(36): Illuminate\\Database\\Console\\Migrations\\RollbackCommand->handle()
#20 /home/jaycee/Projects/Email-Marketing/vendor/laravel/framework/src/Illuminate/Container/Util.php(43): Illuminate\\Container\\BoundMethod::Illuminate\\Container\\{closure}()
#21 /home/jaycee/Projects/Email-Marketing/vendor/laravel/framework/src/Illuminate/Container/BoundMethod.php(96): Illuminate\\Container\\Util::unwrapIfClosure()
#22 /home/jaycee/Projects/Email-Marketing/vendor/laravel/framework/src/Illuminate/Container/BoundMethod.php(35): Illuminate\\Container\\BoundMethod::callBoundMethod()
#23 /home/jaycee/Projects/Email-Marketing/vendor/laravel/framework/src/Illuminate/Container/Container.php(836): Illuminate\\Container\\BoundMethod::call()
#24 /home/jaycee/Projects/Email-Marketing/vendor/laravel/framework/src/Illuminate/Console/Command.php(211): Illuminate\\Container\\Container->call()
#25 /home/jaycee/Projects/Email-Marketing/vendor/symfony/console/Command/Command.php(318): Illuminate\\Console\\Command->execute()
#26 /home/jaycee/Projects/Email-Marketing/vendor/laravel/framework/src/Illuminate/Console/Command.php(180): Symfony\\Component\\Console\\Command\\Command->run()
#27 /home/jaycee/Projects/Email-Marketing/vendor/symfony/console/Application.php(1110): Illuminate\\Console\\Command->run()
#28 /home/jaycee/Projects/Email-Marketing/vendor/symfony/console/Application.php(359): Symfony\\Component\\Console\\Application->doRunCommand()
#29 /home/jaycee/Projects/Email-Marketing/vendor/symfony/console/Application.php(194): Symfony\\Component\\Console\\Application->doRun()
#30 /home/jaycee/Projects/Email-Marketing/vendor/laravel/framework/src/Illuminate/Foundation/Console/Kernel.php(197): Symfony\\Component\\Console\\Application->run()
#31 /home/jaycee/Projects/Email-Marketing/vendor/laravel/framework/src/Illuminate/Foundation/Application.php(1235): Illuminate\\Foundation\\Console\\Kernel->handle()
#32 /home/jaycee/Projects/Email-Marketing/artisan(16): Illuminate\\Foundation\\Application->handleCommand()
#33 {main}
"} 
[2026-06-25 15:24:28] local.ERROR: SQLSTATE[42000]: Syntax error or access violation: 1091 Can't DROP 'messages_contact_id_foreign'; check that column/key exists (Connection: mysql, SQL: alter table `messages` drop foreign key `messages_contact_id_foreign`) {"exception":"[object] (Illuminate\\Database\\QueryException(code: 42000): SQLSTATE[42000]: Syntax error or access violation: 1091 Can't DROP 'messages_contact_id_foreign'; check that column/key exists (Connection: mysql, SQL: alter table `messages` drop foreign key `messages_contact_id_foreign`) at /home/jaycee/Projects/Email-Marketing/vendor/laravel/framework/src/Illuminate/Database/Connection.php:824)
[stacktrace]
#0 /home/jaycee/Projects/Email-Marketing/vendor/laravel/framework/src/Illuminate/Database/Connection.php(778): Illuminate\\Database\\Connection->runQueryCallback()
#1 /home/jaycee/Projects/Email-Marketing/vendor/laravel/framework/src/Illuminate/Database/Connection.php(559): Illuminate\\Database\\Connection->run()
#2 /home/jaycee/Projects/Email-Marketing/vendor/laravel/framework/src/Illuminate/Database/Schema/Blueprint.php(121): Illuminate\\Database\\Connection->statement()
#3 /home/jaycee/Projects/Email-Marketing/vendor/laravel/framework/src/Illuminate/Database/Schema/Builder.php(618): Illuminate\\Database\\Schema\\Blueprint->build()
#4 /home/jaycee/Projects/Email-Marketing/vendor/laravel/framework/src/Illuminate/Database/Schema/Builder.php(460): Illuminate\\Database\\Schema\\Builder->build()
#5 /home/jaycee/Projects/Email-Marketing/vendor/laravel/framework/src/Illuminate/Support/Facades/Facade.php(363): Illuminate\\Database\\Schema\\Builder->table()
#6 /home/jaycee/Projects/Email-Marketing/database/migrations/2026_06_25_062338_add_inbound_fields_to_messages_table.php(29): Illuminate\\Support\\Facades\\Facade::__callStatic()
#7 /home/jaycee/Projects/Email-Marketing/vendor/laravel/framework/src/Illuminate/Database/Migrations/Migrator.php(514): Illuminate\\Database\\Migrations\\Migration@anonymous->down()
#8 /home/jaycee/Projects/Email-Marketing/vendor/laravel/framework/src/Illuminate/Database/Migrations/Migrator.php(439): Illuminate\\Database\\Migrations\\Migrator->runMethod()
#9 /home/jaycee/Projects/Email-Marketing/vendor/laravel/framework/src/Illuminate/Database/Migrations/Migrator.php(448): Illuminate\\Database\\Migrations\\Migrator->Illuminate\\Database\\Migrations\\{closure}()
#10 /home/jaycee/Projects/Email-Marketing/vendor/laravel/framework/src/Illuminate/Database/Migrations/Migrator.php(414): Illuminate\\Database\\Migrations\\Migrator->runMigration()
#11 /home/jaycee/Projects/Email-Marketing/vendor/laravel/framework/src/Illuminate/Console/View/Components/Task.php(41): Illuminate\\Database\\Migrations\\Migrator->Illuminate\\Database\\Migrations\\{closure}()
#12 /home/jaycee/Projects/Email-Marketing/vendor/laravel/framework/src/Illuminate/Database/Migrations/Migrator.php(809): Illuminate\\Console\\View\\Components\\Task->render()
#13 /home/jaycee/Projects/Email-Marketing/vendor/laravel/framework/src/Illuminate/Database/Migrations/Migrator.php(414): Illuminate\\Database\\Migrations\\Migrator->write()
#14 /home/jaycee/Projects/Email-Marketing/vendor/laravel/framework/src/Illuminate/Database/Migrations/Migrator.php(337): Illuminate\\Database\\Migrations\\Migrator->runDown()
#15 /home/jaycee/Projects/Email-Marketing/vendor/laravel/framework/src/Illuminate/Database/Migrations/Migrator.php(281): Illuminate\\Database\\Migrations\\Migrator->rollbackMigrations()
#16 /home/jaycee/Projects/Email-Marketing/vendor/laravel/framework/src/Illuminate/Database/Console/Migrations/RollbackCommand.php(63): Illuminate\\Database\\Migrations\\Migrator->rollback()
#17 /home/jaycee/Projects/Email-Marketing/vendor/laravel/framework/src/Illuminate/Database/Migrations/Migrator.php(666): Illuminate\\Database\\Console\\Migrations\\RollbackCommand->Illuminate\\Database\\Console\\Migrations\\{closure}()
#18 /home/jaycee/Projects/Email-Marketing/vendor/laravel/framework/src/Illuminate/Database/Console/Migrations/RollbackCommand.php(62): Illuminate\\Database\\Migrations\\Migrator->usingConnection()
#19 /home/jaycee/Projects/Email-Marketing/vendor/laravel/framework/src/Illuminate/Container/BoundMethod.php(36): Illuminate\\Database\\Console\\Migrations\\RollbackCommand->handle()
#20 /home/jaycee/Projects/Email-Marketing/vendor/laravel/framework/src/Illuminate/Container/Util.php(43): Illuminate\\Container\\BoundMethod::Illuminate\\Container\\{closure}()
#21 /home/jaycee/Projects/Email-Marketing/vendor/laravel/framework/src/Illuminate/Container/BoundMethod.php(96): Illuminate\\Container\\Util::unwrapIfClosure()
#22 /home/jaycee/Projects/Email-Marketing/vendor/laravel/framework/src/Illuminate/Container/BoundMethod.php(35): Illuminate\\Container\\BoundMethod::callBoundMethod()
#23 /home/jaycee/Projects/Email-Marketing/vendor/laravel/framework/src/Illuminate/Container/Container.php(836): Illuminate\\Container\\BoundMethod::call()
#24 /home/jaycee/Projects/Email-Marketing/vendor/laravel/framework/src/Illuminate/Console/Command.php(211): Illuminate\\Container\\Container->call()
#25 /home/jaycee/Projects/Email-Marketing/vendor/symfony/console/Command/Command.php(318): Illuminate\\Console\\Command->execute()
#26 /home/jaycee/Projects/Email-Marketing/vendor/laravel/framework/src/Illuminate/Console/Command.php(180): Symfony\\Component\\Console\\Command\\Command->run()
#27 /home/jaycee/Projects/Email-Marketing/vendor/symfony/console/Application.php(1110): Illuminate\\Console\\Command->run()
#28 /home/jaycee/Projects/Email-Marketing/vendor/symfony/console/Application.php(359): Symfony\\Component\\Console\\Application->doRunCommand()
#29 /home/jaycee/Projects/Email-Marketing/vendor/symfony/console/Application.php(194): Symfony\\Component\\Console\\Application->doRun()
#30 /home/jaycee/Projects/Email-Marketing/vendor/laravel/framework/src/Illuminate/Foundation/Console/Kernel.php(197): Symfony\\Component\\Console\\Application->run()
#31 /home/jaycee/Projects/Email-Marketing/vendor/laravel/framework/src/Illuminate/Foundation/Application.php(1235): Illuminate\\Foundation\\Console\\Kernel->handle()
#32 /home/jaycee/Projects/Email-Marketing/artisan(16): Illuminate\\Foundation\\Application->handleCommand()
#33 {main}

[previous exception] [object] (PDOException(code: 42000): SQLSTATE[42000]: Syntax error or access violation: 1091 Can't DROP 'messages_contact_id_foreign'; check that column/key exists at /home/jaycee/Projects/Email-Marketing/vendor/laravel/framework/src/Illuminate/Database/Connection.php:570)
[stacktrace]
#0 /home/jaycee/Projects/Email-Marketing/vendor/laravel/framework/src/Illuminate/Database/Connection.php(570): PDOStatement->execute()
#1 /home/jaycee/Projects/Email-Marketing/vendor/laravel/framework/src/Illuminate/Database/Connection.php(811): Illuminate\\Database\\Connection->Illuminate\\Database\\{closure}()
#2 /home/jaycee/Projects/Email-Marketing/vendor/laravel/framework/src/Illuminate/Database/Connection.php(778): Illuminate\\Database\\Connection->runQueryCallback()
#3 /home/jaycee/Projects/Email-Marketing/vendor/laravel/framework/src/Illuminate/Database/Connection.php(559): Illuminate\\Database\\Connection->run()
#4 /home/jaycee/Projects/Email-Marketing/vendor/laravel/framework/src/Illuminate/Database/Schema/Blueprint.php(121): Illuminate\\Database\\Connection->statement()
#5 /home/jaycee/Projects/Email-Marketing/vendor/laravel/framework/src/Illuminate/Database/Schema/Builder.php(618): Illuminate\\Database\\Schema\\Blueprint->build()
#6 /home/jaycee/Projects/Email-Marketing/vendor/laravel/framework/src/Illuminate/Database/Schema/Builder.php(460): Illuminate\\Database\\Schema\\Builder->build()
#7 /home/jaycee/Projects/Email-Marketing/vendor/laravel/framework/src/Illuminate/Support/Facades/Facade.php(363): Illuminate\\Database\\Schema\\Builder->table()
#8 /home/jaycee/Projects/Email-Marketing/database/migrations/2026_06_25_062338_add_inbound_fields_to_messages_table.php(29): Illuminate\\Support\\Facades\\Facade::__callStatic()
#9 /home/jaycee/Projects/Email-Marketing/vendor/laravel/framework/src/Illuminate/Database/Migrations/Migrator.php(514): Illuminate\\Database\\Migrations\\Migration@anonymous->down()
#10 /home/jaycee/Projects/Email-Marketing/vendor/laravel/framework/src/Illuminate/Database/Migrations/Migrator.php(439): Illuminate\\Database\\Migrations\\Migrator->runMethod()
#11 /home/jaycee/Projects/Email-Marketing/vendor/laravel/framework/src/Illuminate/Database/Migrations/Migrator.php(448): Illuminate\\Database\\Migrations\\Migrator->Illuminate\\Database\\Migrations\\{closure}()
#12 /home/jaycee/Projects/Email-Marketing/vendor/laravel/framework/src/Illuminate/Database/Migrations/Migrator.php(414): Illuminate\\Database\\Migrations\\Migrator->runMigration()
#13 /home/jaycee/Projects/Email-Marketing/vendor/laravel/framework/src/Illuminate/Console/View/Components/Task.php(41): Illuminate\\Database\\Migrations\\Migrator->Illuminate\\Database\\Migrations\\{closure}()
#14 /home/jaycee/Projects/Email-Marketing/vendor/laravel/framework/src/Illuminate/Database/Migrations/Migrator.php(809): Illuminate\\Console\\View\\Components\\Task->render()
#15 /home/jaycee/Projects/Email-Marketing/vendor/laravel/framework/src/Illuminate/Database/Migrations/Migrator.php(414): Illuminate\\Database\\Migrations\\Migrator->write()
#16 /home/jaycee/Projects/Email-Marketing/vendor/laravel/framework/src/Illuminate/Database/Migrations/Migrator.php(337): Illuminate\\Database\\Migrations\\Migrator->runDown()
#17 /home/jaycee/Projects/Email-Marketing/vendor/laravel/framework/src/Illuminate/Database/Migrations/Migrator.php(281): Illuminate\\Database\\Migrations\\Migrator->rollbackMigrations()
#18 /home/jaycee/Projects/Email-Marketing/vendor/laravel/framework/src/Illuminate/Database/Console/Migrations/RollbackCommand.php(63): Illuminate\\Database\\Migrations\\Migrator->rollback()
#19 /home/jaycee/Projects/Email-Marketing/vendor/laravel/framework/src/Illuminate/Database/Migrations/Migrator.php(666): Illuminate\\Database\\Console\\Migrations\\RollbackCommand->Illuminate\\Database\\Console\\Migrations\\{closure}()
#20 /home/jaycee/Projects/Email-Marketing/vendor/laravel/framework/src/Illuminate/Database/Console/Migrations/RollbackCommand.php(62): Illuminate\\Database\\Migrations\\Migrator->usingConnection()
#21 /home/jaycee/Projects/Email-Marketing/vendor/laravel/framework/src/Illuminate/Container/BoundMethod.php(36): Illuminate\\Database\\Console\\Migrations\\RollbackCommand->handle()
#22 /home/jaycee/Projects/Email-Marketing/vendor/laravel/framework/src/Illuminate/Container/Util.php(43): Illuminate\\Container\\BoundMethod::Illuminate\\Container\\{closure}()
#23 /home/jaycee/Projects/Email-Marketing/vendor/laravel/framework/src/Illuminate/Container/BoundMethod.php(96): Illuminate\\Container\\Util::unwrapIfClosure()
#24 /home/jaycee/Projects/Email-Marketing/vendor/laravel/framework/src/Illuminate/Container/BoundMethod.php(35): Illuminate\\Container\\BoundMethod::callBoundMethod()
#25 /home/jaycee/Projects/Email-Marketing/vendor/laravel/framework/src/Illuminate/Container/Container.php(836): Illuminate\\Container\\BoundMethod::call()
#26 /home/jaycee/Projects/Email-Marketing/vendor/laravel/framework/src/Illuminate/Console/Command.php(211): Illuminate\\Container\\Container->call()
#27 /home/jaycee/Projects/Email-Marketing/vendor/symfony/console/Command/Command.php(318): Illuminate\\Console\\Command->execute()
#28 /home/jaycee/Projects/Email-Marketing/vendor/laravel/framework/src/Illuminate/Console/Command.php(180): Symfony\\Component\\Console\\Command\\Command->run()
#29 /home/jaycee/Projects/Email-Marketing/vendor/symfony/console/Application.php(1110): Illuminate\\Console\\Command->run()
#30 /home/jaycee/Projects/Email-Marketing/vendor/symfony/console/Application.php(359): Symfony\\Component\\Console\\Application->doRunCommand()
#31 /home/jaycee/Projects/Email-Marketing/vendor/symfony/console/Application.php(194): Symfony\\Component\\Console\\Application->doRun()
#32 /home/jaycee/Projects/Email-Marketing/vendor/laravel/framework/src/Illuminate/Foundation/Console/Kernel.php(197): Symfony\\Component\\Console\\Application->run()
#33 /home/jaycee/Projects/Email-Marketing/vendor/laravel/framework/src/Illuminate/Foundation/Application.php(1235): Illuminate\\Foundation\\Console\\Kernel->handle()
#34 /home/jaycee/Projects/Email-Marketing/artisan(16): Illuminate\\Foundation\\Application->handleCommand()
#35 {main}
"} 
[2026-06-25 15:24:33] local.ERROR: Command "db:statement" is not defined.

Did you mean one of these?
    db
    db:monitor
    db:seed
    db:show
    db:table
    db:wipe {"exception":"[object] (Symfony\\Component\\Console\\Exception\\CommandNotFoundException(code: 0): Command \"db:statement\" is not defined.

Did you mean one of these?
    db
    db:monitor
    db:seed
    db:show
    db:table
    db:wipe at /home/jaycee/Projects/Email-Marketing/vendor/symfony/console/Application.php:743)
[stacktrace]
#0 /home/jaycee/Projects/Email-Marketing/vendor/symfony/console/Application.php(301): Symfony\\Component\\Console\\Application->find()
#1 /home/jaycee/Projects/Email-Marketing/vendor/symfony/console/Application.php(194): Symfony\\Component\\Console\\Application->doRun()
#2 /home/jaycee/Projects/Email-Marketing/vendor/laravel/framework/src/Illuminate/Foundation/Console/Kernel.php(197): Symfony\\Component\\Console\\Application->run()
#3 /home/jaycee/Projects/Email-Marketing/vendor/laravel/framework/src/Illuminate/Foundation/Application.php(1235): Illuminate\\Foundation\\Console\\Kernel->handle()
#4 /home/jaycee/Projects/Email-Marketing/artisan(16): Illuminate\\Foundation\\Application->handleCommand()
#5 {main}
"} 
[2026-06-26 15:14:44] local.ERROR: SQLSTATE[08006] [7] could not translate host name "db" to address: Temporary failure in name resolution (Connection: pgsql, SQL: select exists (select 1 from pg_class c, pg_namespace n where n.nspname = current_schema() and c.relname = 'migrations' and c.relkind in ('r', 'p') and n.oid = c.relnamespace)) {"exception":"[object] (Illuminate\\Database\\QueryException(code: 7): SQLSTATE[08006] [7] could not translate host name \"db\" to address: Temporary failure in name resolution (Connection: pgsql, SQL: select exists (select 1 from pg_class c, pg_namespace n where n.nspname = current_schema() and c.relname = 'migrations' and c.relkind in ('r', 'p') and n.oid = c.relnamespace)) at /var/www/html/vendor/laravel/framework/src/Illuminate/Database/Connection.php:824)
[stacktrace]
#0 /var/www/html/vendor/laravel/framework/src/Illuminate/Database/Connection.php(978): Illuminate\\Database\\Connection->runQueryCallback('select exists (...', Array, Object(Closure))
#1 /var/www/html/vendor/laravel/framework/src/Illuminate/Database/Connection.php(957): Illuminate\\Database\\Connection->tryAgainIfCausedByLostConnection(Object(Illuminate\\Database\\QueryException), 'select exists (...', Array, Object(Closure))
#2 /var/www/html/vendor/laravel/framework/src/Illuminate/Database/Connection.php(780): Illuminate\\Database\\Connection->handleQueryException(Object(Illuminate\\Database\\QueryException), 'select exists (...', Array, Object(Closure))
#3 /var/www/html/vendor/laravel/framework/src/Illuminate/Database/Connection.php(397): Illuminate\\Database\\Connection->run('select exists (...', Array, Object(Closure))
#4 /var/www/html/vendor/laravel/framework/src/Illuminate/Database/Connection.php(343): Illuminate\\Database\\Connection->select('select exists (...', Array, true)
#5 /var/www/html/vendor/laravel/framework/src/Illuminate/Database/Connection.php(360): Illuminate\\Database\\Connection->selectOne('select exists (...', Array, true)
#6 /var/www/html/vendor/laravel/framework/src/Illuminate/Database/Schema/Builder.php(174): Illuminate\\Database\\Connection->scalar('select exists (...')
#7 /var/www/html/vendor/laravel/framework/src/Illuminate/Database/Migrations/DatabaseMigrationRepository.php(185): Illuminate\\Database\\Schema\\Builder->hasTable('migrations')
#8 /var/www/html/vendor/laravel/framework/src/Illuminate/Database/Migrations/Migrator.php(753): Illuminate\\Database\\Migrations\\DatabaseMigrationRepository->repositoryExists()
#9 /var/www/html/vendor/laravel/framework/src/Illuminate/Database/Console/Migrations/MigrateCommand.php(164): Illuminate\\Database\\Migrations\\Migrator->repositoryExists()
#10 /var/www/html/vendor/laravel/framework/src/Illuminate/Support/helpers.php(329): Illuminate\\Database\\Console\\Migrations\\MigrateCommand->Illuminate\\Database\\Console\\Migrations\\{closure}(1)
#11 /var/www/html/vendor/laravel/framework/src/Illuminate/Database/Console/Migrations/MigrateCommand.php(164): retry(1, Object(Closure), 0, Object(Closure))
#12 /var/www/html/vendor/laravel/framework/src/Illuminate/Database/Console/Migrations/MigrateCommand.php(140): Illuminate\\Database\\Console\\Migrations\\MigrateCommand->repositoryExists()
#13 /var/www/html/vendor/laravel/framework/src/Illuminate/Database/Console/Migrations/MigrateCommand.php(110): Illuminate\\Database\\Console\\Migrations\\MigrateCommand->prepareDatabase()
#14 /var/www/html/vendor/laravel/framework/src/Illuminate/Database/Migrations/Migrator.php(666): Illuminate\\Database\\Console\\Migrations\\MigrateCommand->Illuminate\\Database\\Console\\Migrations\\{closure}()
#15 /var/www/html/vendor/laravel/framework/src/Illuminate/Database/Console/Migrations/MigrateCommand.php(109): Illuminate\\Database\\Migrations\\Migrator->usingConnection(NULL, Object(Closure))
#16 /var/www/html/vendor/laravel/framework/src/Illuminate/Database/Console/Migrations/MigrateCommand.php(88): Illuminate\\Database\\Console\\Migrations\\MigrateCommand->runMigrations()
#17 /var/www/html/vendor/laravel/framework/src/Illuminate/Container/BoundMethod.php(36): Illuminate\\Database\\Console\\Migrations\\MigrateCommand->handle()
#18 /var/www/html/vendor/laravel/framework/src/Illuminate/Container/Util.php(43): Illuminate\\Container\\BoundMethod::Illuminate\\Container\\{closure}()
#19 /var/www/html/vendor/laravel/framework/src/Illuminate/Container/BoundMethod.php(96): Illuminate\\Container\\Util::unwrapIfClosure(Object(Closure))
#20 /var/www/html/vendor/laravel/framework/src/Illuminate/Container/BoundMethod.php(35): Illuminate\\Container\\BoundMethod::callBoundMethod(Object(Illuminate\\Foundation\\Application), Array, Object(Closure))
#21 /var/www/html/vendor/laravel/framework/src/Illuminate/Container/Container.php(836): Illuminate\\Container\\BoundMethod::call(Object(Illuminate\\Foundation\\Application), Array, Array, NULL)
#22 /var/www/html/vendor/laravel/framework/src/Illuminate/Console/Command.php(211): Illuminate\\Container\\Container->call(Array)
#23 /var/www/html/vendor/symfony/console/Command/Command.php(318): Illuminate\\Console\\Command->execute(Object(Symfony\\Component\\Console\\Input\\ArgvInput), Object(Illuminate\\Console\\OutputStyle))
#24 /var/www/html/vendor/laravel/framework/src/Illuminate/Console/Command.php(180): Symfony\\Component\\Console\\Command\\Command->run(Object(Symfony\\Component\\Console\\Input\\ArgvInput), Object(Illuminate\\Console\\OutputStyle))
#25 /var/www/html/vendor/symfony/console/Application.php(1110): Illuminate\\Console\\Command->run(Object(Symfony\\Component\\Console\\Input\\ArgvInput), Object(Symfony\\Component\\Console\\Output\\ConsoleOutput))
#26 /var/www/html/vendor/symfony/console/Application.php(359): Symfony\\Component\\Console\\Application->doRunCommand(Object(Illuminate\\Database\\Console\\Migrations\\MigrateCommand), Object(Symfony\\Component\\Console\\Input\\ArgvInput), Object(Symfony\\Component\\Console\\Output\\ConsoleOutput))
#27 /var/www/html/vendor/symfony/console/Application.php(194): Symfony\\Component\\Console\\Application->doRun(Object(Symfony\\Component\\Console\\Input\\ArgvInput), Object(Symfony\\Component\\Console\\Output\\ConsoleOutput))
#28 /var/www/html/vendor/laravel/framework/src/Illuminate/Foundation/Console/Kernel.php(197): Symfony\\Component\\Console\\Application->run(Object(Symfony\\Component\\Console\\Input\\ArgvInput), Object(Symfony\\Component\\Console\\Output\\ConsoleOutput))
#29 /var/www/html/vendor/laravel/framework/src/Illuminate/Foundation/Application.php(1235): Illuminate\\Foundation\\Console\\Kernel->handle(Object(Symfony\\Component\\Console\\Input\\ArgvInput), Object(Symfony\\Component\\Console\\Output\\ConsoleOutput))
#30 /var/www/html/artisan(16): Illuminate\\Foundation\\Application->handleCommand(Object(Symfony\\Component\\Console\\Input\\ArgvInput))
#31 {main}

[previous exception] [object] (PDOException(code: 7): SQLSTATE[08006] [7] could not translate host name \"db\" to address: Temporary failure in name resolution at /var/www/html/vendor/laravel/framework/src/Illuminate/Database/Connectors/Connector.php:66)
[stacktrace]
#0 /var/www/html/vendor/laravel/framework/src/Illuminate/Database/Connectors/Connector.php(66): PDO->__construct('pgsql:host=db;d...', 'laravel', Object(SensitiveParameterValue), Array)
#1 /var/www/html/vendor/laravel/framework/src/Illuminate/Database/Connectors/Connector.php(85): Illuminate\\Database\\Connectors\\Connector->createPdoConnection('pgsql:host=db;d...', 'laravel', Object(SensitiveParameterValue), Array)
#2 /var/www/html/vendor/laravel/framework/src/Illuminate/Database/Connectors/Connector.php(48): Illuminate\\Database\\Connectors\\Connector->tryAgainIfCausedByLostConnection(Object(PDOException), 'pgsql:host=db;d...', 'laravel', Object(SensitiveParameterValue), Array)
#3 /var/www/html/vendor/laravel/framework/src/Illuminate/Database/Connectors/PostgresConnector.php(35): Illuminate\\Database\\Connectors\\Connector->createConnection('pgsql:host=db;d...', Array, Array)
#4 /var/www/html/vendor/laravel/framework/src/Illuminate/Database/Connectors/ConnectionFactory.php(184): Illuminate\\Database\\Connectors\\PostgresConnector->connect(Array)
#5 [internal function]: Illuminate\\Database\\Connectors\\ConnectionFactory->Illuminate\\Database\\Connectors\\{closure}()
#6 /var/www/html/vendor/laravel/framework/src/Illuminate/Database/Connection.php(1230): call_user_func(Object(Closure))
#7 /var/www/html/vendor/laravel/framework/src/Illuminate/Database/Connection.php(1266): Illuminate\\Database\\Connection->getPdo()
#8 /var/www/html/vendor/laravel/framework/src/Illuminate/Database/Connection.php(511): Illuminate\\Database\\Connection->getReadPdo()
#9 /var/www/html/vendor/laravel/framework/src/Illuminate/Database/Connection.php(406): Illuminate\\Database\\Connection->getPdoForSelect(true)
#10 /var/www/html/vendor/laravel/framework/src/Illuminate/Database/Connection.php(811): Illuminate\\Database\\Connection->Illuminate\\Database\\{closure}('select exists (...', Array)
#11 /var/www/html/vendor/laravel/framework/src/Illuminate/Database/Connection.php(978): Illuminate\\Database\\Connection->runQueryCallback('select exists (...', Array, Object(Closure))
#12 /var/www/html/vendor/laravel/framework/src/Illuminate/Database/Connection.php(957): Illuminate\\Database\\Connection->tryAgainIfCausedByLostConnection(Object(Illuminate\\Database\\QueryException), 'select exists (...', Array, Object(Closure))
#13 /var/www/html/vendor/laravel/framework/src/Illuminate/Database/Connection.php(780): Illuminate\\Database\\Connection->handleQueryException(Object(Illuminate\\Database\\QueryException), 'select exists (...', Array, Object(Closure))
#14 /var/www/html/vendor/laravel/framework/src/Illuminate/Database/Connection.php(397): Illuminate\\Database\\Connection->run('select exists (...', Array, Object(Closure))
#15 /var/www/html/vendor/laravel/framework/src/Illuminate/Database/Connection.php(343): Illuminate\\Database\\Connection->select('select exists (...', Array, true)
#16 /var/www/html/vendor/laravel/framework/src/Illuminate/Database/Connection.php(360): Illuminate\\Database\\Connection->selectOne('select exists (...', Array, true)
#17 /var/www/html/vendor/laravel/framework/src/Illuminate/Database/Schema/Builder.php(174): Illuminate\\Database\\Connection->scalar('select exists (...')
#18 /var/www/html/vendor/laravel/framework/src/Illuminate/Database/Migrations/DatabaseMigrationRepository.php(185): Illuminate\\Database\\Schema\\Builder->hasTable('migrations')
#19 /var/www/html/vendor/laravel/framework/src/Illuminate/Database/Migrations/Migrator.php(753): Illuminate\\Database\\Migrations\\DatabaseMigrationRepository->repositoryExists()
#20 /var/www/html/vendor/laravel/framework/src/Illuminate/Database/Console/Migrations/MigrateCommand.php(164): Illuminate\\Database\\Migrations\\Migrator->repositoryExists()
#21 /var/www/html/vendor/laravel/framework/src/Illuminate/Support/helpers.php(329): Illuminate\\Database\\Console\\Migrations\\MigrateCommand->Illuminate\\Database\\Console\\Migrations\\{closure}(1)
#22 /var/www/html/vendor/laravel/framework/src/Illuminate/Database/Console/Migrations/MigrateCommand.php(164): retry(1, Object(Closure), 0, Object(Closure))
#23 /var/www/html/vendor/laravel/framework/src/Illuminate/Database/Console/Migrations/MigrateCommand.php(140): Illuminate\\Database\\Console\\Migrations\\MigrateCommand->repositoryExists()
#24 /var/www/html/vendor/laravel/framework/src/Illuminate/Database/Console/Migrations/MigrateCommand.php(110): Illuminate\\Database\\Console\\Migrations\\MigrateCommand->prepareDatabase()
#25 /var/www/html/vendor/laravel/framework/src/Illuminate/Database/Migrations/Migrator.php(666): Illuminate\\Database\\Console\\Migrations\\MigrateCommand->Illuminate\\Database\\Console\\Migrations\\{closure}()
#26 /var/www/html/vendor/laravel/framework/src/Illuminate/Database/Console/Migrations/MigrateCommand.php(109): Illuminate\\Database\\Migrations\\Migrator->usingConnection(NULL, Object(Closure))
#27 /var/www/html/vendor/laravel/framework/src/Illuminate/Database/Console/Migrations/MigrateCommand.php(88): Illuminate\\Database\\Console\\Migrations\\MigrateCommand->runMigrations()
#28 /var/www/html/vendor/laravel/framework/src/Illuminate/Container/BoundMethod.php(36): Illuminate\\Database\\Console\\Migrations\\MigrateCommand->handle()
#29 /var/www/html/vendor/laravel/framework/src/Illuminate/Container/Util.php(43): Illuminate\\Container\\BoundMethod::Illuminate\\Container\\{closure}()
#30 /var/www/html/vendor/laravel/framework/src/Illuminate/Container/BoundMethod.php(96): Illuminate\\Container\\Util::unwrapIfClosure(Object(Closure))
#31 /var/www/html/vendor/laravel/framework/src/Illuminate/Container/BoundMethod.php(35): Illuminate\\Container\\BoundMethod::callBoundMethod(Object(Illuminate\\Foundation\\Application), Array, Object(Closure))
#32 /var/www/html/vendor/laravel/framework/src/Illuminate/Container/Container.php(836): Illuminate\\Container\\BoundMethod::call(Object(Illuminate\\Foundation\\Application), Array, Array, NULL)
#33 /var/www/html/vendor/laravel/framework/src/Illuminate/Console/Command.php(211): Illuminate\\Container\\Container->call(Array)
#34 /var/www/html/vendor/symfony/console/Command/Command.php(318): Illuminate\\Console\\Command->execute(Object(Symfony\\Component\\Console\\Input\\ArgvInput), Object(Illuminate\\Console\\OutputStyle))
#35 /var/www/html/vendor/laravel/framework/src/Illuminate/Console/Command.php(180): Symfony\\Component\\Console\\Command\\Command->run(Object(Symfony\\Component\\Console\\Input\\ArgvInput), Object(Illuminate\\Console\\OutputStyle))
#36 /var/www/html/vendor/symfony/console/Application.php(1110): Illuminate\\Console\\Command->run(Object(Symfony\\Component\\Console\\Input\\ArgvInput), Object(Symfony\\Component\\Console\\Output\\ConsoleOutput))
#37 /var/www/html/vendor/symfony/console/Application.php(359): Symfony\\Component\\Console\\Application->doRunCommand(Object(Illuminate\\Database\\Console\\Migrations\\MigrateCommand), Object(Symfony\\Component\\Console\\Input\\ArgvInput), Object(Symfony\\Component\\Console\\Output\\ConsoleOutput))
#38 /var/www/html/vendor/symfony/console/Application.php(194): Symfony\\Component\\Console\\Application->doRun(Object(Symfony\\Component\\Console\\Input\\ArgvInput), Object(Symfony\\Component\\Console\\Output\\ConsoleOutput))
#39 /var/www/html/vendor/laravel/framework/src/Illuminate/Foundation/Console/Kernel.php(197): Symfony\\Component\\Console\\Application->run(Object(Symfony\\Component\\Console\\Input\\ArgvInput), Object(Symfony\\Component\\Console\\Output\\ConsoleOutput))
#40 /var/www/html/vendor/laravel/framework/src/Illuminate/Foundation/Application.php(1235): Illuminate\\Foundation\\Console\\Kernel->handle(Object(Symfony\\Component\\Console\\Input\\ArgvInput), Object(Symfony\\Component\\Console\\Output\\ConsoleOutput))
#41 /var/www/html/artisan(16): Illuminate\\Foundation\\Application->handleCommand(Object(Symfony\\Component\\Console\\Input\\ArgvInput))
#42 {main}
"} 
[2026-06-26 15:15:03] local.ERROR: SQLSTATE[08006] [7] could not translate host name "db" to address: Temporary failure in name resolution (Connection: pgsql, SQL: select exists (select 1 from pg_class c, pg_namespace n where n.nspname = current_schema() and c.relname = 'migrations' and c.relkind in ('r', 'p') and n.oid = c.relnamespace)) {"exception":"[object] (Illuminate\\Database\\QueryException(code: 7): SQLSTATE[08006] [7] could not translate host name \"db\" to address: Temporary failure in name resolution (Connection: pgsql, SQL: select exists (select 1 from pg_class c, pg_namespace n where n.nspname = current_schema() and c.relname = 'migrations' and c.relkind in ('r', 'p') and n.oid = c.relnamespace)) at /var/www/html/vendor/laravel/framework/src/Illuminate/Database/Connection.php:824)
[stacktrace]
#0 /var/www/html/vendor/laravel/framework/src/Illuminate/Database/Connection.php(978): Illuminate\\Database\\Connection->runQueryCallback('select exists (...', Array, Object(Closure))
#1 /var/www/html/vendor/laravel/framework/src/Illuminate/Database/Connection.php(957): Illuminate\\Database\\Connection->tryAgainIfCausedByLostConnection(Object(Illuminate\\Database\\QueryException), 'select exists (...', Array, Object(Closure))
#2 /var/www/html/vendor/laravel/framework/src/Illuminate/Database/Connection.php(780): Illuminate\\Database\\Connection->handleQueryException(Object(Illuminate\\Database\\QueryException), 'select exists (...', Array, Object(Closure))
#3 /var/www/html/vendor/laravel/framework/src/Illuminate/Database/Connection.php(397): Illuminate\\Database\\Connection->run('select exists (...', Array, Object(Closure))
#4 /var/www/html/vendor/laravel/framework/src/Illuminate/Database/Connection.php(343): Illuminate\\Database\\Connection->select('select exists (...', Array, true)
#5 /var/www/html/vendor/laravel/framework/src/Illuminate/Database/Connection.php(360): Illuminate\\Database\\Connection->selectOne('select exists (...', Array, true)
#6 /var/www/html/vendor/laravel/framework/src/Illuminate/Database/Schema/Builder.php(174): Illuminate\\Database\\Connection->scalar('select exists (...')
#7 /var/www/html/vendor/laravel/framework/src/Illuminate/Database/Migrations/DatabaseMigrationRepository.php(185): Illuminate\\Database\\Schema\\Builder->hasTable('migrations')
#8 /var/www/html/vendor/laravel/framework/src/Illuminate/Database/Migrations/Migrator.php(753): Illuminate\\Database\\Migrations\\DatabaseMigrationRepository->repositoryExists()
#9 /var/www/html/vendor/laravel/framework/src/Illuminate/Database/Console/Migrations/MigrateCommand.php(164): Illuminate\\Database\\Migrations\\Migrator->repositoryExists()
#10 /var/www/html/vendor/laravel/framework/src/Illuminate/Support/helpers.php(329): Illuminate\\Database\\Console\\Migrations\\MigrateCommand->Illuminate\\Database\\Console\\Migrations\\{closure}(1)
#11 /var/www/html/vendor/laravel/framework/src/Illuminate/Database/Console/Migrations/MigrateCommand.php(164): retry(1, Object(Closure), 0, Object(Closure))
#12 /var/www/html/vendor/laravel/framework/src/Illuminate/Database/Console/Migrations/MigrateCommand.php(140): Illuminate\\Database\\Console\\Migrations\\MigrateCommand->repositoryExists()
#13 /var/www/html/vendor/laravel/framework/src/Illuminate/Database/Console/Migrations/MigrateCommand.php(110): Illuminate\\Database\\Console\\Migrations\\MigrateCommand->prepareDatabase()
#14 /var/www/html/vendor/laravel/framework/src/Illuminate/Database/Migrations/Migrator.php(666): Illuminate\\Database\\Console\\Migrations\\MigrateCommand->Illuminate\\Database\\Console\\Migrations\\{closure}()
#15 /var/www/html/vendor/laravel/framework/src/Illuminate/Database/Console/Migrations/MigrateCommand.php(109): Illuminate\\Database\\Migrations\\Migrator->usingConnection(NULL, Object(Closure))
#16 /var/www/html/vendor/laravel/framework/src/Illuminate/Database/Console/Migrations/MigrateCommand.php(88): Illuminate\\Database\\Console\\Migrations\\MigrateCommand->runMigrations()
#17 /var/www/html/vendor/laravel/framework/src/Illuminate/Container/BoundMethod.php(36): Illuminate\\Database\\Console\\Migrations\\MigrateCommand->handle()
#18 /var/www/html/vendor/laravel/framework/src/Illuminate/Container/Util.php(43): Illuminate\\Container\\BoundMethod::Illuminate\\Container\\{closure}()
#19 /var/www/html/vendor/laravel/framework/src/Illuminate/Container/BoundMethod.php(96): Illuminate\\Container\\Util::unwrapIfClosure(Object(Closure))
#20 /var/www/html/vendor/laravel/framework/src/Illuminate/Container/BoundMethod.php(35): Illuminate\\Container\\BoundMethod::callBoundMethod(Object(Illuminate\\Foundation\\Application), Array, Object(Closure))
#21 /var/www/html/vendor/laravel/framework/src/Illuminate/Container/Container.php(836): Illuminate\\Container\\BoundMethod::call(Object(Illuminate\\Foundation\\Application), Array, Array, NULL)
#22 /var/www/html/vendor/laravel/framework/src/Illuminate/Console/Command.php(211): Illuminate\\Container\\Container->call(Array)
#23 /var/www/html/vendor/symfony/console/Command/Command.php(318): Illuminate\\Console\\Command->execute(Object(Symfony\\Component\\Console\\Input\\ArgvInput), Object(Illuminate\\Console\\OutputStyle))
#24 /var/www/html/vendor/laravel/framework/src/Illuminate/Console/Command.php(180): Symfony\\Component\\Console\\Command\\Command->run(Object(Symfony\\Component\\Console\\Input\\ArgvInput), Object(Illuminate\\Console\\OutputStyle))
#25 /var/www/html/vendor/symfony/console/Application.php(1110): Illuminate\\Console\\Command->run(Object(Symfony\\Component\\Console\\Input\\ArgvInput), Object(Symfony\\Component\\Console\\Output\\ConsoleOutput))
#26 /var/www/html/vendor/symfony/console/Application.php(359): Symfony\\Component\\Console\\Application->doRunCommand(Object(Illuminate\\Database\\Console\\Migrations\\MigrateCommand), Object(Symfony\\Component\\Console\\Input\\ArgvInput), Object(Symfony\\Component\\Console\\Output\\ConsoleOutput))
#27 /var/www/html/vendor/symfony/console/Application.php(194): Symfony\\Component\\Console\\Application->doRun(Object(Symfony\\Component\\Console\\Input\\ArgvInput), Object(Symfony\\Component\\Console\\Output\\ConsoleOutput))
#28 /var/www/html/vendor/laravel/framework/src/Illuminate/Foundation/Console/Kernel.php(197): Symfony\\Component\\Console\\Application->run(Object(Symfony\\Component\\Console\\Input\\ArgvInput), Object(Symfony\\Component\\Console\\Output\\ConsoleOutput))
#29 /var/www/html/vendor/laravel/framework/src/Illuminate/Foundation/Application.php(1235): Illuminate\\Foundation\\Console\\Kernel->handle(Object(Symfony\\Component\\Console\\Input\\ArgvInput), Object(Symfony\\Component\\Console\\Output\\ConsoleOutput))
#30 /var/www/html/artisan(16): Illuminate\\Foundation\\Application->handleCommand(Object(Symfony\\Component\\Console\\Input\\ArgvInput))
#31 {main}

[previous exception] [object] (PDOException(code: 7): SQLSTATE[08006] [7] could not translate host name \"db\" to address: Temporary failure in name resolution at /var/www/html/vendor/laravel/framework/src/Illuminate/Database/Connectors/Connector.php:66)
[stacktrace]
#0 /var/www/html/vendor/laravel/framework/src/Illuminate/Database/Connectors/Connector.php(66): PDO->__construct('pgsql:host=db;d...', 'laravel', Object(SensitiveParameterValue), Array)
#1 /var/www/html/vendor/laravel/framework/src/Illuminate/Database/Connectors/Connector.php(85): Illuminate\\Database\\Connectors\\Connector->createPdoConnection('pgsql:host=db;d...', 'laravel', Object(SensitiveParameterValue), Array)
#2 /var/www/html/vendor/laravel/framework/src/Illuminate/Database/Connectors/Connector.php(48): Illuminate\\Database\\Connectors\\Connector->tryAgainIfCausedByLostConnection(Object(PDOException), 'pgsql:host=db;d...', 'laravel', Object(SensitiveParameterValue), Array)
#3 /var/www/html/vendor/laravel/framework/src/Illuminate/Database/Connectors/PostgresConnector.php(35): Illuminate\\Database\\Connectors\\Connector->createConnection('pgsql:host=db;d...', Array, Array)
#4 /var/www/html/vendor/laravel/framework/src/Illuminate/Database/Connectors/ConnectionFactory.php(184): Illuminate\\Database\\Connectors\\PostgresConnector->connect(Array)
#5 [internal function]: Illuminate\\Database\\Connectors\\ConnectionFactory->Illuminate\\Database\\Connectors\\{closure}()
#6 /var/www/html/vendor/laravel/framework/src/Illuminate/Database/Connection.php(1230): call_user_func(Object(Closure))
#7 /var/www/html/vendor/laravel/framework/src/Illuminate/Database/Connection.php(1266): Illuminate\\Database\\Connection->getPdo()
#8 /var/www/html/vendor/laravel/framework/src/Illuminate/Database/Connection.php(511): Illuminate\\Database\\Connection->getReadPdo()
#9 /var/www/html/vendor/laravel/framework/src/Illuminate/Database/Connection.php(406): Illuminate\\Database\\Connection->getPdoForSelect(true)
#10 /var/www/html/vendor/laravel/framework/src/Illuminate/Database/Connection.php(811): Illuminate\\Database\\Connection->Illuminate\\Database\\{closure}('select exists (...', Array)
#11 /var/www/html/vendor/laravel/framework/src/Illuminate/Database/Connection.php(978): Illuminate\\Database\\Connection->runQueryCallback('select exists (...', Array, Object(Closure))
#12 /var/www/html/vendor/laravel/framework/src/Illuminate/Database/Connection.php(957): Illuminate\\Database\\Connection->tryAgainIfCausedByLostConnection(Object(Illuminate\\Database\\QueryException), 'select exists (...', Array, Object(Closure))
#13 /var/www/html/vendor/laravel/framework/src/Illuminate/Database/Connection.php(780): Illuminate\\Database\\Connection->handleQueryException(Object(Illuminate\\Database\\QueryException), 'select exists (...', Array, Object(Closure))
#14 /var/www/html/vendor/laravel/framework/src/Illuminate/Database/Connection.php(397): Illuminate\\Database\\Connection->run('select exists (...', Array, Object(Closure))
#15 /var/www/html/vendor/laravel/framework/src/Illuminate/Database/Connection.php(343): Illuminate\\Database\\Connection->select('select exists (...', Array, true)
#16 /var/www/html/vendor/laravel/framework/src/Illuminate/Database/Connection.php(360): Illuminate\\Database\\Connection->selectOne('select exists (...', Array, true)
#17 /var/www/html/vendor/laravel/framework/src/Illuminate/Database/Schema/Builder.php(174): Illuminate\\Database\\Connection->scalar('select exists (...')
#18 /var/www/html/vendor/laravel/framework/src/Illuminate/Database/Migrations/DatabaseMigrationRepository.php(185): Illuminate\\Database\\Schema\\Builder->hasTable('migrations')
#19 /var/www/html/vendor/laravel/framework/src/Illuminate/Database/Migrations/Migrator.php(753): Illuminate\\Database\\Migrations\\DatabaseMigrationRepository->repositoryExists()
#20 /var/www/html/vendor/laravel/framework/src/Illuminate/Database/Console/Migrations/MigrateCommand.php(164): Illuminate\\Database\\Migrations\\Migrator->repositoryExists()
#21 /var/www/html/vendor/laravel/framework/src/Illuminate/Support/helpers.php(329): Illuminate\\Database\\Console\\Migrations\\MigrateCommand->Illuminate\\Database\\Console\\Migrations\\{closure}(1)
#22 /var/www/html/vendor/laravel/framework/src/Illuminate/Database/Console/Migrations/MigrateCommand.php(164): retry(1, Object(Closure), 0, Object(Closure))
#23 /var/www/html/vendor/laravel/framework/src/Illuminate/Database/Console/Migrations/MigrateCommand.php(140): Illuminate\\Database\\Console\\Migrations\\MigrateCommand->repositoryExists()
#24 /var/www/html/vendor/laravel/framework/src/Illuminate/Database/Console/Migrations/MigrateCommand.php(110): Illuminate\\Database\\Console\\Migrations\\MigrateCommand->prepareDatabase()
#25 /var/www/html/vendor/laravel/framework/src/Illuminate/Database/Migrations/Migrator.php(666): Illuminate\\Database\\Console\\Migrations\\MigrateCommand->Illuminate\\Database\\Console\\Migrations\\{closure}()
#26 /var/www/html/vendor/laravel/framework/src/Illuminate/Database/Console/Migrations/MigrateCommand.php(109): Illuminate\\Database\\Migrations\\Migrator->usingConnection(NULL, Object(Closure))
#27 /var/www/html/vendor/laravel/framework/src/Illuminate/Database/Console/Migrations/MigrateCommand.php(88): Illuminate\\Database\\Console\\Migrations\\MigrateCommand->runMigrations()
#28 /var/www/html/vendor/laravel/framework/src/Illuminate/Container/BoundMethod.php(36): Illuminate\\Database\\Console\\Migrations\\MigrateCommand->handle()
#29 /var/www/html/vendor/laravel/framework/src/Illuminate/Container/Util.php(43): Illuminate\\Container\\BoundMethod::Illuminate\\Container\\{closure}()
#30 /var/www/html/vendor/laravel/framework/src/Illuminate/Container/BoundMethod.php(96): Illuminate\\Container\\Util::unwrapIfClosure(Object(Closure))
#31 /var/www/html/vendor/laravel/framework/src/Illuminate/Container/BoundMethod.php(35): Illuminate\\Container\\BoundMethod::callBoundMethod(Object(Illuminate\\Foundation\\Application), Array, Object(Closure))
#32 /var/www/html/vendor/laravel/framework/src/Illuminate/Container/Container.php(836): Illuminate\\Container\\BoundMethod::call(Object(Illuminate\\Foundation\\Application), Array, Array, NULL)
#33 /var/www/html/vendor/laravel/framework/src/Illuminate/Console/Command.php(211): Illuminate\\Container\\Container->call(Array)
#34 /var/www/html/vendor/symfony/console/Command/Command.php(318): Illuminate\\Console\\Command->execute(Object(Symfony\\Component\\Console\\Input\\ArgvInput), Object(Illuminate\\Console\\OutputStyle))
#35 /var/www/html/vendor/laravel/framework/src/Illuminate/Console/Command.php(180): Symfony\\Component\\Console\\Command\\Command->run(Object(Symfony\\Component\\Console\\Input\\ArgvInput), Object(Illuminate\\Console\\OutputStyle))
#36 /var/www/html/vendor/symfony/console/Application.php(1110): Illuminate\\Console\\Command->run(Object(Symfony\\Component\\Console\\Input\\ArgvInput), Object(Symfony\\Component\\Console\\Output\\ConsoleOutput))
#37 /var/www/html/vendor/symfony/console/Application.php(359): Symfony\\Component\\Console\\Application->doRunCommand(Object(Illuminate\\Database\\Console\\Migrations\\MigrateCommand), Object(Symfony\\Component\\Console\\Input\\ArgvInput), Object(Symfony\\Component\\Console\\Output\\ConsoleOutput))
#38 /var/www/html/vendor/symfony/console/Application.php(194): Symfony\\Component\\Console\\Application->doRun(Object(Symfony\\Component\\Console\\Input\\ArgvInput), Object(Symfony\\Component\\Console\\Output\\ConsoleOutput))
#39 /var/www/html/vendor/laravel/framework/src/Illuminate/Foundation/Console/Kernel.php(197): Symfony\\Component\\Console\\Application->run(Object(Symfony\\Component\\Console\\Input\\ArgvInput), Object(Symfony\\Component\\Console\\Output\\ConsoleOutput))
#40 /var/www/html/vendor/laravel/framework/src/Illuminate/Foundation/Application.php(1235): Illuminate\\Foundation\\Console\\Kernel->handle(Object(Symfony\\Component\\Console\\Input\\ArgvInput), Object(Symfony\\Component\\Console\\Output\\ConsoleOutput))
#41 /var/www/html/artisan(16): Illuminate\\Foundation\\Application->handleCommand(Object(Symfony\\Component\\Console\\Input\\ArgvInput))
#42 {main}
"} 
[2026-06-26 15:15:45] local.ERROR: SQLSTATE[08006] [7] connection to server at "db" (172.21.0.2), port 5432 failed: server does not support SSL, but SSL was required (Connection: pgsql, SQL: select exists (select 1 from pg_class c, pg_namespace n where n.nspname = current_schema() and c.relname = 'migrations' and c.relkind in ('r', 'p') and n.oid = c.relnamespace)) {"exception":"[object] (Illuminate\\Database\\QueryException(code: 7): SQLSTATE[08006] [7] connection to server at \"db\" (172.21.0.2), port 5432 failed: server does not support SSL, but SSL was required (Connection: pgsql, SQL: select exists (select 1 from pg_class c, pg_namespace n where n.nspname = current_schema() and c.relname = 'migrations' and c.relkind in ('r', 'p') and n.oid = c.relnamespace)) at /var/www/html/vendor/laravel/framework/src/Illuminate/Database/Connection.php:824)
[stacktrace]
#0 /var/www/html/vendor/laravel/framework/src/Illuminate/Database/Connection.php(778): Illuminate\\Database\\Connection->runQueryCallback('select exists (...', Array, Object(Closure))
#1 /var/www/html/vendor/laravel/framework/src/Illuminate/Database/Connection.php(397): Illuminate\\Database\\Connection->run('select exists (...', Array, Object(Closure))
#2 /var/www/html/vendor/laravel/framework/src/Illuminate/Database/Connection.php(343): Illuminate\\Database\\Connection->select('select exists (...', Array, true)
#3 /var/www/html/vendor/laravel/framework/src/Illuminate/Database/Connection.php(360): Illuminate\\Database\\Connection->selectOne('select exists (...', Array, true)
#4 /var/www/html/vendor/laravel/framework/src/Illuminate/Database/Schema/Builder.php(174): Illuminate\\Database\\Connection->scalar('select exists (...')
#5 /var/www/html/vendor/laravel/framework/src/Illuminate/Database/Migrations/DatabaseMigrationRepository.php(185): Illuminate\\Database\\Schema\\Builder->hasTable('migrations')
#6 /var/www/html/vendor/laravel/framework/src/Illuminate/Database/Migrations/Migrator.php(753): Illuminate\\Database\\Migrations\\DatabaseMigrationRepository->repositoryExists()
#7 /var/www/html/vendor/laravel/framework/src/Illuminate/Database/Console/Migrations/MigrateCommand.php(164): Illuminate\\Database\\Migrations\\Migrator->repositoryExists()
#8 /var/www/html/vendor/laravel/framework/src/Illuminate/Support/helpers.php(329): Illuminate\\Database\\Console\\Migrations\\MigrateCommand->Illuminate\\Database\\Console\\Migrations\\{closure}(1)
#9 /var/www/html/vendor/laravel/framework/src/Illuminate/Database/Console/Migrations/MigrateCommand.php(164): retry(1, Object(Closure), 0, Object(Closure))
#10 /var/www/html/vendor/laravel/framework/src/Illuminate/Database/Console/Migrations/MigrateCommand.php(140): Illuminate\\Database\\Console\\Migrations\\MigrateCommand->repositoryExists()
#11 /var/www/html/vendor/laravel/framework/src/Illuminate/Database/Console/Migrations/MigrateCommand.php(110): Illuminate\\Database\\Console\\Migrations\\MigrateCommand->prepareDatabase()
#12 /var/www/html/vendor/laravel/framework/src/Illuminate/Database/Migrations/Migrator.php(666): Illuminate\\Database\\Console\\Migrations\\MigrateCommand->Illuminate\\Database\\Console\\Migrations\\{closure}()
#13 /var/www/html/vendor/laravel/framework/src/Illuminate/Database/Console/Migrations/MigrateCommand.php(109): Illuminate\\Database\\Migrations\\Migrator->usingConnection(NULL, Object(Closure))
#14 /var/www/html/vendor/laravel/framework/src/Illuminate/Database/Console/Migrations/MigrateCommand.php(88): Illuminate\\Database\\Console\\Migrations\\MigrateCommand->runMigrations()
#15 /var/www/html/vendor/laravel/framework/src/Illuminate/Container/BoundMethod.php(36): Illuminate\\Database\\Console\\Migrations\\MigrateCommand->handle()
#16 /var/www/html/vendor/laravel/framework/src/Illuminate/Container/Util.php(43): Illuminate\\Container\\BoundMethod::Illuminate\\Container\\{closure}()
#17 /var/www/html/vendor/laravel/framework/src/Illuminate/Container/BoundMethod.php(96): Illuminate\\Container\\Util::unwrapIfClosure(Object(Closure))
#18 /var/www/html/vendor/laravel/framework/src/Illuminate/Container/BoundMethod.php(35): Illuminate\\Container\\BoundMethod::callBoundMethod(Object(Illuminate\\Foundation\\Application), Array, Object(Closure))
#19 /var/www/html/vendor/laravel/framework/src/Illuminate/Container/Container.php(836): Illuminate\\Container\\BoundMethod::call(Object(Illuminate\\Foundation\\Application), Array, Array, NULL)
#20 /var/www/html/vendor/laravel/framework/src/Illuminate/Console/Command.php(211): Illuminate\\Container\\Container->call(Array)
#21 /var/www/html/vendor/symfony/console/Command/Command.php(318): Illuminate\\Console\\Command->execute(Object(Symfony\\Component\\Console\\Input\\ArgvInput), Object(Illuminate\\Console\\OutputStyle))
#22 /var/www/html/vendor/laravel/framework/src/Illuminate/Console/Command.php(180): Symfony\\Component\\Console\\Command\\Command->run(Object(Symfony\\Component\\Console\\Input\\ArgvInput), Object(Illuminate\\Console\\OutputStyle))
#23 /var/www/html/vendor/symfony/console/Application.php(1110): Illuminate\\Console\\Command->run(Object(Symfony\\Component\\Console\\Input\\ArgvInput), Object(Symfony\\Component\\Console\\Output\\ConsoleOutput))
#24 /var/www/html/vendor/symfony/console/Application.php(359): Symfony\\Component\\Console\\Application->doRunCommand(Object(Illuminate\\Database\\Console\\Migrations\\MigrateCommand), Object(Symfony\\Component\\Console\\Input\\ArgvInput), Object(Symfony\\Component\\Console\\Output\\ConsoleOutput))
#25 /var/www/html/vendor/symfony/console/Application.php(194): Symfony\\Component\\Console\\Application->doRun(Object(Symfony\\Component\\Console\\Input\\ArgvInput), Object(Symfony\\Component\\Console\\Output\\ConsoleOutput))
#26 /var/www/html/vendor/laravel/framework/src/Illuminate/Foundation/Console/Kernel.php(197): Symfony\\Component\\Console\\Application->run(Object(Symfony\\Component\\Console\\Input\\ArgvInput), Object(Symfony\\Component\\Console\\Output\\ConsoleOutput))
#27 /var/www/html/vendor/laravel/framework/src/Illuminate/Foundation/Application.php(1235): Illuminate\\Foundation\\Console\\Kernel->handle(Object(Symfony\\Component\\Console\\Input\\ArgvInput), Object(Symfony\\Component\\Console\\Output\\ConsoleOutput))
#28 /var/www/html/artisan(16): Illuminate\\Foundation\\Application->handleCommand(Object(Symfony\\Component\\Console\\Input\\ArgvInput))
#29 {main}

[previous exception] [object] (PDOException(code: 7): SQLSTATE[08006] [7] connection to server at \"db\" (172.21.0.2), port 5432 failed: server does not support SSL, but SSL was required at /var/www/html/vendor/laravel/framework/src/Illuminate/Database/Connectors/Connector.php:66)
[stacktrace]
#0 /var/www/html/vendor/laravel/framework/src/Illuminate/Database/Connectors/Connector.php(66): PDO->__construct('pgsql:host=db;d...', 'laravel', Object(SensitiveParameterValue), Array)
#1 /var/www/html/vendor/laravel/framework/src/Illuminate/Database/Connectors/Connector.php(44): Illuminate\\Database\\Connectors\\Connector->createPdoConnection('pgsql:host=db;d...', 'laravel', Object(SensitiveParameterValue), Array)
#2 /var/www/html/vendor/laravel/framework/src/Illuminate/Database/Connectors/PostgresConnector.php(35): Illuminate\\Database\\Connectors\\Connector->createConnection('pgsql:host=db;d...', Array, Array)
#3 /var/www/html/vendor/laravel/framework/src/Illuminate/Database/Connectors/ConnectionFactory.php(184): Illuminate\\Database\\Connectors\\PostgresConnector->connect(Array)
#4 [internal function]: Illuminate\\Database\\Connectors\\ConnectionFactory->Illuminate\\Database\\Connectors\\{closure}()
#5 /var/www/html/vendor/laravel/framework/src/Illuminate/Database/Connection.php(1230): call_user_func(Object(Closure))
#6 /var/www/html/vendor/laravel/framework/src/Illuminate/Database/Connection.php(1266): Illuminate\\Database\\Connection->getPdo()
#7 /var/www/html/vendor/laravel/framework/src/Illuminate/Database/Connection.php(511): Illuminate\\Database\\Connection->getReadPdo()
#8 /var/www/html/vendor/laravel/framework/src/Illuminate/Database/Connection.php(406): Illuminate\\Database\\Connection->getPdoForSelect(true)
#9 /var/www/html/vendor/laravel/framework/src/Illuminate/Database/Connection.php(811): Illuminate\\Database\\Connection->Illuminate\\Database\\{closure}('select exists (...', Array)
#10 /var/www/html/vendor/laravel/framework/src/Illuminate/Database/Connection.php(778): Illuminate\\Database\\Connection->runQueryCallback('select exists (...', Array, Object(Closure))
#11 /var/www/html/vendor/laravel/framework/src/Illuminate/Database/Connection.php(397): Illuminate\\Database\\Connection->run('select exists (...', Array, Object(Closure))
#12 /var/www/html/vendor/laravel/framework/src/Illuminate/Database/Connection.php(343): Illuminate\\Database\\Connection->select('select exists (...', Array, true)
#13 /var/www/html/vendor/laravel/framework/src/Illuminate/Database/Connection.php(360): Illuminate\\Database\\Connection->selectOne('select exists (...', Array, true)
#14 /var/www/html/vendor/laravel/framework/src/Illuminate/Database/Schema/Builder.php(174): Illuminate\\Database\\Connection->scalar('select exists (...')
#15 /var/www/html/vendor/laravel/framework/src/Illuminate/Database/Migrations/DatabaseMigrationRepository.php(185): Illuminate\\Database\\Schema\\Builder->hasTable('migrations')
#16 /var/www/html/vendor/laravel/framework/src/Illuminate/Database/Migrations/Migrator.php(753): Illuminate\\Database\\Migrations\\DatabaseMigrationRepository->repositoryExists()
#17 /var/www/html/vendor/laravel/framework/src/Illuminate/Database/Console/Migrations/MigrateCommand.php(164): Illuminate\\Database\\Migrations\\Migrator->repositoryExists()
#18 /var/www/html/vendor/laravel/framework/src/Illuminate/Support/helpers.php(329): Illuminate\\Database\\Console\\Migrations\\MigrateCommand->Illuminate\\Database\\Console\\Migrations\\{closure}(1)
#19 /var/www/html/vendor/laravel/framework/src/Illuminate/Database/Console/Migrations/MigrateCommand.php(164): retry(1, Object(Closure), 0, Object(Closure))
#20 /var/www/html/vendor/laravel/framework/src/Illuminate/Database/Console/Migrations/MigrateCommand.php(140): Illuminate\\Database\\Console\\Migrations\\MigrateCommand->repositoryExists()
#21 /var/www/html/vendor/laravel/framework/src/Illuminate/Database/Console/Migrations/MigrateCommand.php(110): Illuminate\\Database\\Console\\Migrations\\MigrateCommand->prepareDatabase()
#22 /var/www/html/vendor/laravel/framework/src/Illuminate/Database/Migrations/Migrator.php(666): Illuminate\\Database\\Console\\Migrations\\MigrateCommand->Illuminate\\Database\\Console\\Migrations\\{closure}()
#23 /var/www/html/vendor/laravel/framework/src/Illuminate/Database/Console/Migrations/MigrateCommand.php(109): Illuminate\\Database\\Migrations\\Migrator->usingConnection(NULL, Object(Closure))
#24 /var/www/html/vendor/laravel/framework/src/Illuminate/Database/Console/Migrations/MigrateCommand.php(88): Illuminate\\Database\\Console\\Migrations\\MigrateCommand->runMigrations()
#25 /var/www/html/vendor/laravel/framework/src/Illuminate/Container/BoundMethod.php(36): Illuminate\\Database\\Console\\Migrations\\MigrateCommand->handle()
#26 /var/www/html/vendor/laravel/framework/src/Illuminate/Container/Util.php(43): Illuminate\\Container\\BoundMethod::Illuminate\\Container\\{closure}()
#27 /var/www/html/vendor/laravel/framework/src/Illuminate/Container/BoundMethod.php(96): Illuminate\\Container\\Util::unwrapIfClosure(Object(Closure))
#28 /var/www/html/vendor/laravel/framework/src/Illuminate/Container/BoundMethod.php(35): Illuminate\\Container\\BoundMethod::callBoundMethod(Object(Illuminate\\Foundation\\Application), Array, Object(Closure))
#29 /var/www/html/vendor/laravel/framework/src/Illuminate/Container/Container.php(836): Illuminate\\Container\\BoundMethod::call(Object(Illuminate\\Foundation\\Application), Array, Array, NULL)
#30 /var/www/html/vendor/laravel/framework/src/Illuminate/Console/Command.php(211): Illuminate\\Container\\Container->call(Array)
#31 /var/www/html/vendor/symfony/console/Command/Command.php(318): Illuminate\\Console\\Command->execute(Object(Symfony\\Component\\Console\\Input\\ArgvInput), Object(Illuminate\\Console\\OutputStyle))
#32 /var/www/html/vendor/laravel/framework/src/Illuminate/Console/Command.php(180): Symfony\\Component\\Console\\Command\\Command->run(Object(Symfony\\Component\\Console\\Input\\ArgvInput), Object(Illuminate\\Console\\OutputStyle))
#33 /var/www/html/vendor/symfony/console/Application.php(1110): Illuminate\\Console\\Command->run(Object(Symfony\\Component\\Console\\Input\\ArgvInput), Object(Symfony\\Component\\Console\\Output\\ConsoleOutput))
#34 /var/www/html/vendor/symfony/console/Application.php(359): Symfony\\Component\\Console\\Application->doRunCommand(Object(Illuminate\\Database\\Console\\Migrations\\MigrateCommand), Object(Symfony\\Component\\Console\\Input\\ArgvInput), Object(Symfony\\Component\\Console\\Output\\ConsoleOutput))
#35 /var/www/html/vendor/symfony/console/Application.php(194): Symfony\\Component\\Console\\Application->doRun(Object(Symfony\\Component\\Console\\Input\\ArgvInput), Object(Symfony\\Component\\Console\\Output\\ConsoleOutput))
#36 /var/www/html/vendor/laravel/framework/src/Illuminate/Foundation/Console/Kernel.php(197): Symfony\\Component\\Console\\Application->run(Object(Symfony\\Component\\Console\\Input\\ArgvInput), Object(Symfony\\Component\\Console\\Output\\ConsoleOutput))
#37 /var/www/html/vendor/laravel/framework/src/Illuminate/Foundation/Application.php(1235): Illuminate\\Foundation\\Console\\Kernel->handle(Object(Symfony\\Component\\Console\\Input\\ArgvInput), Object(Symfony\\Component\\Console\\Output\\ConsoleOutput))
#38 /var/www/html/artisan(16): Illuminate\\Foundation\\Application->handleCommand(Object(Symfony\\Component\\Console\\Input\\ArgvInput))
#39 {main}
"} 
[2026-06-26 15:57:49] local.ERROR: There are no commands defined in the "middleware" namespace. {"exception":"[object] (Symfony\\Component\\Console\\Exception\\NamespaceNotFoundException(code: 0): There are no commands defined in the \"middleware\" namespace. at /home/jaycee/Projects/Email-Marketing/vendor/symfony/console/Application.php:677)
[stacktrace]
#0 /home/jaycee/Projects/Email-Marketing/vendor/symfony/console/Application.php(726): Symfony\\Component\\Console\\Application->findNamespace()
#1 /home/jaycee/Projects/Email-Marketing/vendor/symfony/console/Application.php(301): Symfony\\Component\\Console\\Application->find()
#2 /home/jaycee/Projects/Email-Marketing/vendor/symfony/console/Application.php(194): Symfony\\Component\\Console\\Application->doRun()
#3 /home/jaycee/Projects/Email-Marketing/vendor/laravel/framework/src/Illuminate/Foundation/Console/Kernel.php(197): Symfony\\Component\\Console\\Application->run()
#4 /home/jaycee/Projects/Email-Marketing/vendor/laravel/framework/src/Illuminate/Foundation/Application.php(1235): Illuminate\\Foundation\\Console\\Kernel->handle()
#5 /home/jaycee/Projects/Email-Marketing/artisan(16): Illuminate\\Foundation\\Application->handleCommand()
#6 {main}
"} 
[2026-06-26 16:02:33] local.ERROR: SQLSTATE[23505]: Unique violation: 7 ERROR:  duplicate key value violates unique constraint "users_email_unique"
DETAIL:  Key (email)=(demo@sendflow.test) already exists. (Connection: pgsql, SQL: insert into "users" ("name", "email", "email_verified_at", "password", "remember_token", "updated_at", "created_at") values (Demo User, demo@sendflow.test, 2026-06-26 16:02:33, $2y$12$vUlvR/vkbjE6JUMMVB5EOe4w4GzXJaXCfcFMyF0donQ6wxrK2SZny, 4G1NftKSaZ, 2026-06-26 16:02:33, 2026-06-26 16:02:33) returning "id") {"exception":"[object] (Illuminate\\Database\\UniqueConstraintViolationException(code: 23505): SQLSTATE[23505]: Unique violation: 7 ERROR:  duplicate key value violates unique constraint \"users_email_unique\"
DETAIL:  Key (email)=(demo@sendflow.test) already exists. (Connection: pgsql, SQL: insert into \"users\" (\"name\", \"email\", \"email_verified_at\", \"password\", \"remember_token\", \"updated_at\", \"created_at\") values (Demo User, demo@sendflow.test, 2026-06-26 16:02:33, $2y$12$vUlvR/vkbjE6JUMMVB5EOe4w4GzXJaXCfcFMyF0donQ6wxrK2SZny, 4G1NftKSaZ, 2026-06-26 16:02:33, 2026-06-26 16:02:33) returning \"id\") at /var/www/html/vendor/laravel/framework/src/Illuminate/Database/Connection.php:819)
[stacktrace]
#0 /var/www/html/vendor/laravel/framework/src/Illuminate/Database/Connection.php(778): Illuminate\\Database\\Connection->runQueryCallback('insert into \"us...', Array, Object(Closure))
#1 /var/www/html/vendor/laravel/framework/src/Illuminate/Database/Connection.php(397): Illuminate\\Database\\Connection->run('insert into \"us...', Array, Object(Closure))
#2 /var/www/html/vendor/laravel/framework/src/Illuminate/Database/Connection.php(384): Illuminate\\Database\\Connection->select('insert into \"us...', Array, false)
#3 /var/www/html/vendor/laravel/framework/src/Illuminate/Database/Query/Processors/PostgresProcessor.php(24): Illuminate\\Database\\Connection->selectFromWriteConnection('insert into \"us...', Array)
#4 /var/www/html/vendor/laravel/framework/src/Illuminate/Database/Query/Builder.php(3853): Illuminate\\Database\\Query\\Processors\\PostgresProcessor->processInsertGetId(Object(Illuminate\\Database\\Query\\Builder), 'insert into \"us...', Array, 'id')
#5 /var/www/html/vendor/laravel/framework/src/Illuminate/Database/Eloquent/Builder.php(2235): Illuminate\\Database\\Query\\Builder->insertGetId(Array, 'id')
#6 /var/www/html/vendor/laravel/framework/src/Illuminate/Database/Eloquent/Model.php(1436): Illuminate\\Database\\Eloquent\\Builder->__call('insertGetId', Array)
#7 /var/www/html/vendor/laravel/framework/src/Illuminate/Database/Eloquent/Model.php(1401): Illuminate\\Database\\Eloquent\\Model->insertAndSetId(Object(Illuminate\\Database\\Eloquent\\Builder), Array)
#8 /var/www/html/vendor/laravel/framework/src/Illuminate/Database/Eloquent/Model.php(1240): Illuminate\\Database\\Eloquent\\Model->performInsert(Object(Illuminate\\Database\\Eloquent\\Builder))
#9 /var/www/html/vendor/laravel/framework/src/Illuminate/Database/Eloquent/Factories/Factory.php(370): Illuminate\\Database\\Eloquent\\Model->save()
#10 /var/www/html/vendor/laravel/framework/src/Illuminate/Collections/Traits/EnumeratesValues.php(271): Illuminate\\Database\\Eloquent\\Factories\\Factory->Illuminate\\Database\\Eloquent\\Factories\\{closure}(Object(App\\Models\\User), 0)
#11 /var/www/html/vendor/laravel/framework/src/Illuminate/Database/Eloquent/Factories/Factory.php(365): Illuminate\\Support\\Collection->each(Object(Closure))
#12 /var/www/html/vendor/laravel/framework/src/Illuminate/Database/Eloquent/Factories/Factory.php(321): Illuminate\\Database\\Eloquent\\Factories\\Factory->store(Object(Illuminate\\Support\\Collection))
#13 /var/www/html/vendor/laravel/framework/src/Illuminate/Database/Eloquent/Factories/Factory.php(315): Illuminate\\Database\\Eloquent\\Factories\\Factory->create(Array, NULL)
#14 /var/www/html/database/seeders/DatabaseSeeder.php(17): Illuminate\\Database\\Eloquent\\Factories\\Factory->create(Array)
#15 /var/www/html/vendor/laravel/framework/src/Illuminate/Container/BoundMethod.php(36): Database\\Seeders\\DatabaseSeeder->run()
#16 /var/www/html/vendor/laravel/framework/src/Illuminate/Container/Util.php(43): Illuminate\\Container\\BoundMethod::Illuminate\\Container\\{closure}()
#17 /var/www/html/vendor/laravel/framework/src/Illuminate/Container/BoundMethod.php(96): Illuminate\\Container\\Util::unwrapIfClosure(Object(Closure))
#18 /var/www/html/vendor/laravel/framework/src/Illuminate/Container/BoundMethod.php(35): Illuminate\\Container\\BoundMethod::callBoundMethod(Object(Illuminate\\Foundation\\Application), Array, Object(Closure))
#19 /var/www/html/vendor/laravel/framework/src/Illuminate/Container/Container.php(836): Illuminate\\Container\\BoundMethod::call(Object(Illuminate\\Foundation\\Application), Array, Array, NULL)
#20 /var/www/html/vendor/laravel/framework/src/Illuminate/Database/Seeder.php(184): Illuminate\\Container\\Container->call(Array, Array)
#21 /var/www/html/vendor/laravel/framework/src/Illuminate/Database/Seeder.php(193): Illuminate\\Database\\Seeder->Illuminate\\Database\\{closure}()
#22 /var/www/html/vendor/laravel/framework/src/Illuminate/Database/Console/Seeds/SeedCommand.php(71): Illuminate\\Database\\Seeder->__invoke()
#23 /var/www/html/vendor/laravel/framework/src/Illuminate/Database/Eloquent/Concerns/GuardsAttributes.php(157): Illuminate\\Database\\Console\\Seeds\\SeedCommand->Illuminate\\Database\\Console\\Seeds\\{closure}()
#24 /var/www/html/vendor/laravel/framework/src/Illuminate/Database/Console/Seeds/SeedCommand.php(70): Illuminate\\Database\\Eloquent\\Model::unguarded(Object(Closure))
#25 /var/www/html/vendor/laravel/framework/src/Illuminate/Container/BoundMethod.php(36): Illuminate\\Database\\Console\\Seeds\\SeedCommand->handle()
#26 /var/www/html/vendor/laravel/framework/src/Illuminate/Container/Util.php(43): Illuminate\\Container\\BoundMethod::Illuminate\\Container\\{closure}()
#27 /var/www/html/vendor/laravel/framework/src/Illuminate/Container/BoundMethod.php(96): Illuminate\\Container\\Util::unwrapIfClosure(Object(Closure))
#28 /var/www/html/vendor/laravel/framework/src/Illuminate/Container/BoundMethod.php(35): Illuminate\\Container\\BoundMethod::callBoundMethod(Object(Illuminate\\Foundation\\Application), Array, Object(Closure))
#29 /var/www/html/vendor/laravel/framework/src/Illuminate/Container/Container.php(836): Illuminate\\Container\\BoundMethod::call(Object(Illuminate\\Foundation\\Application), Array, Array, NULL)
#30 /var/www/html/vendor/laravel/framework/src/Illuminate/Console/Command.php(211): Illuminate\\Container\\Container->call(Array)
#31 /var/www/html/vendor/symfony/console/Command/Command.php(318): Illuminate\\Console\\Command->execute(Object(Symfony\\Component\\Console\\Input\\ArgvInput), Object(Illuminate\\Console\\OutputStyle))
#32 /var/www/html/vendor/laravel/framework/src/Illuminate/Console/Command.php(180): Symfony\\Component\\Console\\Command\\Command->run(Object(Symfony\\Component\\Console\\Input\\ArgvInput), Object(Illuminate\\Console\\OutputStyle))
#33 /var/www/html/vendor/symfony/console/Application.php(1110): Illuminate\\Console\\Command->run(Object(Symfony\\Component\\Console\\Input\\ArgvInput), Object(Symfony\\Component\\Console\\Output\\ConsoleOutput))
#34 /var/www/html/vendor/symfony/console/Application.php(359): Symfony\\Component\\Console\\Application->doRunCommand(Object(Illuminate\\Database\\Console\\Seeds\\SeedCommand), Object(Symfony\\Component\\Console\\Input\\ArgvInput), Object(Symfony\\Component\\Console\\Output\\ConsoleOutput))
#35 /var/www/html/vendor/symfony/console/Application.php(194): Symfony\\Component\\Console\\Application->doRun(Object(Symfony\\Component\\Console\\Input\\ArgvInput), Object(Symfony\\Component\\Console\\Output\\ConsoleOutput))
#36 /var/www/html/vendor/laravel/framework/src/Illuminate/Foundation/Console/Kernel.php(197): Symfony\\Component\\Console\\Application->run(Object(Symfony\\Component\\Console\\Input\\ArgvInput), Object(Symfony\\Component\\Console\\Output\\ConsoleOutput))
#37 /var/www/html/vendor/laravel/framework/src/Illuminate/Foundation/Application.php(1235): Illuminate\\Foundation\\Console\\Kernel->handle(Object(Symfony\\Component\\Console\\Input\\ArgvInput), Object(Symfony\\Component\\Console\\Output\\ConsoleOutput))
#38 /var/www/html/artisan(16): Illuminate\\Foundation\\Application->handleCommand(Object(Symfony\\Component\\Console\\Input\\ArgvInput))
#39 {main}

[previous exception] [object] (PDOException(code: 23505): SQLSTATE[23505]: Unique violation: 7 ERROR:  duplicate key value violates unique constraint \"users_email_unique\"
DETAIL:  Key (email)=(demo@sendflow.test) already exists. at /var/www/html/vendor/laravel/framework/src/Illuminate/Database/Connection.php:411)
[stacktrace]
#0 /var/www/html/vendor/laravel/framework/src/Illuminate/Database/Connection.php(411): PDOStatement->execute()
#1 /var/www/html/vendor/laravel/framework/src/Illuminate/Database/Connection.php(811): Illuminate\\Database\\Connection->Illuminate\\Database\\{closure}('insert into \"us...', Array)
#2 /var/www/html/vendor/laravel/framework/src/Illuminate/Database/Connection.php(778): Illuminate\\Database\\Connection->runQueryCallback('insert into \"us...', Array, Object(Closure))
#3 /var/www/html/vendor/laravel/framework/src/Illuminate/Database/Connection.php(397): Illuminate\\Database\\Connection->run('insert into \"us...', Array, Object(Closure))
#4 /var/www/html/vendor/laravel/framework/src/Illuminate/Database/Connection.php(384): Illuminate\\Database\\Connection->select('insert into \"us...', Array, false)
#5 /var/www/html/vendor/laravel/framework/src/Illuminate/Database/Query/Processors/PostgresProcessor.php(24): Illuminate\\Database\\Connection->selectFromWriteConnection('insert into \"us...', Array)
#6 /var/www/html/vendor/laravel/framework/src/Illuminate/Database/Query/Builder.php(3853): Illuminate\\Database\\Query\\Processors\\PostgresProcessor->processInsertGetId(Object(Illuminate\\Database\\Query\\Builder), 'insert into \"us...', Array, 'id')
#7 /var/www/html/vendor/laravel/framework/src/Illuminate/Database/Eloquent/Builder.php(2235): Illuminate\\Database\\Query\\Builder->insertGetId(Array, 'id')
#8 /var/www/html/vendor/laravel/framework/src/Illuminate/Database/Eloquent/Model.php(1436): Illuminate\\Database\\Eloquent\\Builder->__call('insertGetId', Array)
#9 /var/www/html/vendor/laravel/framework/src/Illuminate/Database/Eloquent/Model.php(1401): Illuminate\\Database\\Eloquent\\Model->insertAndSetId(Object(Illuminate\\Database\\Eloquent\\Builder), Array)
#10 /var/www/html/vendor/laravel/framework/src/Illuminate/Database/Eloquent/Model.php(1240): Illuminate\\Database\\Eloquent\\Model->performInsert(Object(Illuminate\\Database\\Eloquent\\Builder))
#11 /var/www/html/vendor/laravel/framework/src/Illuminate/Database/Eloquent/Factories/Factory.php(370): Illuminate\\Database\\Eloquent\\Model->save()
#12 /var/www/html/vendor/laravel/framework/src/Illuminate/Collections/Traits/EnumeratesValues.php(271): Illuminate\\Database\\Eloquent\\Factories\\Factory->Illuminate\\Database\\Eloquent\\Factories\\{closure}(Object(App\\Models\\User), 0)
#13 /var/www/html/vendor/laravel/framework/src/Illuminate/Database/Eloquent/Factories/Factory.php(365): Illuminate\\Support\\Collection->each(Object(Closure))
#14 /var/www/html/vendor/laravel/framework/src/Illuminate/Database/Eloquent/Factories/Factory.php(321): Illuminate\\Database\\Eloquent\\Factories\\Factory->store(Object(Illuminate\\Support\\Collection))
#15 /var/www/html/vendor/laravel/framework/src/Illuminate/Database/Eloquent/Factories/Factory.php(315): Illuminate\\Database\\Eloquent\\Factories\\Factory->create(Array, NULL)
#16 /var/www/html/database/seeders/DatabaseSeeder.php(17): Illuminate\\Database\\Eloquent\\Factories\\Factory->create(Array)
#17 /var/www/html/vendor/laravel/framework/src/Illuminate/Container/BoundMethod.php(36): Database\\Seeders\\DatabaseSeeder->run()
#18 /var/www/html/vendor/laravel/framework/src/Illuminate/Container/Util.php(43): Illuminate\\Container\\BoundMethod::Illuminate\\Container\\{closure}()
#19 /var/www/html/vendor/laravel/framework/src/Illuminate/Container/BoundMethod.php(96): Illuminate\\Container\\Util::unwrapIfClosure(Object(Closure))
#20 /var/www/html/vendor/laravel/framework/src/Illuminate/Container/BoundMethod.php(35): Illuminate\\Container\\BoundMethod::callBoundMethod(Object(Illuminate\\Foundation\\Application), Array, Object(Closure))
#21 /var/www/html/vendor/laravel/framework/src/Illuminate/Container/Container.php(836): Illuminate\\Container\\BoundMethod::call(Object(Illuminate\\Foundation\\Application), Array, Array, NULL)
#22 /var/www/html/vendor/laravel/framework/src/Illuminate/Database/Seeder.php(184): Illuminate\\Container\\Container->call(Array, Array)
#23 /var/www/html/vendor/laravel/framework/src/Illuminate/Database/Seeder.php(193): Illuminate\\Database\\Seeder->Illuminate\\Database\\{closure}()
#24 /var/www/html/vendor/laravel/framework/src/Illuminate/Database/Console/Seeds/SeedCommand.php(71): Illuminate\\Database\\Seeder->__invoke()
#25 /var/www/html/vendor/laravel/framework/src/Illuminate/Database/Eloquent/Concerns/GuardsAttributes.php(157): Illuminate\\Database\\Console\\Seeds\\SeedCommand->Illuminate\\Database\\Console\\Seeds\\{closure}()
#26 /var/www/html/vendor/laravel/framework/src/Illuminate/Database/Console/Seeds/SeedCommand.php(70): Illuminate\\Database\\Eloquent\\Model::unguarded(Object(Closure))
#27 /var/www/html/vendor/laravel/framework/src/Illuminate/Container/BoundMethod.php(36): Illuminate\\Database\\Console\\Seeds\\SeedCommand->handle()
#28 /var/www/html/vendor/laravel/framework/src/Illuminate/Container/Util.php(43): Illuminate\\Container\\BoundMethod::Illuminate\\Container\\{closure}()
#29 /var/www/html/vendor/laravel/framework/src/Illuminate/Container/BoundMethod.php(96): Illuminate\\Container\\Util::unwrapIfClosure(Object(Closure))
#30 /var/www/html/vendor/laravel/framework/src/Illuminate/Container/BoundMethod.php(35): Illuminate\\Container\\BoundMethod::callBoundMethod(Object(Illuminate\\Foundation\\Application), Array, Object(Closure))
#31 /var/www/html/vendor/laravel/framework/src/Illuminate/Container/Container.php(836): Illuminate\\Container\\BoundMethod::call(Object(Illuminate\\Foundation\\Application), Array, Array, NULL)
#32 /var/www/html/vendor/laravel/framework/src/Illuminate/Console/Command.php(211): Illuminate\\Container\\Container->call(Array)
#33 /var/www/html/vendor/symfony/console/Command/Command.php(318): Illuminate\\Console\\Command->execute(Object(Symfony\\Component\\Console\\Input\\ArgvInput), Object(Illuminate\\Console\\OutputStyle))
#34 /var/www/html/vendor/laravel/framework/src/Illuminate/Console/Command.php(180): Symfony\\Component\\Console\\Command\\Command->run(Object(Symfony\\Component\\Console\\Input\\ArgvInput), Object(Illuminate\\Console\\OutputStyle))
#35 /var/www/html/vendor/symfony/console/Application.php(1110): Illuminate\\Console\\Command->run(Object(Symfony\\Component\\Console\\Input\\ArgvInput), Object(Symfony\\Component\\Console\\Output\\ConsoleOutput))
#36 /var/www/html/vendor/symfony/console/Application.php(359): Symfony\\Component\\Console\\Application->doRunCommand(Object(Illuminate\\Database\\Console\\Seeds\\SeedCommand), Object(Symfony\\Component\\Console\\Input\\ArgvInput), Object(Symfony\\Component\\Console\\Output\\ConsoleOutput))
#37 /var/www/html/vendor/symfony/console/Application.php(194): Symfony\\Component\\Console\\Application->doRun(Object(Symfony\\Component\\Console\\Input\\ArgvInput), Object(Symfony\\Component\\Console\\Output\\ConsoleOutput))
#38 /var/www/html/vendor/laravel/framework/src/Illuminate/Foundation/Console/Kernel.php(197): Symfony\\Component\\Console\\Application->run(Object(Symfony\\Component\\Console\\Input\\ArgvInput), Object(Symfony\\Component\\Console\\Output\\ConsoleOutput))
#39 /var/www/html/vendor/laravel/framework/src/Illuminate/Foundation/Application.php(1235): Illuminate\\Foundation\\Console\\Kernel->handle(Object(Symfony\\Component\\Console\\Input\\ArgvInput), Object(Symfony\\Component\\Console\\Output\\ConsoleOutput))
#40 /var/www/html/artisan(16): Illuminate\\Foundation\\Application->handleCommand(Object(Symfony\\Component\\Console\\Input\\ArgvInput))
#41 {main}
"} 
[2026-06-26 16:08:11] local.ERROR: could not find driver (Connection: pgsql, SQL: select exists (select 1 from pg_class c, pg_namespace n where n.nspname = current_schema() and c.relname = 'migrations' and c.relkind in ('r', 'p') and n.oid = c.relnamespace)) {"exception":"[object] (Illuminate\\Database\\QueryException(code: 0): could not find driver (Connection: pgsql, SQL: select exists (select 1 from pg_class c, pg_namespace n where n.nspname = current_schema() and c.relname = 'migrations' and c.relkind in ('r', 'p') and n.oid = c.relnamespace)) at /home/jaycee/Projects/Email-Marketing/vendor/laravel/framework/src/Illuminate/Database/Connection.php:824)
[stacktrace]
#0 /home/jaycee/Projects/Email-Marketing/vendor/laravel/framework/src/Illuminate/Database/Connection.php(778): Illuminate\\Database\\Connection->runQueryCallback()
#1 /home/jaycee/Projects/Email-Marketing/vendor/laravel/framework/src/Illuminate/Database/Connection.php(397): Illuminate\\Database\\Connection->run()
#2 /home/jaycee/Projects/Email-Marketing/vendor/laravel/framework/src/Illuminate/Database/Connection.php(343): Illuminate\\Database\\Connection->select()
#3 /home/jaycee/Projects/Email-Marketing/vendor/laravel/framework/src/Illuminate/Database/Connection.php(360): Illuminate\\Database\\Connection->selectOne()
#4 /home/jaycee/Projects/Email-Marketing/vendor/laravel/framework/src/Illuminate/Database/Schema/Builder.php(174): Illuminate\\Database\\Connection->scalar()
#5 /home/jaycee/Projects/Email-Marketing/vendor/laravel/framework/src/Illuminate/Database/Migrations/DatabaseMigrationRepository.php(185): Illuminate\\Database\\Schema\\Builder->hasTable()
#6 /home/jaycee/Projects/Email-Marketing/vendor/laravel/framework/src/Illuminate/Database/Migrations/Migrator.php(753): Illuminate\\Database\\Migrations\\DatabaseMigrationRepository->repositoryExists()
#7 /home/jaycee/Projects/Email-Marketing/vendor/laravel/framework/src/Illuminate/Database/Console/Migrations/StatusCommand.php(55): Illuminate\\Database\\Migrations\\Migrator->repositoryExists()
#8 /home/jaycee/Projects/Email-Marketing/vendor/laravel/framework/src/Illuminate/Database/Migrations/Migrator.php(666): Illuminate\\Database\\Console\\Migrations\\StatusCommand->Illuminate\\Database\\Console\\Migrations\\{closure}()
#9 /home/jaycee/Projects/Email-Marketing/vendor/laravel/framework/src/Illuminate/Database/Console/Migrations/StatusCommand.php(54): Illuminate\\Database\\Migrations\\Migrator->usingConnection()
#10 /home/jaycee/Projects/Email-Marketing/vendor/laravel/framework/src/Illuminate/Container/BoundMethod.php(36): Illuminate\\Database\\Console\\Migrations\\StatusCommand->handle()
#11 /home/jaycee/Projects/Email-Marketing/vendor/laravel/framework/src/Illuminate/Container/Util.php(43): Illuminate\\Container\\BoundMethod::Illuminate\\Container\\{closure}()
#12 /home/jaycee/Projects/Email-Marketing/vendor/laravel/framework/src/Illuminate/Container/BoundMethod.php(96): Illuminate\\Container\\Util::unwrapIfClosure()
#13 /home/jaycee/Projects/Email-Marketing/vendor/laravel/framework/src/Illuminate/Container/BoundMethod.php(35): Illuminate\\Container\\BoundMethod::callBoundMethod()
#14 /home/jaycee/Projects/Email-Marketing/vendor/laravel/framework/src/Illuminate/Container/Container.php(836): Illuminate\\Container\\BoundMethod::call()
#15 /home/jaycee/Projects/Email-Marketing/vendor/laravel/framework/src/Illuminate/Console/Command.php(211): Illuminate\\Container\\Container->call()
#16 /home/jaycee/Projects/Email-Marketing/vendor/symfony/console/Command/Command.php(318): Illuminate\\Console\\Command->execute()
#17 /home/jaycee/Projects/Email-Marketing/vendor/laravel/framework/src/Illuminate/Console/Command.php(180): Symfony\\Component\\Console\\Command\\Command->run()
#18 /home/jaycee/Projects/Email-Marketing/vendor/symfony/console/Application.php(1110): Illuminate\\Console\\Command->run()
#19 /home/jaycee/Projects/Email-Marketing/vendor/symfony/console/Application.php(359): Symfony\\Component\\Console\\Application->doRunCommand()
#20 /home/jaycee/Projects/Email-Marketing/vendor/symfony/console/Application.php(194): Symfony\\Component\\Console\\Application->doRun()
#21 /home/jaycee/Projects/Email-Marketing/vendor/laravel/framework/src/Illuminate/Foundation/Console/Kernel.php(197): Symfony\\Component\\Console\\Application->run()
#22 /home/jaycee/Projects/Email-Marketing/vendor/laravel/framework/src/Illuminate/Foundation/Application.php(1235): Illuminate\\Foundation\\Console\\Kernel->handle()
#23 /home/jaycee/Projects/Email-Marketing/artisan(16): Illuminate\\Foundation\\Application->handleCommand()
#24 {main}

[previous exception] [object] (PDOException(code: 0): could not find driver at /home/jaycee/Projects/Email-Marketing/vendor/laravel/framework/src/Illuminate/Database/Connectors/Connector.php:66)
[stacktrace]
#0 /home/jaycee/Projects/Email-Marketing/vendor/laravel/framework/src/Illuminate/Database/Connectors/Connector.php(66): PDO->__construct()
#1 /home/jaycee/Projects/Email-Marketing/vendor/laravel/framework/src/Illuminate/Database/Connectors/Connector.php(44): Illuminate\\Database\\Connectors\\Connector->createPdoConnection()
#2 /home/jaycee/Projects/Email-Marketing/vendor/laravel/framework/src/Illuminate/Database/Connectors/PostgresConnector.php(35): Illuminate\\Database\\Connectors\\Connector->createConnection()
#3 /home/jaycee/Projects/Email-Marketing/vendor/laravel/framework/src/Illuminate/Database/Connectors/ConnectionFactory.php(184): Illuminate\\Database\\Connectors\\PostgresConnector->connect()
#4 [internal function]: Illuminate\\Database\\Connectors\\ConnectionFactory->Illuminate\\Database\\Connectors\\{closure}()
#5 /home/jaycee/Projects/Email-Marketing/vendor/laravel/framework/src/Illuminate/Database/Connection.php(1230): call_user_func()
#6 /home/jaycee/Projects/Email-Marketing/vendor/laravel/framework/src/Illuminate/Database/Connection.php(1266): Illuminate\\Database\\Connection->getPdo()
#7 /home/jaycee/Projects/Email-Marketing/vendor/laravel/framework/src/Illuminate/Database/Connection.php(511): Illuminate\\Database\\Connection->getReadPdo()
#8 /home/jaycee/Projects/Email-Marketing/vendor/laravel/framework/src/Illuminate/Database/Connection.php(406): Illuminate\\Database\\Connection->getPdoForSelect()
#9 /home/jaycee/Projects/Email-Marketing/vendor/laravel/framework/src/Illuminate/Database/Connection.php(811): Illuminate\\Database\\Connection->Illuminate\\Database\\{closure}()
#10 /home/jaycee/Projects/Email-Marketing/vendor/laravel/framework/src/Illuminate/Database/Connection.php(778): Illuminate\\Database\\Connection->runQueryCallback()
#11 /home/jaycee/Projects/Email-Marketing/vendor/laravel/framework/src/Illuminate/Database/Connection.php(397): Illuminate\\Database\\Connection->run()
#12 /home/jaycee/Projects/Email-Marketing/vendor/laravel/framework/src/Illuminate/Database/Connection.php(343): Illuminate\\Database\\Connection->select()
#13 /home/jaycee/Projects/Email-Marketing/vendor/laravel/framework/src/Illuminate/Database/Connection.php(360): Illuminate\\Database\\Connection->selectOne()
#14 /home/jaycee/Projects/Email-Marketing/vendor/laravel/framework/src/Illuminate/Database/Schema/Builder.php(174): Illuminate\\Database\\Connection->scalar()
#15 /home/jaycee/Projects/Email-Marketing/vendor/laravel/framework/src/Illuminate/Database/Migrations/DatabaseMigrationRepository.php(185): Illuminate\\Database\\Schema\\Builder->hasTable()
#16 /home/jaycee/Projects/Email-Marketing/vendor/laravel/framework/src/Illuminate/Database/Migrations/Migrator.php(753): Illuminate\\Database\\Migrations\\DatabaseMigrationRepository->repositoryExists()
#17 /home/jaycee/Projects/Email-Marketing/vendor/laravel/framework/src/Illuminate/Database/Console/Migrations/StatusCommand.php(55): Illuminate\\Database\\Migrations\\Migrator->repositoryExists()
#18 /home/jaycee/Projects/Email-Marketing/vendor/laravel/framework/src/Illuminate/Database/Migrations/Migrator.php(666): Illuminate\\Database\\Console\\Migrations\\StatusCommand->Illuminate\\Database\\Console\\Migrations\\{closure}()
#19 /home/jaycee/Projects/Email-Marketing/vendor/laravel/framework/src/Illuminate/Database/Console/Migrations/StatusCommand.php(54): Illuminate\\Database\\Migrations\\Migrator->usingConnection()
#20 /home/jaycee/Projects/Email-Marketing/vendor/laravel/framework/src/Illuminate/Container/BoundMethod.php(36): Illuminate\\Database\\Console\\Migrations\\StatusCommand->handle()
#21 /home/jaycee/Projects/Email-Marketing/vendor/laravel/framework/src/Illuminate/Container/Util.php(43): Illuminate\\Container\\BoundMethod::Illuminate\\Container\\{closure}()
#22 /home/jaycee/Projects/Email-Marketing/vendor/laravel/framework/src/Illuminate/Container/BoundMethod.php(96): Illuminate\\Container\\Util::unwrapIfClosure()
#23 /home/jaycee/Projects/Email-Marketing/vendor/laravel/framework/src/Illuminate/Container/BoundMethod.php(35): Illuminate\\Container\\BoundMethod::callBoundMethod()
#24 /home/jaycee/Projects/Email-Marketing/vendor/laravel/framework/src/Illuminate/Container/Container.php(836): Illuminate\\Container\\BoundMethod::call()
#25 /home/jaycee/Projects/Email-Marketing/vendor/laravel/framework/src/Illuminate/Console/Command.php(211): Illuminate\\Container\\Container->call()
#26 /home/jaycee/Projects/Email-Marketing/vendor/symfony/console/Command/Command.php(318): Illuminate\\Console\\Command->execute()
#27 /home/jaycee/Projects/Email-Marketing/vendor/laravel/framework/src/Illuminate/Console/Command.php(180): Symfony\\Component\\Console\\Command\\Command->run()
#28 /home/jaycee/Projects/Email-Marketing/vendor/symfony/console/Application.php(1110): Illuminate\\Console\\Command->run()
#29 /home/jaycee/Projects/Email-Marketing/vendor/symfony/console/Application.php(359): Symfony\\Component\\Console\\Application->doRunCommand()
#30 /home/jaycee/Projects/Email-Marketing/vendor/symfony/console/Application.php(194): Symfony\\Component\\Console\\Application->doRun()
#31 /home/jaycee/Projects/Email-Marketing/vendor/laravel/framework/src/Illuminate/Foundation/Console/Kernel.php(197): Symfony\\Component\\Console\\Application->run()
#32 /home/jaycee/Projects/Email-Marketing/vendor/laravel/framework/src/Illuminate/Foundation/Application.php(1235): Illuminate\\Foundation\\Console\\Kernel->handle()
#33 /home/jaycee/Projects/Email-Marketing/artisan(16): Illuminate\\Foundation\\Application->handleCommand()
#34 {main}
"} 
[2026-06-27 13:21:52] local.ERROR: could not find driver (Connection: pgsql, SQL: select * from "users" where "email" = demo@sendflow.test limit 1) {"exception":"[object] (Illuminate\\Database\\QueryException(code: 0): could not find driver (Connection: pgsql, SQL: select * from \"users\" where \"email\" = demo@sendflow.test limit 1) at /home/jaycee/Projects/Email-Marketing/vendor/laravel/framework/src/Illuminate/Database/Connection.php:824)
[stacktrace]
#0 /home/jaycee/Projects/Email-Marketing/vendor/laravel/framework/src/Illuminate/Database/Connection.php(778): Illuminate\\Database\\Connection->runQueryCallback()
#1 /home/jaycee/Projects/Email-Marketing/vendor/laravel/framework/src/Illuminate/Database/Connection.php(397): Illuminate\\Database\\Connection->run()
#2 /home/jaycee/Projects/Email-Marketing/vendor/laravel/framework/src/Illuminate/Database/Query/Builder.php(3188): Illuminate\\Database\\Connection->select()
#3 /home/jaycee/Projects/Email-Marketing/vendor/laravel/framework/src/Illuminate/Database/Query/Builder.php(3173): Illuminate\\Database\\Query\\Builder->runSelect()
#4 /home/jaycee/Projects/Email-Marketing/vendor/laravel/framework/src/Illuminate/Database/Query/Builder.php(3763): Illuminate\\Database\\Query\\Builder->Illuminate\\Database\\Query\\{closure}()
#5 /home/jaycee/Projects/Email-Marketing/vendor/laravel/framework/src/Illuminate/Database/Query/Builder.php(3172): Illuminate\\Database\\Query\\Builder->onceWithColumns()
#6 /home/jaycee/Projects/Email-Marketing/vendor/laravel/framework/src/Illuminate/Database/Eloquent/Builder.php(902): Illuminate\\Database\\Query\\Builder->get()
#7 /home/jaycee/Projects/Email-Marketing/vendor/laravel/framework/src/Illuminate/Database/Eloquent/Builder.php(884): Illuminate\\Database\\Eloquent\\Builder->getModels()
#8 /home/jaycee/Projects/Email-Marketing/vendor/laravel/framework/src/Illuminate/Database/Concerns/BuildsQueries.php(366): Illuminate\\Database\\Eloquent\\Builder->get()
#9 /home/jaycee/Projects/Email-Marketing/app/Http/Controllers/Api/AuthController.php(42): Illuminate\\Database\\Eloquent\\Builder->first()
#10 /home/jaycee/Projects/Email-Marketing/vendor/laravel/framework/src/Illuminate/Routing/ControllerDispatcher.php(46): App\\Http\\Controllers\\Api\\AuthController->login()
#11 /home/jaycee/Projects/Email-Marketing/vendor/laravel/framework/src/Illuminate/Routing/Route.php(265): Illuminate\\Routing\\ControllerDispatcher->dispatch()
#12 /home/jaycee/Projects/Email-Marketing/vendor/laravel/framework/src/Illuminate/Routing/Route.php(211): Illuminate\\Routing\\Route->runController()
#13 /home/jaycee/Projects/Email-Marketing/vendor/laravel/framework/src/Illuminate/Routing/Router.php(822): Illuminate\\Routing\\Route->run()
#14 /home/jaycee/Projects/Email-Marketing/vendor/laravel/framework/src/Illuminate/Pipeline/Pipeline.php(180): Illuminate\\Routing\\Router->Illuminate\\Routing\\{closure}()
#15 /home/jaycee/Projects/Email-Marketing/vendor/laravel/framework/src/Illuminate/Routing/Middleware/SubstituteBindings.php(50): Illuminate\\Pipeline\\Pipeline->Illuminate\\Pipeline\\{closure}()
#16 /home/jaycee/Projects/Email-Marketing/vendor/laravel/framework/src/Illuminate/Pipeline/Pipeline.php(219): Illuminate\\Routing\\Middleware\\SubstituteBindings->handle()
#17 /home/jaycee/Projects/Email-Marketing/vendor/laravel/framework/src/Illuminate/Pipeline/Pipeline.php(137): Illuminate\\Pipeline\\Pipeline->Illuminate\\Pipeline\\{closure}()
#18 /home/jaycee/Projects/Email-Marketing/vendor/laravel/framework/src/Illuminate/Routing/Router.php(821): Illuminate\\Pipeline\\Pipeline->then()
#19 /home/jaycee/Projects/Email-Marketing/vendor/laravel/framework/src/Illuminate/Routing/Router.php(800): Illuminate\\Routing\\Router->runRouteWithinStack()
#20 /home/jaycee/Projects/Email-Marketing/vendor/laravel/framework/src/Illuminate/Routing/Router.php(764): Illuminate\\Routing\\Router->runRoute()
#21 /home/jaycee/Projects/Email-Marketing/vendor/laravel/framework/src/Illuminate/Routing/Router.php(753): Illuminate\\Routing\\Router->dispatchToRoute()
#22 /home/jaycee/Projects/Email-Marketing/vendor/laravel/framework/src/Illuminate/Foundation/Http/Kernel.php(200): Illuminate\\Routing\\Router->dispatch()
#23 /home/jaycee/Projects/Email-Marketing/vendor/laravel/framework/src/Illuminate/Pipeline/Pipeline.php(180): Illuminate\\Foundation\\Http\\Kernel->Illuminate\\Foundation\\Http\\{closure}()
#24 /home/jaycee/Projects/Email-Marketing/vendor/laravel/framework/src/Illuminate/Foundation/Http/Middleware/TransformsRequest.php(21): Illuminate\\Pipeline\\Pipeline->Illuminate\\Pipeline\\{closure}()
#25 /home/jaycee/Projects/Email-Marketing/vendor/laravel/framework/src/Illuminate/Foundation/Http/Middleware/ConvertEmptyStringsToNull.php(31): Illuminate\\Foundation\\Http\\Middleware\\TransformsRequest->handle()
#26 /home/jaycee/Projects/Email-Marketing/vendor/laravel/framework/src/Illuminate/Pipeline/Pipeline.php(219): Illuminate\\Foundation\\Http\\Middleware\\ConvertEmptyStringsToNull->handle()
#27 /home/jaycee/Projects/Email-Marketing/vendor/laravel/framework/src/Illuminate/Foundation/Http/Middleware/TransformsRequest.php(21): Illuminate\\Pipeline\\Pipeline->Illuminate\\Pipeline\\{closure}()
#28 /home/jaycee/Projects/Email-Marketing/vendor/laravel/framework/src/Illuminate/Foundation/Http/Middleware/TrimStrings.php(51): Illuminate\\Foundation\\Http\\Middleware\\TransformsRequest->handle()
#29 /home/jaycee/Projects/Email-Marketing/vendor/laravel/framework/src/Illuminate/Pipeline/Pipeline.php(219): Illuminate\\Foundation\\Http\\Middleware\\TrimStrings->handle()
#30 /home/jaycee/Projects/Email-Marketing/vendor/laravel/framework/src/Illuminate/Http/Middleware/ValidatePostSize.php(27): Illuminate\\Pipeline\\Pipeline->Illuminate\\Pipeline\\{closure}()
#31 /home/jaycee/Projects/Email-Marketing/vendor/laravel/framework/src/Illuminate/Pipeline/Pipeline.php(219): Illuminate\\Http\\Middleware\\ValidatePostSize->handle()
#32 /home/jaycee/Projects/Email-Marketing/vendor/laravel/framework/src/Illuminate/Foundation/Http/Middleware/PreventRequestsDuringMaintenance.php(109): Illuminate\\Pipeline\\Pipeline->Illuminate\\Pipeline\\{closure}()
#33 /home/jaycee/Projects/Email-Marketing/vendor/laravel/framework/src/Illuminate/Pipeline/Pipeline.php(219): Illuminate\\Foundation\\Http\\Middleware\\PreventRequestsDuringMaintenance->handle()
#34 /home/jaycee/Projects/Email-Marketing/vendor/laravel/framework/src/Illuminate/Http/Middleware/HandleCors.php(61): Illuminate\\Pipeline\\Pipeline->Illuminate\\Pipeline\\{closure}()
#35 /home/jaycee/Projects/Email-Marketing/vendor/laravel/framework/src/Illuminate/Pipeline/Pipeline.php(219): Illuminate\\Http\\Middleware\\HandleCors->handle()
#36 /home/jaycee/Projects/Email-Marketing/vendor/laravel/framework/src/Illuminate/Http/Middleware/TrustProxies.php(58): Illuminate\\Pipeline\\Pipeline->Illuminate\\Pipeline\\{closure}()
#37 /home/jaycee/Projects/Email-Marketing/vendor/laravel/framework/src/Illuminate/Pipeline/Pipeline.php(219): Illuminate\\Http\\Middleware\\TrustProxies->handle()
#38 /home/jaycee/Projects/Email-Marketing/vendor/laravel/framework/src/Illuminate/Foundation/Http/Middleware/InvokeDeferredCallbacks.php(22): Illuminate\\Pipeline\\Pipeline->Illuminate\\Pipeline\\{closure}()
#39 /home/jaycee/Projects/Email-Marketing/vendor/laravel/framework/src/Illuminate/Pipeline/Pipeline.php(219): Illuminate\\Foundation\\Http\\Middleware\\InvokeDeferredCallbacks->handle()
#40 /home/jaycee/Projects/Email-Marketing/vendor/laravel/framework/src/Illuminate/Http/Middleware/ValidatePathEncoding.php(26): Illuminate\\Pipeline\\Pipeline->Illuminate\\Pipeline\\{closure}()
#41 /home/jaycee/Projects/Email-Marketing/vendor/laravel/framework/src/Illuminate/Pipeline/Pipeline.php(219): Illuminate\\Http\\Middleware\\ValidatePathEncoding->handle()
#42 /home/jaycee/Projects/Email-Marketing/vendor/laravel/framework/src/Illuminate/Pipeline/Pipeline.php(137): Illuminate\\Pipeline\\Pipeline->Illuminate\\Pipeline\\{closure}()
#43 /home/jaycee/Projects/Email-Marketing/vendor/laravel/framework/src/Illuminate/Foundation/Http/Kernel.php(175): Illuminate\\Pipeline\\Pipeline->then()
#44 /home/jaycee/Projects/Email-Marketing/vendor/laravel/framework/src/Illuminate/Foundation/Http/Kernel.php(144): Illuminate\\Foundation\\Http\\Kernel->sendRequestThroughRouter()
#45 /home/jaycee/Projects/Email-Marketing/vendor/laravel/framework/src/Illuminate/Foundation/Application.php(1220): Illuminate\\Foundation\\Http\\Kernel->handle()
#46 /home/jaycee/Projects/Email-Marketing/public/index.php(20): Illuminate\\Foundation\\Application->handleRequest()
#47 /home/jaycee/Projects/Email-Marketing/vendor/laravel/framework/src/Illuminate/Foundation/resources/server.php(23): require_once('...')
#48 {main}

[previous exception] [object] (PDOException(code: 0): could not find driver at /home/jaycee/Projects/Email-Marketing/vendor/laravel/framework/src/Illuminate/Database/Connectors/Connector.php:66)
[stacktrace]
#0 /home/jaycee/Projects/Email-Marketing/vendor/laravel/framework/src/Illuminate/Database/Connectors/Connector.php(66): PDO->__construct()
#1 /home/jaycee/Projects/Email-Marketing/vendor/laravel/framework/src/Illuminate/Database/Connectors/Connector.php(44): Illuminate\\Database\\Connectors\\Connector->createPdoConnection()
#2 /home/jaycee/Projects/Email-Marketing/vendor/laravel/framework/src/Illuminate/Database/Connectors/PostgresConnector.php(35): Illuminate\\Database\\Connectors\\Connector->createConnection()
#3 /home/jaycee/Projects/Email-Marketing/vendor/laravel/framework/src/Illuminate/Database/Connectors/ConnectionFactory.php(184): Illuminate\\Database\\Connectors\\PostgresConnector->connect()
#4 [internal function]: Illuminate\\Database\\Connectors\\ConnectionFactory->Illuminate\\Database\\Connectors\\{closure}()
#5 /home/jaycee/Projects/Email-Marketing/vendor/laravel/framework/src/Illuminate/Database/Connection.php(1230): call_user_func()
#6 /home/jaycee/Projects/Email-Marketing/vendor/laravel/framework/src/Illuminate/Database/Connection.php(1266): Illuminate\\Database\\Connection->getPdo()
#7 /home/jaycee/Projects/Email-Marketing/vendor/laravel/framework/src/Illuminate/Database/Connection.php(511): Illuminate\\Database\\Connection->getReadPdo()
#8 /home/jaycee/Projects/Email-Marketing/vendor/laravel/framework/src/Illuminate/Database/Connection.php(406): Illuminate\\Database\\Connection->getPdoForSelect()
#9 /home/jaycee/Projects/Email-Marketing/vendor/laravel/framework/src/Illuminate/Database/Connection.php(811): Illuminate\\Database\\Connection->Illuminate\\Database\\{closure}()
#10 /home/jaycee/Projects/Email-Marketing/vendor/laravel/framework/src/Illuminate/Database/Connection.php(778): Illuminate\\Database\\Connection->runQueryCallback()
#11 /home/jaycee/Projects/Email-Marketing/vendor/laravel/framework/src/Illuminate/Database/Connection.php(397): Illuminate\\Database\\Connection->run()
#12 /home/jaycee/Projects/Email-Marketing/vendor/laravel/framework/src/Illuminate/Database/Query/Builder.php(3188): Illuminate\\Database\\Connection->select()
#13 /home/jaycee/Projects/Email-Marketing/vendor/laravel/framework/src/Illuminate/Database/Query/Builder.php(3173): Illuminate\\Database\\Query\\Builder->runSelect()
#14 /home/jaycee/Projects/Email-Marketing/vendor/laravel/framework/src/Illuminate/Database/Query/Builder.php(3763): Illuminate\\Database\\Query\\Builder->Illuminate\\Database\\Query\\{closure}()
#15 /home/jaycee/Projects/Email-Marketing/vendor/laravel/framework/src/Illuminate/Database/Query/Builder.php(3172): Illuminate\\Database\\Query\\Builder->onceWithColumns()
#16 /home/jaycee/Projects/Email-Marketing/vendor/laravel/framework/src/Illuminate/Database/Eloquent/Builder.php(902): Illuminate\\Database\\Query\\Builder->get()
#17 /home/jaycee/Projects/Email-Marketing/vendor/laravel/framework/src/Illuminate/Database/Eloquent/Builder.php(884): Illuminate\\Database\\Eloquent\\Builder->getModels()
#18 /home/jaycee/Projects/Email-Marketing/vendor/laravel/framework/src/Illuminate/Database/Concerns/BuildsQueries.php(366): Illuminate\\Database\\Eloquent\\Builder->get()
#19 /home/jaycee/Projects/Email-Marketing/app/Http/Controllers/Api/AuthController.php(42): Illuminate\\Database\\Eloquent\\Builder->first()
#20 /home/jaycee/Projects/Email-Marketing/vendor/laravel/framework/src/Illuminate/Routing/ControllerDispatcher.php(46): App\\Http\\Controllers\\Api\\AuthController->login()
#21 /home/jaycee/Projects/Email-Marketing/vendor/laravel/framework/src/Illuminate/Routing/Route.php(265): Illuminate\\Routing\\ControllerDispatcher->dispatch()
#22 /home/jaycee/Projects/Email-Marketing/vendor/laravel/framework/src/Illuminate/Routing/Route.php(211): Illuminate\\Routing\\Route->runController()
#23 /home/jaycee/Projects/Email-Marketing/vendor/laravel/framework/src/Illuminate/Routing/Router.php(822): Illuminate\\Routing\\Route->run()
#24 /home/jaycee/Projects/Email-Marketing/vendor/laravel/framework/src/Illuminate/Pipeline/Pipeline.php(180): Illuminate\\Routing\\Router->Illuminate\\Routing\\{closure}()
#25 /home/jaycee/Projects/Email-Marketing/vendor/laravel/framework/src/Illuminate/Routing/Middleware/SubstituteBindings.php(50): Illuminate\\Pipeline\\Pipeline->Illuminate\\Pipeline\\{closure}()
#26 /home/jaycee/Projects/Email-Marketing/vendor/laravel/framework/src/Illuminate/Pipeline/Pipeline.php(219): Illuminate\\Routing\\Middleware\\SubstituteBindings->handle()
#27 /home/jaycee/Projects/Email-Marketing/vendor/laravel/framework/src/Illuminate/Pipeline/Pipeline.php(137): Illuminate\\Pipeline\\Pipeline->Illuminate\\Pipeline\\{closure}()
#28 /home/jaycee/Projects/Email-Marketing/vendor/laravel/framework/src/Illuminate/Routing/Router.php(821): Illuminate\\Pipeline\\Pipeline->then()
#29 /home/jaycee/Projects/Email-Marketing/vendor/laravel/framework/src/Illuminate/Routing/Router.php(800): Illuminate\\Routing\\Router->runRouteWithinStack()
#30 /home/jaycee/Projects/Email-Marketing/vendor/laravel/framework/src/Illuminate/Routing/Router.php(764): Illuminate\\Routing\\Router->runRoute()
#31 /home/jaycee/Projects/Email-Marketing/vendor/laravel/framework/src/Illuminate/Routing/Router.php(753): Illuminate\\Routing\\Router->dispatchToRoute()
#32 /home/jaycee/Projects/Email-Marketing/vendor/laravel/framework/src/Illuminate/Foundation/Http/Kernel.php(200): Illuminate\\Routing\\Router->dispatch()
#33 /home/jaycee/Projects/Email-Marketing/vendor/laravel/framework/src/Illuminate/Pipeline/Pipeline.php(180): Illuminate\\Foundation\\Http\\Kernel->Illuminate\\Foundation\\Http\\{closure}()
#34 /home/jaycee/Projects/Email-Marketing/vendor/laravel/framework/src/Illuminate/Foundation/Http/Middleware/TransformsRequest.php(21): Illuminate\\Pipeline\\Pipeline->Illuminate\\Pipeline\\{closure}()
#35 /home/jaycee/Projects/Email-Marketing/vendor/laravel/framework/src/Illuminate/Foundation/Http/Middleware/ConvertEmptyStringsToNull.php(31): Illuminate\\Foundation\\Http\\Middleware\\TransformsRequest->handle()
#36 /home/jaycee/Projects/Email-Marketing/vendor/laravel/framework/src/Illuminate/Pipeline/Pipeline.php(219): Illuminate\\Foundation\\Http\\Middleware\\ConvertEmptyStringsToNull->handle()
#37 /home/jaycee/Projects/Email-Marketing/vendor/laravel/framework/src/Illuminate/Foundation/Http/Middleware/TransformsRequest.php(21): Illuminate\\Pipeline\\Pipeline->Illuminate\\Pipeline\\{closure}()
#38 /home/jaycee/Projects/Email-Marketing/vendor/laravel/framework/src/Illuminate/Foundation/Http/Middleware/TrimStrings.php(51): Illuminate\\Foundation\\Http\\Middleware\\TransformsRequest->handle()
#39 /home/jaycee/Projects/Email-Marketing/vendor/laravel/framework/src/Illuminate/Pipeline/Pipeline.php(219): Illuminate\\Foundation\\Http\\Middleware\\TrimStrings->handle()
#40 /home/jaycee/Projects/Email-Marketing/vendor/laravel/framework/src/Illuminate/Http/Middleware/ValidatePostSize.php(27): Illuminate\\Pipeline\\Pipeline->Illuminate\\Pipeline\\{closure}()
#41 /home/jaycee/Projects/Email-Marketing/vendor/laravel/framework/src/Illuminate/Pipeline/Pipeline.php(219): Illuminate\\Http\\Middleware\\ValidatePostSize->handle()
#42 /home/jaycee/Projects/Email-Marketing/vendor/laravel/framework/src/Illuminate/Foundation/Http/Middleware/PreventRequestsDuringMaintenance.php(109): Illuminate\\Pipeline\\Pipeline->Illuminate\\Pipeline\\{closure}()
#43 /home/jaycee/Projects/Email-Marketing/vendor/laravel/framework/src/Illuminate/Pipeline/Pipeline.php(219): Illuminate\\Foundation\\Http\\Middleware\\PreventRequestsDuringMaintenance->handle()
#44 /home/jaycee/Projects/Email-Marketing/vendor/laravel/framework/src/Illuminate/Http/Middleware/HandleCors.php(61): Illuminate\\Pipeline\\Pipeline->Illuminate\\Pipeline\\{closure}()
#45 /home/jaycee/Projects/Email-Marketing/vendor/laravel/framework/src/Illuminate/Pipeline/Pipeline.php(219): Illuminate\\Http\\Middleware\\HandleCors->handle()
#46 /home/jaycee/Projects/Email-Marketing/vendor/laravel/framework/src/Illuminate/Http/Middleware/TrustProxies.php(58): Illuminate\\Pipeline\\Pipeline->Illuminate\\Pipeline\\{closure}()
#47 /home/jaycee/Projects/Email-Marketing/vendor/laravel/framework/src/Illuminate/Pipeline/Pipeline.php(219): Illuminate\\Http\\Middleware\\TrustProxies->handle()
#48 /home/jaycee/Projects/Email-Marketing/vendor/laravel/framework/src/Illuminate/Foundation/Http/Middleware/InvokeDeferredCallbacks.php(22): Illuminate\\Pipeline\\Pipeline->Illuminate\\Pipeline\\{closure}()
#49 /home/jaycee/Projects/Email-Marketing/vendor/laravel/framework/src/Illuminate/Pipeline/Pipeline.php(219): Illuminate\\Foundation\\Http\\Middleware\\InvokeDeferredCallbacks->handle()
#50 /home/jaycee/Projects/Email-Marketing/vendor/laravel/framework/src/Illuminate/Http/Middleware/ValidatePathEncoding.php(26): Illuminate\\Pipeline\\Pipeline->Illuminate\\Pipeline\\{closure}()
#51 /home/jaycee/Projects/Email-Marketing/vendor/laravel/framework/src/Illuminate/Pipeline/Pipeline.php(219): Illuminate\\Http\\Middleware\\ValidatePathEncoding->handle()
#52 /home/jaycee/Projects/Email-Marketing/vendor/laravel/framework/src/Illuminate/Pipeline/Pipeline.php(137): Illuminate\\Pipeline\\Pipeline->Illuminate\\Pipeline\\{closure}()
#53 /home/jaycee/Projects/Email-Marketing/vendor/laravel/framework/src/Illuminate/Foundation/Http/Kernel.php(175): Illuminate\\Pipeline\\Pipeline->then()
#54 /home/jaycee/Projects/Email-Marketing/vendor/laravel/framework/src/Illuminate/Foundation/Http/Kernel.php(144): Illuminate\\Foundation\\Http\\Kernel->sendRequestThroughRouter()
#55 /home/jaycee/Projects/Email-Marketing/vendor/laravel/framework/src/Illuminate/Foundation/Application.php(1220): Illuminate\\Foundation\\Http\\Kernel->handle()
#56 /home/jaycee/Projects/Email-Marketing/public/index.php(20): Illuminate\\Foundation\\Application->handleRequest()
#57 /home/jaycee/Projects/Email-Marketing/vendor/laravel/framework/src/Illuminate/Foundation/resources/server.php(23): require_once('...')
#58 {main}
"} 
[2026-06-27 13:31:50] local.ERROR: SQLSTATE[08006] [7] connection to server at "127.0.0.1", port 5433 failed: Connection refused
	Is the server running on that host and accepting TCP/IP connections? (Connection: pgsql, SQL: select * from "users" where "email" = demo@sendflow.test limit 1) {"exception":"[object] (Illuminate\\Database\\QueryException(code: 7): SQLSTATE[08006] [7] connection to server at \"127.0.0.1\", port 5433 failed: Connection refused
\tIs the server running on that host and accepting TCP/IP connections? (Connection: pgsql, SQL: select * from \"users\" where \"email\" = demo@sendflow.test limit 1) at /var/www/html/vendor/laravel/framework/src/Illuminate/Database/Connection.php:824)
[stacktrace]
#0 /var/www/html/vendor/laravel/framework/src/Illuminate/Database/Connection.php(778): Illuminate\\Database\\Connection->runQueryCallback('select * from \"...', Array, Object(Closure))
#1 /var/www/html/vendor/laravel/framework/src/Illuminate/Database/Connection.php(397): Illuminate\\Database\\Connection->run('select * from \"...', Array, Object(Closure))
#2 /var/www/html/vendor/laravel/framework/src/Illuminate/Database/Query/Builder.php(3188): Illuminate\\Database\\Connection->select('select * from \"...', Array, true)
#3 /var/www/html/vendor/laravel/framework/src/Illuminate/Database/Query/Builder.php(3173): Illuminate\\Database\\Query\\Builder->runSelect()
#4 /var/www/html/vendor/laravel/framework/src/Illuminate/Database/Query/Builder.php(3763): Illuminate\\Database\\Query\\Builder->Illuminate\\Database\\Query\\{closure}()
#5 /var/www/html/vendor/laravel/framework/src/Illuminate/Database/Query/Builder.php(3172): Illuminate\\Database\\Query\\Builder->onceWithColumns(Array, Object(Closure))
#6 /var/www/html/vendor/laravel/framework/src/Illuminate/Database/Eloquent/Builder.php(902): Illuminate\\Database\\Query\\Builder->get(Array)
#7 /var/www/html/vendor/laravel/framework/src/Illuminate/Database/Eloquent/Builder.php(884): Illuminate\\Database\\Eloquent\\Builder->getModels(Array)
#8 /var/www/html/vendor/laravel/framework/src/Illuminate/Database/Concerns/BuildsQueries.php(366): Illuminate\\Database\\Eloquent\\Builder->get(Array)
#9 /var/www/html/app/Http/Controllers/Api/AuthController.php(42): Illuminate\\Database\\Eloquent\\Builder->first()
#10 /var/www/html/vendor/laravel/framework/src/Illuminate/Routing/ControllerDispatcher.php(46): App\\Http\\Controllers\\Api\\AuthController->login(Object(Illuminate\\Http\\Request))
#11 /var/www/html/vendor/laravel/framework/src/Illuminate/Routing/Route.php(265): Illuminate\\Routing\\ControllerDispatcher->dispatch(Object(Illuminate\\Routing\\Route), Object(App\\Http\\Controllers\\Api\\AuthController), 'login')
#12 /var/www/html/vendor/laravel/framework/src/Illuminate/Routing/Route.php(211): Illuminate\\Routing\\Route->runController()
#13 /var/www/html/vendor/laravel/framework/src/Illuminate/Routing/Router.php(822): Illuminate\\Routing\\Route->run()
#14 /var/www/html/vendor/laravel/framework/src/Illuminate/Pipeline/Pipeline.php(180): Illuminate\\Routing\\Router->Illuminate\\Routing\\{closure}(Object(Illuminate\\Http\\Request))
#15 /var/www/html/vendor/laravel/framework/src/Illuminate/Routing/Middleware/SubstituteBindings.php(50): Illuminate\\Pipeline\\Pipeline->Illuminate\\Pipeline\\{closure}(Object(Illuminate\\Http\\Request))
#16 /var/www/html/vendor/laravel/framework/src/Illuminate/Pipeline/Pipeline.php(219): Illuminate\\Routing\\Middleware\\SubstituteBindings->handle(Object(Illuminate\\Http\\Request), Object(Closure))
#17 /var/www/html/vendor/laravel/framework/src/Illuminate/Pipeline/Pipeline.php(137): Illuminate\\Pipeline\\Pipeline->Illuminate\\Pipeline\\{closure}(Object(Illuminate\\Http\\Request))
#18 /var/www/html/vendor/laravel/framework/src/Illuminate/Routing/Router.php(821): Illuminate\\Pipeline\\Pipeline->then(Object(Closure))
#19 /var/www/html/vendor/laravel/framework/src/Illuminate/Routing/Router.php(800): Illuminate\\Routing\\Router->runRouteWithinStack(Object(Illuminate\\Routing\\Route), Object(Illuminate\\Http\\Request))
#20 /var/www/html/vendor/laravel/framework/src/Illuminate/Routing/Router.php(764): Illuminate\\Routing\\Router->runRoute(Object(Illuminate\\Http\\Request), Object(Illuminate\\Routing\\Route))
#21 /var/www/html/vendor/laravel/framework/src/Illuminate/Routing/Router.php(753): Illuminate\\Routing\\Router->dispatchToRoute(Object(Illuminate\\Http\\Request))
#22 /var/www/html/vendor/laravel/framework/src/Illuminate/Foundation/Http/Kernel.php(200): Illuminate\\Routing\\Router->dispatch(Object(Illuminate\\Http\\Request))
#23 /var/www/html/vendor/laravel/framework/src/Illuminate/Pipeline/Pipeline.php(180): Illuminate\\Foundation\\Http\\Kernel->Illuminate\\Foundation\\Http\\{closure}(Object(Illuminate\\Http\\Request))
#24 /var/www/html/vendor/laravel/framework/src/Illuminate/Foundation/Http/Middleware/TransformsRequest.php(21): Illuminate\\Pipeline\\Pipeline->Illuminate\\Pipeline\\{closure}(Object(Illuminate\\Http\\Request))
#25 /var/www/html/vendor/laravel/framework/src/Illuminate/Foundation/Http/Middleware/ConvertEmptyStringsToNull.php(31): Illuminate\\Foundation\\Http\\Middleware\\TransformsRequest->handle(Object(Illuminate\\Http\\Request), Object(Closure))
#26 /var/www/html/vendor/laravel/framework/src/Illuminate/Pipeline/Pipeline.php(219): Illuminate\\Foundation\\Http\\Middleware\\ConvertEmptyStringsToNull->handle(Object(Illuminate\\Http\\Request), Object(Closure))
#27 /var/www/html/vendor/laravel/framework/src/Illuminate/Foundation/Http/Middleware/TransformsRequest.php(21): Illuminate\\Pipeline\\Pipeline->Illuminate\\Pipeline\\{closure}(Object(Illuminate\\Http\\Request))
#28 /var/www/html/vendor/laravel/framework/src/Illuminate/Foundation/Http/Middleware/TrimStrings.php(51): Illuminate\\Foundation\\Http\\Middleware\\TransformsRequest->handle(Object(Illuminate\\Http\\Request), Object(Closure))
#29 /var/www/html/vendor/laravel/framework/src/Illuminate/Pipeline/Pipeline.php(219): Illuminate\\Foundation\\Http\\Middleware\\TrimStrings->handle(Object(Illuminate\\Http\\Request), Object(Closure))
#30 /var/www/html/vendor/laravel/framework/src/Illuminate/Http/Middleware/ValidatePostSize.php(27): Illuminate\\Pipeline\\Pipeline->Illuminate\\Pipeline\\{closure}(Object(Illuminate\\Http\\Request))
#31 /var/www/html/vendor/laravel/framework/src/Illuminate/Pipeline/Pipeline.php(219): Illuminate\\Http\\Middleware\\ValidatePostSize->handle(Object(Illuminate\\Http\\Request), Object(Closure))
#32 /var/www/html/vendor/laravel/framework/src/Illuminate/Foundation/Http/Middleware/PreventRequestsDuringMaintenance.php(109): Illuminate\\Pipeline\\Pipeline->Illuminate\\Pipeline\\{closure}(Object(Illuminate\\Http\\Request))
#33 /var/www/html/vendor/laravel/framework/src/Illuminate/Pipeline/Pipeline.php(219): Illuminate\\Foundation\\Http\\Middleware\\PreventRequestsDuringMaintenance->handle(Object(Illuminate\\Http\\Request), Object(Closure))
#34 /var/www/html/vendor/laravel/framework/src/Illuminate/Http/Middleware/HandleCors.php(61): Illuminate\\Pipeline\\Pipeline->Illuminate\\Pipeline\\{closure}(Object(Illuminate\\Http\\Request))
#35 /var/www/html/vendor/laravel/framework/src/Illuminate/Pipeline/Pipeline.php(219): Illuminate\\Http\\Middleware\\HandleCors->handle(Object(Illuminate\\Http\\Request), Object(Closure))
#36 /var/www/html/vendor/laravel/framework/src/Illuminate/Http/Middleware/TrustProxies.php(58): Illuminate\\Pipeline\\Pipeline->Illuminate\\Pipeline\\{closure}(Object(Illuminate\\Http\\Request))
#37 /var/www/html/vendor/laravel/framework/src/Illuminate/Pipeline/Pipeline.php(219): Illuminate\\Http\\Middleware\\TrustProxies->handle(Object(Illuminate\\Http\\Request), Object(Closure))
#38 /var/www/html/vendor/laravel/framework/src/Illuminate/Foundation/Http/Middleware/InvokeDeferredCallbacks.php(22): Illuminate\\Pipeline\\Pipeline->Illuminate\\Pipeline\\{closure}(Object(Illuminate\\Http\\Request))
#39 /var/www/html/vendor/laravel/framework/src/Illuminate/Pipeline/Pipeline.php(219): Illuminate\\Foundation\\Http\\Middleware\\InvokeDeferredCallbacks->handle(Object(Illuminate\\Http\\Request), Object(Closure))
#40 /var/www/html/vendor/laravel/framework/src/Illuminate/Http/Middleware/ValidatePathEncoding.php(26): Illuminate\\Pipeline\\Pipeline->Illuminate\\Pipeline\\{closure}(Object(Illuminate\\Http\\Request))
#41 /var/www/html/vendor/laravel/framework/src/Illuminate/Pipeline/Pipeline.php(219): Illuminate\\Http\\Middleware\\ValidatePathEncoding->handle(Object(Illuminate\\Http\\Request), Object(Closure))
#42 /var/www/html/vendor/laravel/framework/src/Illuminate/Pipeline/Pipeline.php(137): Illuminate\\Pipeline\\Pipeline->Illuminate\\Pipeline\\{closure}(Object(Illuminate\\Http\\Request))
#43 /var/www/html/vendor/laravel/framework/src/Illuminate/Foundation/Http/Kernel.php(175): Illuminate\\Pipeline\\Pipeline->then(Object(Closure))
#44 /var/www/html/vendor/laravel/framework/src/Illuminate/Foundation/Http/Kernel.php(144): Illuminate\\Foundation\\Http\\Kernel->sendRequestThroughRouter(Object(Illuminate\\Http\\Request))
#45 /var/www/html/vendor/laravel/framework/src/Illuminate/Foundation/Application.php(1220): Illuminate\\Foundation\\Http\\Kernel->handle(Object(Illuminate\\Http\\Request))
#46 /var/www/html/public/index.php(20): Illuminate\\Foundation\\Application->handleRequest(Object(Illuminate\\Http\\Request))
#47 /var/www/html/vendor/laravel/framework/src/Illuminate/Foundation/resources/server.php(23): require_once('/var/www/html/p...')
#48 {main}

[previous exception] [object] (PDOException(code: 7): SQLSTATE[08006] [7] connection to server at \"127.0.0.1\", port 5433 failed: Connection refused
\tIs the server running on that host and accepting TCP/IP connections? at /var/www/html/vendor/laravel/framework/src/Illuminate/Database/Connectors/Connector.php:66)
[stacktrace]
#0 /var/www/html/vendor/laravel/framework/src/Illuminate/Database/Connectors/Connector.php(66): PDO->__construct('pgsql:host=127....', 'laravel', Object(SensitiveParameterValue), Array)
#1 /var/www/html/vendor/laravel/framework/src/Illuminate/Database/Connectors/Connector.php(44): Illuminate\\Database\\Connectors\\Connector->createPdoConnection('pgsql:host=127....', 'laravel', Object(SensitiveParameterValue), Array)
#2 /var/www/html/vendor/laravel/framework/src/Illuminate/Database/Connectors/PostgresConnector.php(35): Illuminate\\Database\\Connectors\\Connector->createConnection('pgsql:host=127....', Array, Array)
#3 /var/www/html/vendor/laravel/framework/src/Illuminate/Database/Connectors/ConnectionFactory.php(184): Illuminate\\Database\\Connectors\\PostgresConnector->connect(Array)
#4 [internal function]: Illuminate\\Database\\Connectors\\ConnectionFactory->Illuminate\\Database\\Connectors\\{closure}()
#5 /var/www/html/vendor/laravel/framework/src/Illuminate/Database/Connection.php(1230): call_user_func(Object(Closure))
#6 /var/www/html/vendor/laravel/framework/src/Illuminate/Database/Connection.php(1266): Illuminate\\Database\\Connection->getPdo()
#7 /var/www/html/vendor/laravel/framework/src/Illuminate/Database/Connection.php(511): Illuminate\\Database\\Connection->getReadPdo()
#8 /var/www/html/vendor/laravel/framework/src/Illuminate/Database/Connection.php(406): Illuminate\\Database\\Connection->getPdoForSelect(true)
#9 /var/www/html/vendor/laravel/framework/src/Illuminate/Database/Connection.php(811): Illuminate\\Database\\Connection->Illuminate\\Database\\{closure}('select * from \"...', Array)
#10 /var/www/html/vendor/laravel/framework/src/Illuminate/Database/Connection.php(778): Illuminate\\Database\\Connection->runQueryCallback('select * from \"...', Array, Object(Closure))
#11 /var/www/html/vendor/laravel/framework/src/Illuminate/Database/Connection.php(397): Illuminate\\Database\\Connection->run('select * from \"...', Array, Object(Closure))
#12 /var/www/html/vendor/laravel/framework/src/Illuminate/Database/Query/Builder.php(3188): Illuminate\\Database\\Connection->select('select * from \"...', Array, true)
#13 /var/www/html/vendor/laravel/framework/src/Illuminate/Database/Query/Builder.php(3173): Illuminate\\Database\\Query\\Builder->runSelect()
#14 /var/www/html/vendor/laravel/framework/src/Illuminate/Database/Query/Builder.php(3763): Illuminate\\Database\\Query\\Builder->Illuminate\\Database\\Query\\{closure}()
#15 /var/www/html/vendor/laravel/framework/src/Illuminate/Database/Query/Builder.php(3172): Illuminate\\Database\\Query\\Builder->onceWithColumns(Array, Object(Closure))
#16 /var/www/html/vendor/laravel/framework/src/Illuminate/Database/Eloquent/Builder.php(902): Illuminate\\Database\\Query\\Builder->get(Array)
#17 /var/www/html/vendor/laravel/framework/src/Illuminate/Database/Eloquent/Builder.php(884): Illuminate\\Database\\Eloquent\\Builder->getModels(Array)
#18 /var/www/html/vendor/laravel/framework/src/Illuminate/Database/Concerns/BuildsQueries.php(366): Illuminate\\Database\\Eloquent\\Builder->get(Array)
#19 /var/www/html/app/Http/Controllers/Api/AuthController.php(42): Illuminate\\Database\\Eloquent\\Builder->first()
#20 /var/www/html/vendor/laravel/framework/src/Illuminate/Routing/ControllerDispatcher.php(46): App\\Http\\Controllers\\Api\\AuthController->login(Object(Illuminate\\Http\\Request))
#21 /var/www/html/vendor/laravel/framework/src/Illuminate/Routing/Route.php(265): Illuminate\\Routing\\ControllerDispatcher->dispatch(Object(Illuminate\\Routing\\Route), Object(App\\Http\\Controllers\\Api\\AuthController), 'login')
#22 /var/www/html/vendor/laravel/framework/src/Illuminate/Routing/Route.php(211): Illuminate\\Routing\\Route->runController()
#23 /var/www/html/vendor/laravel/framework/src/Illuminate/Routing/Router.php(822): Illuminate\\Routing\\Route->run()
#24 /var/www/html/vendor/laravel/framework/src/Illuminate/Pipeline/Pipeline.php(180): Illuminate\\Routing\\Router->Illuminate\\Routing\\{closure}(Object(Illuminate\\Http\\Request))
#25 /var/www/html/vendor/laravel/framework/src/Illuminate/Routing/Middleware/SubstituteBindings.php(50): Illuminate\\Pipeline\\Pipeline->Illuminate\\Pipeline\\{closure}(Object(Illuminate\\Http\\Request))
#26 /var/www/html/vendor/laravel/framework/src/Illuminate/Pipeline/Pipeline.php(219): Illuminate\\Routing\\Middleware\\SubstituteBindings->handle(Object(Illuminate\\Http\\Request), Object(Closure))
#27 /var/www/html/vendor/laravel/framework/src/Illuminate/Pipeline/Pipeline.php(137): Illuminate\\Pipeline\\Pipeline->Illuminate\\Pipeline\\{closure}(Object(Illuminate\\Http\\Request))
#28 /var/www/html/vendor/laravel/framework/src/Illuminate/Routing/Router.php(821): Illuminate\\Pipeline\\Pipeline->then(Object(Closure))
#29 /var/www/html/vendor/laravel/framework/src/Illuminate/Routing/Router.php(800): Illuminate\\Routing\\Router->runRouteWithinStack(Object(Illuminate\\Routing\\Route), Object(Illuminate\\Http\\Request))
#30 /var/www/html/vendor/laravel/framework/src/Illuminate/Routing/Router.php(764): Illuminate\\Routing\\Router->runRoute(Object(Illuminate\\Http\\Request), Object(Illuminate\\Routing\\Route))
#31 /var/www/html/vendor/laravel/framework/src/Illuminate/Routing/Router.php(753): Illuminate\\Routing\\Router->dispatchToRoute(Object(Illuminate\\Http\\Request))
#32 /var/www/html/vendor/laravel/framework/src/Illuminate/Foundation/Http/Kernel.php(200): Illuminate\\Routing\\Router->dispatch(Object(Illuminate\\Http\\Request))
#33 /var/www/html/vendor/laravel/framework/src/Illuminate/Pipeline/Pipeline.php(180): Illuminate\\Foundation\\Http\\Kernel->Illuminate\\Foundation\\Http\\{closure}(Object(Illuminate\\Http\\Request))
#34 /var/www/html/vendor/laravel/framework/src/Illuminate/Foundation/Http/Middleware/TransformsRequest.php(21): Illuminate\\Pipeline\\Pipeline->Illuminate\\Pipeline\\{closure}(Object(Illuminate\\Http\\Request))
#35 /var/www/html/vendor/laravel/framework/src/Illuminate/Foundation/Http/Middleware/ConvertEmptyStringsToNull.php(31): Illuminate\\Foundation\\Http\\Middleware\\TransformsRequest->handle(Object(Illuminate\\Http\\Request), Object(Closure))
#36 /var/www/html/vendor/laravel/framework/src/Illuminate/Pipeline/Pipeline.php(219): Illuminate\\Foundation\\Http\\Middleware\\ConvertEmptyStringsToNull->handle(Object(Illuminate\\Http\\Request), Object(Closure))
#37 /var/www/html/vendor/laravel/framework/src/Illuminate/Foundation/Http/Middleware/TransformsRequest.php(21): Illuminate\\Pipeline\\Pipeline->Illuminate\\Pipeline\\{closure}(Object(Illuminate\\Http\\Request))
#38 /var/www/html/vendor/laravel/framework/src/Illuminate/Foundation/Http/Middleware/TrimStrings.php(51): Illuminate\\Foundation\\Http\\Middleware\\TransformsRequest->handle(Object(Illuminate\\Http\\Request), Object(Closure))
#39 /var/www/html/vendor/laravel/framework/src/Illuminate/Pipeline/Pipeline.php(219): Illuminate\\Foundation\\Http\\Middleware\\TrimStrings->handle(Object(Illuminate\\Http\\Request), Object(Closure))
#40 /var/www/html/vendor/laravel/framework/src/Illuminate/Http/Middleware/ValidatePostSize.php(27): Illuminate\\Pipeline\\Pipeline->Illuminate\\Pipeline\\{closure}(Object(Illuminate\\Http\\Request))
#41 /var/www/html/vendor/laravel/framework/src/Illuminate/Pipeline/Pipeline.php(219): Illuminate\\Http\\Middleware\\ValidatePostSize->handle(Object(Illuminate\\Http\\Request), Object(Closure))
#42 /var/www/html/vendor/laravel/framework/src/Illuminate/Foundation/Http/Middleware/PreventRequestsDuringMaintenance.php(109): Illuminate\\Pipeline\\Pipeline->Illuminate\\Pipeline\\{closure}(Object(Illuminate\\Http\\Request))
#43 /var/www/html/vendor/laravel/framework/src/Illuminate/Pipeline/Pipeline.php(219): Illuminate\\Foundation\\Http\\Middleware\\PreventRequestsDuringMaintenance->handle(Object(Illuminate\\Http\\Request), Object(Closure))
#44 /var/www/html/vendor/laravel/framework/src/Illuminate/Http/Middleware/HandleCors.php(61): Illuminate\\Pipeline\\Pipeline->Illuminate\\Pipeline\\{closure}(Object(Illuminate\\Http\\Request))
#45 /var/www/html/vendor/laravel/framework/src/Illuminate/Pipeline/Pipeline.php(219): Illuminate\\Http\\Middleware\\HandleCors->handle(Object(Illuminate\\Http\\Request), Object(Closure))
#46 /var/www/html/vendor/laravel/framework/src/Illuminate/Http/Middleware/TrustProxies.php(58): Illuminate\\Pipeline\\Pipeline->Illuminate\\Pipeline\\{closure}(Object(Illuminate\\Http\\Request))
#47 /var/www/html/vendor/laravel/framework/src/Illuminate/Pipeline/Pipeline.php(219): Illuminate\\Http\\Middleware\\TrustProxies->handle(Object(Illuminate\\Http\\Request), Object(Closure))
#48 /var/www/html/vendor/laravel/framework/src/Illuminate/Foundation/Http/Middleware/InvokeDeferredCallbacks.php(22): Illuminate\\Pipeline\\Pipeline->Illuminate\\Pipeline\\{closure}(Object(Illuminate\\Http\\Request))
#49 /var/www/html/vendor/laravel/framework/src/Illuminate/Pipeline/Pipeline.php(219): Illuminate\\Foundation\\Http\\Middleware\\InvokeDeferredCallbacks->handle(Object(Illuminate\\Http\\Request), Object(Closure))
#50 /var/www/html/vendor/laravel/framework/src/Illuminate/Http/Middleware/ValidatePathEncoding.php(26): Illuminate\\Pipeline\\Pipeline->Illuminate\\Pipeline\\{closure}(Object(Illuminate\\Http\\Request))
#51 /var/www/html/vendor/laravel/framework/src/Illuminate/Pipeline/Pipeline.php(219): Illuminate\\Http\\Middleware\\ValidatePathEncoding->handle(Object(Illuminate\\Http\\Request), Object(Closure))
#52 /var/www/html/vendor/laravel/framework/src/Illuminate/Pipeline/Pipeline.php(137): Illuminate\\Pipeline\\Pipeline->Illuminate\\Pipeline\\{closure}(Object(Illuminate\\Http\\Request))
#53 /var/www/html/vendor/laravel/framework/src/Illuminate/Foundation/Http/Kernel.php(175): Illuminate\\Pipeline\\Pipeline->then(Object(Closure))
#54 /var/www/html/vendor/laravel/framework/src/Illuminate/Foundation/Http/Kernel.php(144): Illuminate\\Foundation\\Http\\Kernel->sendRequestThroughRouter(Object(Illuminate\\Http\\Request))
#55 /var/www/html/vendor/laravel/framework/src/Illuminate/Foundation/Application.php(1220): Illuminate\\Foundation\\Http\\Kernel->handle(Object(Illuminate\\Http\\Request))
#56 /var/www/html/public/index.php(20): Illuminate\\Foundation\\Application->handleRequest(Object(Illuminate\\Http\\Request))
#57 /var/www/html/vendor/laravel/framework/src/Illuminate/Foundation/resources/server.php(23): require_once('/var/www/html/p...')
#58 {main}
"} 
